Workbook

Sheet 1.응답스펙트럼예제
A1: Hs | B1: 15.5
A2: Tz | B2: 1
A3: w0 | B3: Wave spetrum | C3: RAO^2 | D3: Respone spectrum | E3: Mo
A4: 0.05 | B4: =$B$1^2*(2*PI())^4*A4^-5/4/PI()/$B$2^4*EXP((-1/PI())*(2*PI()/$B$2)^4*A4^-4) -> 0 | C4: ='2.VBM_RAO'!D6^2 -> 0 | D4: =B4*C4 -> 0 | E4: =D4*(A5-A4) -> 0
A5: 0.07875 | B5: =$B$1^2*(2*PI())^4*A5^-5/4/PI()/$B$2^4*EXP((-1/PI())*(2*PI()/$B$2)^4*A5^-4) -> 0 | C5: ='2.VBM_RAO'!D7^2 -> 1.6e-09 | D5: =B5*C5 -> 0 | E5: =D5*(A6-A5) -> 0
A6: 0.1075 | B6: =$B$1^2*(2*PI())^4*A6^-5/4/PI()/$B$2^4*EXP((-1/PI())*(2*PI()/$B$2)^4*A6^-4) -> 0 | C6: ='2.VBM_RAO'!D8^2 -> 3.24e-08 | D6: =B6*C6 -> 0 | E6: =D6*(A7-A6) -> 0
A7: 0.13625 | B7: =$B$1^2*(2*PI())^4*A7^-5/4/PI()/$B$2^4*EXP((-1/PI())*(2*PI()/$B$2)^4*A7^-4) -> 0 | C7: ='2.VBM_RAO'!D9^2 -> 2.304e-07 | D7: =B7*C7 -> 0 | E7: =D7*(A8-A7) -> 0
A8: 0.165 | B8: =$B$1^2*(2*PI())^4*A8^-5/4/PI()/$B$2^4*EXP((-1/PI())*(2*PI()/$B$2)^4*A8^-4) -> 0 | C8: ='2.VBM_RAO'!D10^2 -> 1.1025e-06 | D8: =B8*C8 -> 0 | E8: =D8*(A9-A8) -> 0
A9: 0.19375 | B9: =$B$1^2*(2*PI())^4*A9^-5/4/PI()/$B$2^4*EXP((-1/PI())*(2*PI()/$B$2)^4*A9^-4) -> 0 | C9: ='2.VBM_RAO'!D11^2 -> 3.7636e-06 | D9: =B9*C9 -> 0 | E9: =D9*(A10-A9) -> 0
A10: 0.2225 | B10: =$B$1^2*(2*PI())^4*A10^-5/4/PI()/$B$2^4*EXP((-1/PI())*(2*PI()/$B$2)^4*A10^-4) -> 0 | C10: ='2.VBM_RAO'!D12^2 -> 1.05625e-05 | D10: =B10*C10 -> 0 | E10: =D10*(A11-A10) -> 0
A11: 0.25125 | B11: =$B$1^2*(2*PI())^4*A11^-5/4/PI()/$B$2^4*EXP((-1/PI())*(2*PI()/$B$2)^4*A11^-4) -> 0 | C11: ='2.VBM_RAO'!D13^2 -> 2.47009e-05 | D11: =B11*C11 -> 0 | E11: =D11*(A12-A11) -> 0
A12: 0.28 | B12: =$B$1^2*(2*PI())^4*A12^-5/4/PI()/$B$2^4*EXP((-1/PI())*(2*PI()/$B$2)^4*A12^-4) -> 0 | C12: ='2.VBM_RAO'!D14^2 -> 5.01264e-05 | D12: =B12*C12 -> 0 | E12: =D12*(A13-A12) -> 0
A13: 0.30875 | B13: =$B$1^2*(2*PI())^4*A13^-5/4/PI()/$B$2^4*EXP((-1/PI())*(2*PI()/$B$2)^4*A13^-4) -> 0 | C13: ='2.VBM_RAO'!D15^2 -> 8.85481e-05 | D13: =B13*C13 -> 0 | E13: =D13*(A14-A13) -> 0
A14: 0.3375 | B14: =$B$1^2*(2*PI())^4*A14^-5/4/PI()/$B$2^4*EXP((-1/PI())*(2*PI()/$B$2)^4*A14^-4) -> 0 | C14: ='2.VBM_RAO'!D16^2 -> 0.0001378276 | D14: =B14*C14 -> 0 | E14: =D14*(A15-A14) -> 0
A15: 0.36625 | B15: =$B$1^2*(2*PI())^4*A15^-5/4/PI()/$B$2^4*EXP((-1/PI())*(2*PI()/$B$2)^4*A15^-4) -> 0 | C15: ='2.VBM_RAO'!D17^2 -> 0.0001882384 | D15: =B15*C15 -> 0 | E15: =D15*(A16-A15) -> 0
... A278: 7.9275 | B278: =$B$1^2*(2*PI())^4*A278^-5/4/PI()/$B$2^4*EXP((-1/PI())*(2*PI()/$B$2)^4*A278^-4) -> 0.83934397 | C278: ='2.VBM_RAO'!D280^2 -> 0 | D278: =B278*C278 -> 0 | E278: =D278*(A279-A278) -> 0
B279: =$B$1^2*(2*PI())^4*A279^-5/4/PI()/$B$2^4*EXP((-1/PI())*(2*PI()/$B$2)^4*A279^-4) -> #DIV/0!

Sheet 2.VBM_RAO
A1: 9 | B1: Vertical | C1: Bending | D1: Moment(14 | E1: Station)
A3: A. | B3: Non | C3: Dimensional | D3: Amplitude | E3: per | F3: Unit | G3: Wave | H3: Amplitude(/rho*g*L**2*B | I3: /a) | M3: 차원화(=RAO*rho*g*L^2*B)
B4: ****************************************************************************************************
B5: NO | C5: Wo(rad/sec) | D5: 0 | E5: 30 | F5: 60 | G5: 90 | H5: 120 | I5: 150 | J5: 180 | M5: 0 | N5: 30 | O5: 60 | P5: 90 | Q5: 120 | R5: 150 | S5: 180
B6: 1 | C6: 0.05 | D6: 0 | E6: 0 | F6: 0 | G6: 0 | H6: 0 | I6: 0 | J6: 0 | L6: 0.05 | M6: =D6*1.04*9.81*334^2*58.6 -> 0 | N6: =E6*1.04*9.81*334^2*58.6 -> 0 | O6: =F6*1.04*9.81*334^2*58.6 -> 0 | P6: =G6*1.04*9.81*334^2*58.6 -> 0 | Q6: =H6*1.04*9.81*334^2*58.6 -> 0 | R6: =I6*1.04*9.81*334^2*58.6 -> 0 | S6: =J6*1.04*9.81*334^2*58.6 -> 0
B7: 2 | C7: 0.07875 | D7: 4e-05 | E7: 3e-05 | F7: 0 | G7: 2e-05 | H7: 0 | I7: 3e-05 | J7: 5e-05 | L7: 0.07875 | M7: =D7*1.04*9.81*334^2*58.6 -> 2667.7977 | N7: =E7*1.04*9.81*334^2*58.6 -> 2000.8482 | O7: =F7*1.04*9.81*334^2*58.6 -> 0 | P7: =G7*1.04*9.81*334^2*58.6 -> 1333.8988 | Q7: =H7*1.04*9.81*334^2*58.6 -> 0 | R7: =I7*1.04*9.81*334^2*58.6 -> 2000.8482 | S7: =J7*1.04*9.81*334^2*58.6 -> 3334.7471
B8: 3 | C8: 0.1075 | D8: 0.00018 | E8: 0.00013 | F8: 2e-05 | G8: 3e-05 | H8: 2e-05 | I8: 0.00013 | J8: 0.00018 | L8: 0.1075 | M8: =D8*1.04*9.81*334^2*58.6 -> 12005.089 | N8: =E8*1.04*9.81*334^2*58.6 -> 8670.3424 | O8: =F8*1.04*9.81*334^2*58.6 -> 1333.8988 | P8: =G8*1.04*9.81*334^2*58.6 -> 2000.8482 | Q8: =H8*1.04*9.81*334^2*58.6 -> 1333.8988 | R8: =I8*1.04*9.81*334^2*58.6 -> 8670.3424 | S8: =J8*1.04*9.81*334^2*58.6 -> 12005.089
B9: 4 | C9: 0.13625 | D9: 0.00048 | E9: 0.00035 | F9: 9e-05 | G9: 5e-05 | H9: 9e-05 | I9: 0.00036 | J9: 0.00049 | L9: 0.13625 | M9: =D9*1.04*9.81*334^2*58.6 -> 32013.572 | N9: =E9*1.04*9.81*334^2*58.6 -> 23343.23 | O9: =F9*1.04*9.81*334^2*58.6 -> 6002.5447 | P9: =G9*1.04*9.81*334^2*58.6 -> 3334.7471 | Q9: =H9*1.04*9.81*334^2*58.6 -> 6002.5447 | R9: =I9*1.04*9.81*334^2*58.6 -> 24010.179 | S9: =J9*1.04*9.81*334^2*58.6 -> 32680.521
B10: 5 | C10: 0.165 | D10: 0.00105 | E10: 0.00077 | F10: 0.00021 | G10: 7e-05 | H10: 0.00022 | I10: 0.00078 | J10: 0.00105 | L10: 0.165 | M10: =D10*1.04*9.81*334^2*58.6 -> 70029.689 | N10: =E10*1.04*9.81*334^2*58.6 -> 51355.105 | O10: =F10*1.04*9.81*334^2*58.6 -> 14005.938 | P10: =G10*1.04*9.81*334^2*58.6 -> 4668.6459 | Q10: =H10*1.04*9.81*334^2*58.6 -> 14672.887 | R10: =I10*1.04*9.81*334^2*58.6 -> 52022.054 | S10: =J10*1.04*9.81*334^2*58.6 -> 70029.689
B11: 6 | C11: 0.19375 | D11: 0.00194 | E11: 0.00144 | F11: 0.00043 | G11: 9e-05 | H11: 0.00044 | I11: 0.00145 | J11: 0.00195 | L11: 0.19375 | M11: =D11*1.04*9.81*334^2*58.6 -> 129388.19 | N11: =E11*1.04*9.81*334^2*58.6 -> 96040.716 | O11: =F11*1.04*9.81*334^2*58.6 -> 28678.825 | P11: =G11*1.04*9.81*334^2*58.6 -> 6002.5447 | Q11: =H11*1.04*9.81*334^2*58.6 -> 29345.774 | R11: =I11*1.04*9.81*334^2*58.6 -> 96707.665 | S11: =J11*1.04*9.81*334^2*58.6 -> 130055.14
B12: 7 | C12: 0.2225 | D12: 0.00325 | E12: 0.00243 | F12: 0.00075 | G12: 0.0001 | H12: 0.00076 | I12: 0.00243 | J12: 0.00324 | L12: 0.2225 | M12: =D12*1.04*9.81*334^2*58.6 -> 216758.56 | N12: =E12*1.04*9.81*334^2*58.6 -> 162068.71 | O12: =F12*1.04*9.81*334^2*58.6 -> 50021.206 | P12: =G12*1.04*9.81*334^2*58.6 -> 6669.4942 | Q12: =H12*1.04*9.81*334^2*58.6 -> 50688.156 | R12: =I12*1.04*9.81*334^2*58.6 -> 162068.71 | S12: =J12*1.04*9.81*334^2*58.6 -> 216091.61
B13: 8 | C13: 0.25125 | D13: 0.00497 | E13: 0.00375 | F13: 0.0012 | G13: 0.00012 | H13: 0.00122 | I13: 0.00373 | J13: 0.00493 | L13: 0.25125 | M13: =D13*1.04*9.81*334^2*58.6 -> 331473.86 | N13: =E13*1.04*9.81*334^2*58.6 -> 250106.03 | O13: =F13*1.04*9.81*334^2*58.6 -> 80033.93 | P13: =G13*1.04*9.81*334^2*58.6 -> 8003.393 | Q13: =H13*1.04*9.81*334^2*58.6 -> 81367.829 | R13: =I13*1.04*9.81*334^2*58.6 -> 248772.13 | S13: =J13*1.04*9.81*334^2*58.6 -> 328806.06
B14: 9 | C14: 0.28 | D14: 0.00708 | E14: 0.00538 | F14: 0.00178 | G14: 0.00012 | H14: 0.00179 | I14: 0.00531 | J14: 0.00695 | L14: 0.28 | M14: =D14*1.04*9.81*334^2*58.6 -> 472200.19 | N14: =E14*1.04*9.81*334^2*58.6 -> 358818.79 | O14: =F14*1.04*9.81*334^2*58.6 -> 118717 | P14: =G14*1.04*9.81*334^2*58.6 -> 8003.393 | Q14: =H14*1.04*9.81*334^2*58.6 -> 119383.95 | R14: =I14*1.04*9.81*334^2*58.6 -> 354150.14 | S14: =J14*1.04*9.81*334^2*58.6 -> 463529.84
B15: 10 | C15: 0.30875 | D15: 0.00941 | E15: 0.00724 | F15: 0.00247 | G15: 0.00011 | H15: 0.00248 | I15: 0.00707 | J15: 0.00913 | L15: 0.30875 | M15: =D15*1.04*9.81*334^2*58.6 -> 627599.4 | N15: =E15*1.04*9.81*334^2*58.6 -> 482871.38 | O15: =F15*1.04*9.81*334^2*58.6 -> 164736.51 | P15: =G15*1.04*9.81*334^2*58.6 -> 7336.4436 | Q15: =H15*1.04*9.81*334^2*58.6 -> 165403.46 | R15: =I15*1.04*9.81*334^2*58.6 -> 471533.24 | S15: =J15*1.04*9.81*334^2*58.6 -> 608924.82
B16: 11 | C16: 0.3375 | D16: 0.01174 | E16: 0.00916 | F16: 0.00325 | G16: 8e-05 | H16: 0.00323 | I16: 0.00887 | J16: 0.01128 | L16: 0.3375 | M16: =D16*1.04*9.81*334^2*58.6 -> 782998.61 | N16: =E16*1.04*9.81*334^2*58.6 -> 610925.66 | O16: =F16*1.04*9.81*334^2*58.6 -> 216758.56 | P16: =G16*1.04*9.81*334^2*58.6 -> 5335.5953 | Q16: =H16*1.04*9.81*334^2*58.6 -> 215424.66 | R16: =I16*1.04*9.81*334^2*58.6 -> 591584.13 | S16: =J16*1.04*9.81*334^2*58.6 -> 752318.94
B17: 12 | C17: 0.36625 | D17: 0.01372 | E17: 0.01092 | F17: 0.00405 | G17: 4e-05 | H17: 0.00404 | I17: 0.01064 | J17: 0.01329 | L17: 0.36625 | M17: =D17*1.04*9.81*334^2*58.6 -> 915054.6 | N17: =E17*1.04*9.81*334^2*58.6 -> 728308.76 | O17: =F17*1.04*9.81*334^2*58.6 -> 270114.51 | P17: =G17*1.04*9.81*334^2*58.6 -> 2667.7977 | Q17: =H17*1.04*9.81*334^2*58.6 -> 269447.56 | R17: =I17*1.04*9.81*334^2*58.6 -> 709634.18 | S17: =J17*1.04*9.81*334^2*58.6 -> 886375.77
... B46: 41 | C46: 1.2 | D46: 0.00084 | E46: 0.00082 | F46: 0.00155 | G46: 0.00247 | H46: 0.00223 | I46: 0.00154 | J46: 0.00094 | L46: 1.2 | M46: =D46*1.04*9.81*334^2*58.6 -> 56023.751 | N46: =E46*1.04*9.81*334^2*58.6 -> 54689.852 | O46: =F46*1.04*9.81*334^2*58.6 -> 103377.16 | P46: =G46*1.04*9.81*334^2*58.6 -> 164736.51 | Q46: =H46*1.04*9.81*334^2*58.6 -> 148729.72 | R46: =I46*1.04*9.81*334^2*58.6 -> 102710.21 | S46: =J46*1.04*9.81*334^2*58.6 -> 62693.245
E60: NO | F60: Wo(rad/sec) | G60: 0 | H60: Deg | I60: 30 | J60: Deg | K60: 60 | L60: Deg | M60: 90 | N60: Deg | O60: 120 | P60: Deg | Q60: 150 | R60: Deg | S60: 180 | T60: Deg
E61: ****************************************************************************************************
E62: 1 | F62: 0.05 | G62: 5e-05 | H62: 5e-05 | I62: 6e-05 | J62: 6e-05 | K62: 6e-05 | L62: 5e-05 | M62: 5e-05
E63: 2 | F63: 0.07875 | G63: 3e-05 | H63: 5e-05 | I63: 9e-05 | J63: 0.00011 | K63: 9e-05 | L63: 5e-05 | M63: 3e-05
E64: 3 | F64: 0.1075 | G64: 9e-05 | H64: 3e-05 | I64: 0.00011 | J64: 0.00017 | K64: 0.00011 | L64: 3e-05 | M64: 9e-05
E65: 4 | F65: 0.13625 | G65: 0.00042 | H65: 0.00025 | I65: 9e-05 | J65: 0.00026 | K65: 9e-05 | L65: 0.00025 | M65: 0.00042
E66: 5 | F66: 0.165 | G66: 0.00104 | H66: 0.0007 | I66: 1e-05 | J66: 0.00035 | K66: 1e-05 | L66: 0.0007 | M66: 0.00104
E67: 6 | F67: 0.19375 | G67: 0.00208 | H67: 0.00145 | I67: 0.00018 | J67: 0.00047 | K67: 0.00018 | L67: 0.00145 | M67: 0.00208
E68: 7 | F68: 0.2225 | G68: 0.00359 | H68: 0.00258 | I68: 0.00049 | J68: 0.00059 | K68: 0.00049 | L68: 0.00258 | M68: 0.00359
E69: 8 | F69: 0.25125 | G69: 0.00556 | H69: 0.00408 | I69: 0.00094 | J69: 0.00072 | K69: 0.00094 | L69: 0.00408 | M69: 0.00557
E70: 9 | F70: 0.28 | G70: 0.00791 | H70: 0.00591 | I70: 0.00154 | J70: 0.00085 | K70: 0.00154 | L70: 0.00592 | M70: 0.00791
E71: 10 | F71: 0.30875 | G71: 0.01037 | H71: 0.00791 | I71: 0.00225 | J71: 0.00098 | K71: 0.00226 | L71: 0.00793 | M71: 0.0104
E72: 11 | F72: 0.3375 | G72: 0.01262 | H72: 0.00986 | I72: 0.00303 | J72: 0.0011 | K72: 0.00305 | L72: 0.0099 | M72: 0.01268
E73: 12 | F73: 0.36625 | G73: 0.0143 | H73: 0.0115 | I73: 0.00382 | J73: 0.00122 | K73: 0.00386 | L73: 0.01159 | M73: 0.01442
... E102: 41 | F102: 1.2 | G102: 0.00087 | H102: 0.00135 | I102: 0.00372 | J102: 0.00398 | K102: 0.00179 | L102: 0.00056 | M102: 0.00012

Sheet 3.M0_VBM_0
B2: VBM_RAO
A3: dw | B3: =B4/2 -> 0.014375
A4: w0 | B4: =A7-A6 -> 0.02875 | C4: Hs | D4: 0.5
A5: w | B5: RAO(0) | C5: Tz | D5: 3.5 | E5: 4.5 | F5: 5.5 | G5: 6.5 | H5: 7.5 | I5: 8.5 | J5: 9.5 | K5: 10.5 | L5: 11.5 | M5: 12.5 | N5: 13.5 | O5: 14.5 | P5: 15.5 | Q5: 16.5 | R5: 17.5 | S5: 18.5
A6: 0.05 | B6: ='2.VBM_RAO'!M6 -> 0 | D6: =$B$4*(B6^2)*($D$4^2*(2*PI())^4*A6^-5/4/PI()/$D$5^4*EXP((-1/PI())*(2*PI()/$D$5)^4*A6^-4)) -> 0 | E6: =$B$4*(B6^2)*($D$4^2*(2*PI())^4*A6^-5/4/PI()/$E$5^4*EXP((-1/PI())*(2*PI()/$E$5)^4*A6^-4)) -> 0 | F6: =$B$4*(B6^2)*($D$4^2*(2*PI())^4*A6^-5/4/PI()/$F$5^4*EXP((-1/PI())*(2*PI()/$F$5)^4*A6^-4)) -> 0 | G6: =$B$4*(B6^2)*($D$4^2*(2*PI())^4*A6^-5/4/PI()/$G$5^4*EXP((-1/PI())*(2*PI()/$G$5)^4*A6^-4)) -> 0 | H6: =$B$4*(B6^2)*($D$4^2*(2*PI())^4*A6^-5/4/PI()/$H$5^4*EXP((-1/PI())*(2*PI()/$H$5)^4*A6^-4)) -> 0 | I6: =$B$4*(B6^2)*($D$4^2*(2*PI())^4*A6^-5/4/PI()/$I$5^4*EXP((-1/PI())*(2*PI()/$I$5)^4*A6^-4)) -> 0 | J6: =$B$4*(B6^2)*($D$4^2*(2*PI())^4*A6^-5/4/PI()/$J$5^4*EXP((-1/PI())*(2*PI()/$J$5)^4*A6^-4)) -> 0 | K6: =$B$4*(B6^2)*($D$4^2*(2*PI())^4*A6^-5/4/PI()/$K$5^4*EXP((-1/PI())*(2*PI()/$K$5)^4*A6^-4)) -> 0 | L6: =$B$4*(B6^2)*($D$4^2*(2*PI())^4*A6^-5/4/PI()/$L$5^4*EXP((-1/PI())*(2*PI()/$L$5)^4*A6^-4)) -> 0 | M6: =$B$4*(B6^2)*($D$4^2*(2*PI())^4*A6^-5/4/PI()/$M$5^4*EXP((-1/PI())*(2*PI()/$M$5)^4*A6^-4)) -> 0 | N6: =$B$4*(B6^2)*($D$4^2*(2*PI())^4*A6^-5/4/PI()/$N$5^4*EXP((-1/PI())*(2*PI()/$N$5)^4*A6^-4)) -> 0 | O6: =$B$4*(B6^2)*($D$4^2*(2*PI())^4*A6^-5/4/PI()/$O$5^4*EXP((-1/PI())*(2*PI()/$O$5)^4*A6^-4)) -> 0 | P6: =$B$4*(B6^2)*($D$4^2*(2*PI())^4*A6^-5/4/PI()/$P$5^4*EXP((-1/PI())*(2*PI()/$P$5)^4*A6^-4)) -> 0 | Q6: =$B$4*(B6^2)*($D$4^2*(2*PI())^4*A6^-5/4/PI()/$Q$5^4*EXP((-1/PI())*(2*PI()/$Q$5)^4*A6^-4)) -> 0 | R6: =$B$4*(B6^2)*($D$4^2*(2*PI())^4*A6^-5/4/PI()/$R$5^4*EXP((-1/PI())*(2*PI()/$R$5)^4*A6^-4)) -> 0 | S6: =$B$4*(B6^2)*($D$4^2*(2*PI())^4*A6^-5/4/PI()/$S$5^4*EXP((-1/PI())*(2*PI()/$S$5)^4*A6^-4)) -> 0
A7: 0.07875 | B7: ='2.VBM_RAO'!M7 -> 2667.7977 | D7: =$B$4*(B7^2)*($D$4^2*(2*PI())^4*A7^-5/4/PI()/$D$5^4*EXP((-1/PI())*(2*PI()/$D$5)^4*A7^-4)) -> 0 | E7: =$B$4*(B7^2)*($D$4^2*(2*PI())^4*A7^-5/4/PI()/$E$5^4*EXP((-1/PI())*(2*PI()/$E$5)^4*A7^-4)) -> 0 | F7: =$B$4*(B7^2)*($D$4^2*(2*PI())^4*A7^-5/4/PI()/$F$5^4*EXP((-1/PI())*(2*PI()/$F$5)^4*A7^-4)) -> 0 | G7: =$B$4*(B7^2)*($D$4^2*(2*PI())^4*A7^-5/4/PI()/$G$5^4*EXP((-1/PI())*(2*PI()/$G$5)^4*A7^-4)) -> 0 | H7: =$B$4*(B7^2)*($D$4^2*(2*PI())^4*A7^-5/4/PI()/$H$5^4*EXP((-1/PI())*(2*PI()/$H$5)^4*A7^-4)) -> 0 | I7: =$B$4*(B7^2)*($D$4^2*(2*PI())^4*A7^-5/4/PI()/$I$5^4*EXP((-1/PI())*(2*PI()/$I$5)^4*A7^-4)) -> 0 | J7: =$B$4*(B7^2)*($D$4^2*(2*PI())^4*A7^-5/4/PI()/$J$5^4*EXP((-1/PI())*(2*PI()/$J$5)^4*A7^-4)) -> 0 | K7: =$B$4*(B7^2)*($D$4^2*(2*PI())^4*A7^-5/4/PI()/$K$5^4*EXP((-1/PI())*(2*PI()/$K$5)^4*A7^-4)) -> 0 | L7: =$B$4*(B7^2)*($D$4^2*(2*PI())^4*A7^-5/4/PI()/$L$5^4*EXP((-1/PI())*(2*PI()/$L$5)^4*A7^-4)) -> 0 | M7: =$B$4*(B7^2)*($D$4^2*(2*PI())^4*A7^-5/4/PI()/$M$5^4*EXP((-1/PI())*(2*PI()/$M$5)^4*A7^-4)) -> 2.9584137e-222 | N7: =$B$4*(B7^2)*($D$4^2*(2*PI())^4*A7^-5/4/PI()/$N$5^4*EXP((-1/PI())*(2*PI()/$N$5)^4*A7^-4)) -> 1.3742343e-161 | O7: =$B$4*(B7^2)*($D$4^2*(2*PI())^4*A7^-5/4/PI()/$O$5^4*EXP((-1/PI())*(2*PI()/$O$5)^4*A7^-4)) -> 8.8227647e-120 | P7: =$B$4*(B7^2)*($D$4^2*(2*PI())^4*A7^-5/4/PI()/$P$5^4*EXP((-1/PI())*(2*PI()/$P$5)^4*A7^-4)) -> 3.1860986e-90 | Q7: =$B$4*(B7^2)*($D$4^2*(2*PI())^4*A7^-5/4/PI()/$Q$5^4*EXP((-1/PI())*(2*PI()/$Q$5)^4*A7^-4)) -> 7.4069389e-69 | R7: =$B$4*(B7^2)*($D$4^2*(2*PI())^4*A7^-5/4/PI()/$R$5^4*EXP((-1/PI())*(2*PI()/$R$5)^4*A7^-4)) -> 4.1498462e-53 | S7: =$B$4*(B7^2)*($D$4^2*(2*PI())^4*A7^-5/4/PI()/$S$5^4*EXP((-1/PI())*(2*PI()/$S$5)^4*A7^-4)) -> 2.6691786e-41
A8: 0.1075 | B8: ='2.VBM_RAO'!M8 -> 12005.089 | D8: =$B$4*(B8^2)*($D$4^2*(2*PI())^4*A8^-5/4/PI()/$D$5^4*EXP((-1/PI())*(2*PI()/$D$5)^4*A8^-4)) -> 0 | E8: =$B$4*(B8^2)*($D$4^2*(2*PI())^4*A8^-5/4/PI()/$E$5^4*EXP((-1/PI())*(2*PI()/$E$5)^4*A8^-4)) -> 0 | F8: =$B$4*(B8^2)*($D$4^2*(2*PI())^4*A8^-5/4/PI()/$F$5^4*EXP((-1/PI())*(2*PI()/$F$5)^4*A8^-4)) -> 0 | G8: =$B$4*(B8^2)*($D$4^2*(2*PI())^4*A8^-5/4/PI()/$G$5^4*EXP((-1/PI())*(2*PI()/$G$5)^4*A8^-4)) -> 0 | H8: =$B$4*(B8^2)*($D$4^2*(2*PI())^4*A8^-5/4/PI()/$H$5^4*EXP((-1/PI())*(2*PI()/$H$5)^4*A8^-4)) -> 0 | I8: =$B$4*(B8^2)*($D$4^2*(2*PI())^4*A8^-5/4/PI()/$I$5^4*EXP((-1/PI())*(2*PI()/$I$5)^4*A8^-4)) -> 1.4893468e-300 | J8: =$B$4*(B8^2)*($D$4^2*(2*PI())^4*A8^-5/4/PI()/$J$5^4*EXP((-1/PI())*(2*PI()/$J$5)^4*A8^-4)) -> 9.2836737e-190 | K8: =$B$4*(B8^2)*($D$4^2*(2*PI())^4*A8^-5/4/PI()/$K$5^4*EXP((-1/PI())*(2*PI()/$K$5)^4*A8^-4)) -> 1.37697e-124 | L8: =$B$4*(B8^2)*($D$4^2*(2*PI())^4*A8^-5/4/PI()/$L$5^4*EXP((-1/PI())*(2*PI()/$L$5)^4*A8^-4)) -> 2.9308139e-84 | M8: =$B$4*(B8^2)*($D$4^2*(2*PI())^4*A8^-5/4/PI()/$M$5^4*EXP((-1/PI())*(2*PI()/$M$5)^4*A8^-4)) -> 3.0382191e-58 | N8: =$B$4*(B8^2)*($D$4^2*(2*PI())^4*A8^-5/4/PI()/$N$5^4*EXP((-1/PI())*(2*PI()/$N$5)^4*A8^-4)) -> 7.2202678e-41 | O8: =$B$4*(B8^2)*($D$4^2*(2*PI())^4*A8^-5/4/PI()/$O$5^4*EXP((-1/PI())*(2*PI()/$O$5)^4*A8^-4)) -> 6.4575901e-29 | P8: =$B$4*(B8^2)*($D$4^2*(2*PI())^4*A8^-5/4/PI()/$P$5^4*EXP((-1/PI())*(2*PI()/$P$5)^4*A8^-4)) -> 1.7366498e-20 | Q8: =$B$4*(B8^2)*($D$4^2*(2*PI())^4*A8^-5/4/PI()/$Q$5^4*EXP((-1/PI())*(2*PI()/$Q$5)^4*A8^-4)) -> 2.06803e-14 | R8: =$B$4*(B8^2)*($D$4^2*(2*PI())^4*A8^-5/4/PI()/$R$5^4*EXP((-1/PI())*(2*PI()/$R$5)^4*A8^-4)) -> 5.9987773e-10 | S8: =$B$4*(B8^2)*($D$4^2*(2*PI())^4*A8^-5/4/PI()/$S$5^4*EXP((-1/PI())*(2*PI()/$S$5)^4*A8^-4)) -> 1.2880815e-06
A9: 0.13625 | B9: ='2.VBM_RAO'!M9 -> 32013.572 | D9: =$B$4*(B9^2)*($D$4^2*(2*PI())^4*A9^-5/4/PI()/$D$5^4*EXP((-1/PI())*(2*PI()/$D$5)^4*A9^-4)) -> 0 | E9: =$B$4*(B9^2)*($D$4^2*(2*PI())^4*A9^-5/4/PI()/$E$5^4*EXP((-1/PI())*(2*PI()/$E$5)^4*A9^-4)) -> 0 | F9: =$B$4*(B9^2)*($D$4^2*(2*PI())^4*A9^-5/4/PI()/$F$5^4*EXP((-1/PI())*(2*PI()/$F$5)^4*A9^-4)) -> 0 | G9: =$B$4*(B9^2)*($D$4^2*(2*PI())^4*A9^-5/4/PI()/$G$5^4*EXP((-1/PI())*(2*PI()/$G$5)^4*A9^-4)) -> 0 | H9: =$B$4*(B9^2)*($D$4^2*(2*PI())^4*A9^-5/4/PI()/$H$5^4*EXP((-1/PI())*(2*PI()/$H$5)^4*A9^-4)) -> 1.5841808e-188 | I9: =$B$4*(B9^2)*($D$4^2*(2*PI())^4*A9^-5/4/PI()/$I$5^4*EXP((-1/PI())*(2*PI()/$I$5)^4*A9^-4)) -> 6.3940782e-111 | J9: =$B$4*(B9^2)*($D$4^2*(2*PI())^4*A9^-5/4/PI()/$J$5^4*EXP((-1/PI())*(2*PI()/$J$5)^4*A9^-4)) -> 4.1877627e-68 | K9: =$B$4*(B9^2)*($D$4^2*(2*PI())^4*A9^-5/4/PI()/$K$5^4*EXP((-1/PI())*(2*PI()/$K$5)^4*A9^-4)) -> 5.8921256e-43 | L9: =$B$4*(B9^2)*($D$4^2*(2*PI())^4*A9^-5/4/PI()/$L$5^4*EXP((-1/PI())*(2*PI()/$L$5)^4*A9^-4)) -> 2.0007029e-27 | M9: =$B$4*(B9^2)*($D$4^2*(2*PI())^4*A9^-5/4/PI()/$M$5^4*EXP((-1/PI())*(2*PI()/$M$5)^4*A9^-4)) -> 1.9674137e-17 | N9: =$B$4*(B9^2)*($D$4^2*(2*PI())^4*A9^-5/4/PI()/$N$5^4*EXP((-1/PI())*(2*PI()/$N$5)^4*A9^-4)) -> 8.8192903e-11 | O9: =$B$4*(B9^2)*($D$4^2*(2*PI())^4*A9^-5/4/PI()/$O$5^4*EXP((-1/PI())*(2*PI()/$O$5)^4*A9^-4)) -> 3.1680076e-06 | P9: =$B$4*(B9^2)*($D$4^2*(2*PI())^4*A9^-5/4/PI()/$P$5^4*EXP((-1/PI())*(2*PI()/$P$5)^4*A9^-4)) -> 0.00497089 | Q9: =$B$4*(B9^2)*($D$4^2*(2*PI())^4*A9^-5/4/PI()/$Q$5^4*EXP((-1/PI())*(2*PI()/$Q$5)^4*A9^-4)) -> 0.9646945 | R9: =$B$4*(B9^2)*($D$4^2*(2*PI())^4*A9^-5/4/PI()/$R$5^4*EXP((-1/PI())*(2*PI()/$R$5)^4*A9^-4)) -> 44.778432 | S9: =$B$4*(B9^2)*($D$4^2*(2*PI())^4*A9^-5/4/PI()/$S$5^4*EXP((-1/PI())*(2*PI()/$S$5)^4*A9^-4)) -> 764.00179
A10: 0.165 | B10: ='2.VBM_RAO'!M10 -> 70029.689 | D10: =$B$4*(B10^2)*($D$4^2*(2*PI())^4*A10^-5/4/PI()/$D$5^4*EXP((-1/PI())*(2*PI()/$D$5)^4*A10^-4)) -> 0 | E10: =$B$4*(B10^2)*($D$4^2*(2*PI())^4*A10^-5/4/PI()/$E$5^4*EXP((-1/PI())*(2*PI()/$E$5)^4*A10^-4)) -> 0 | F10: =$B$4*(B10^2)*($D$4^2*(2*PI())^4*A10^-5/4/PI()/$F$5^4*EXP((-1/PI())*(2*PI()/$F$5)^4*A10^-4)) -> 0 | G10: =$B$4*(B10^2)*($D$4^2*(2*PI())^4*A10^-5/4/PI()/$G$5^4*EXP((-1/PI())*(2*PI()/$G$5)^4*A10^-4)) -> 2.8855147e-153 | H10: =$B$4*(B10^2)*($D$4^2*(2*PI())^4*A10^-5/4/PI()/$H$5^4*EXP((-1/PI())*(2*PI()/$H$5)^4*A10^-4)) -> 1.5244787e-82 | I10: =$B$4*(B10^2)*($D$4^2*(2*PI())^4*A10^-5/4/PI()/$I$5^4*EXP((-1/PI())*(2*PI()/$I$5)^4*A10^-4)) -> 1.4125923e-46 | J10: =$B$4*(B10^2)*($D$4^2*(2*PI())^4*A10^-5/4/PI()/$J$5^4*EXP((-1/PI())*(2*PI()/$J$5)^4*A10^-4)) -> 8.9994121e-27 | K10: =$B$4*(B10^2)*($D$4^2*(2*PI())^4*A10^-5/4/PI()/$K$5^4*EXP((-1/PI())*(2*PI()/$K$5)^4*A10^-4)) -> 3.580924e-15 | L10: =$B$4*(B10^2)*($D$4^2*(2*PI())^4*A10^-5/4/PI()/$L$5^4*EXP((-1/PI())*(2*PI()/$L$5)^4*A10^-4)) -> 4.9045961e-08 | M10: =$B$4*(B10^2)*($D$4^2*(2*PI())^4*A10^-5/4/PI()/$M$5^4*EXP((-1/PI())*(2*PI()/$M$5)^4*A10^-4)) -> 0.0018165924 | N10: =$B$4*(B10^2)*($D$4^2*(2*PI())^4*A10^-5/4/PI()/$N$5^4*EXP((-1/PI())*(2*PI()/$N$5)^4*A10^-4)) -> 1.9071537 | O10: =$B$4*(B10^2)*($D$4^2*(2*PI())^4*A10^-5/4/PI()/$O$5^4*EXP((-1/PI())*(2*PI()/$O$5)^4*A10^-4)) -> 214.78182 | P10: =$B$4*(B10^2)*($D$4^2*(2*PI())^4*A10^-5/4/PI()/$P$5^4*EXP((-1/PI())*(2*PI()/$P$5)^4*A10^-4)) -> 5699.5447 | Q10: =$B$4*(B10^2)*($D$4^2*(2*PI())^4*A10^-5/4/PI()/$Q$5^4*EXP((-1/PI())*(2*PI()/$Q$5)^4*A10^-4)) -> 57746.306 | R10: =$B$4*(B10^2)*($D$4^2*(2*PI())^4*A10^-5/4/PI()/$R$5^4*EXP((-1/PI())*(2*PI()/$R$5)^4*A10^-4)) -> 303223.85 | S10: =$B$4*(B10^2)*($D$4^2*(2*PI())^4*A10^-5/4/PI()/$S$5^4*EXP((-1/PI())*(2*PI()/$S$5)^4*A10^-4)) -> 1006812.1
A11: 0.19375 | B11: ='2.VBM_RAO'!M11 -> 129388.19 | D11: =$B$4*(B11^2)*($D$4^2*(2*PI())^4*A11^-5/4/PI()/$D$5^4*EXP((-1/PI())*(2*PI()/$D$5)^4*A11^-4)) -> 0 | E11: =$B$4*(B11^2)*($D$4^2*(2*PI())^4*A11^-5/4/PI()/$E$5^4*EXP((-1/PI())*(2*PI()/$E$5)^4*A11^-4)) -> 0 | F11: =$B$4*(B11^2)*($D$4^2*(2*PI())^4*A11^-5/4/PI()/$F$5^4*EXP((-1/PI())*(2*PI()/$F$5)^4*A11^-4)) -> 4.9165589e-157 | G11: =$B$4*(B11^2)*($D$4^2*(2*PI())^4*A11^-5/4/PI()/$G$5^4*EXP((-1/PI())*(2*PI()/$G$5)^4*A11^-4)) -> 6.8356135e-76 | H11: =$B$4*(B11^2)*($D$4^2*(2*PI())^4*A11^-5/4/PI()/$H$5^4*EXP((-1/PI())*(2*PI()/$H$5)^4*A11^-4)) -> 8.2365314e-39 | I11: =$B$4*(B11^2)*($D$4^2*(2*PI())^4*A11^-5/4/PI()/$I$5^4*EXP((-1/PI())*(2*PI()/$I$5)^4*A11^-4)) -> 5.3769065e-20 | J11: =$B$4*(B11^2)*($D$4^2*(2*PI())^4*A11^-5/4/PI()/$J$5^4*EXP((-1/PI())*(2*PI()/$J$5)^4*A11^-4)) -> 1.1364424e-09 | K11: =$B$4*(B11^2)*($D$4^2*(2*PI())^4*A11^-5/4/PI()/$K$5^4*EXP((-1/PI())*(2*PI()/$K$5)^4*A11^-4)) -> 0.0011868109 | L11: =$B$4*(B11^2)*($D$4^2*(2*PI())^4*A11^-5/4/PI()/$L$5^4*EXP((-1/PI())*(2*PI()/$L$5)^4*A11^-4)) -> 5.664749 | M11: =$B$4*(B11^2)*($D$4^2*(2*PI())^4*A11^-5/4/PI()/$M$5^4*EXP((-1/PI())*(2*PI()/$M$5)^4*A11^-4)) -> 1223.3157 | N11: =$B$4*(B11^2)*($D$4^2*(2*PI())^4*A11^-5/4/PI()/$N$5^4*EXP((-1/PI())*(2*PI()/$N$5)^4*A11^-4)) -> 41040.846 | O11: =$B$4*(B11^2)*($D$4^2*(2*PI())^4*A11^-5/4/PI()/$O$5^4*EXP((-1/PI())*(2*PI()/$O$5)^4*A11^-4)) -> 430010.36 | P11: =$B$4*(B11^2)*($D$4^2*(2*PI())^4*A11^-5/4/PI()/$P$5^4*EXP((-1/PI())*(2*PI()/$P$5)^4*A11^-4)) -> 2125561.3 | Q11: =$B$4*(B11^2)*($D$4^2*(2*PI())^4*A11^-5/4/PI()/$Q$5^4*EXP((-1/PI())*(2*PI()/$Q$5)^4*A11^-4)) -> 6382048.3 | R11: =$B$4*(B11^2)*($D$4^2*(2*PI())^4*A11^-5/4/PI()/$R$5^4*EXP((-1/PI())*(2*PI()/$R$5)^4*A11^-4)) -> 13656473 | S11: =$B$4*(B11^2)*($D$4^2*(2*PI())^4*A11^-5/4/PI()/$S$5^4*EXP((-1/PI())*(2*PI()/$S$5)^4*A11^-4)) -> 23105313
A12: 0.2225 | B12: ='2.VBM_RAO'!M12 -> 216758.56 | D12: =$B$4*(B12^2)*($D$4^2*(2*PI())^4*A12^-5/4/PI()/$D$5^4*EXP((-1/PI())*(2*PI()/$D$5)^4*A12^-4)) -> 0 | E12: =$B$4*(B12^2)*($D$4^2*(2*PI())^4*A12^-5/4/PI()/$E$5^4*EXP((-1/PI())*(2*PI()/$E$5)^4*A12^-4)) -> 7.8121812e-204 | F12: =$B$4*(B12^2)*($D$4^2*(2*PI())^4*A12^-5/4/PI()/$F$5^4*EXP((-1/PI())*(2*PI()/$F$5)^4*A12^-4)) -> 7.1610773e-86 | G12: =$B$4*(B12^2)*($D$4^2*(2*PI())^4*A12^-5/4/PI()/$G$5^4*EXP((-1/PI())*(2*PI()/$G$5)^4*A12^-4)) -> 2.435922e-39 | H12: =$B$4*(B12^2)*($D$4^2*(2*PI())^4*A12^-5/4/PI()/$H$5^4*EXP((-1/PI())*(2*PI()/$H$5)^4*A12^-4)) -> 3.9950938e-18 | I12: =$B$4*(B12^2)*($D$4^2*(2*PI())^4*A12^-5/4/PI()/$I$5^4*EXP((-1/PI())*(2*PI()/$I$5)^4*A12^-4)) -> 2.1236915e-07 | J12: =$B$4*(B12^2)*($D$4^2*(2*PI())^4*A12^-5/4/PI()/$J$5^4*EXP((-1/PI())*(2*PI()/$J$5)^4*A12^-4)) -> 0.15190209 | K12: =$B$4*(B12^2)*($D$4^2*(2*PI())^4*A12^-5/4/PI()/$K$5^4*EXP((-1/PI())*(2*PI()/$K$5)^4*A12^-4)) -> 370.10846 | L12: =$B$4*(B12^2)*($D$4^2*(2*PI())^4*A12^-5/4/PI()/$L$5^4*EXP((-1/PI())*(2*PI()/$L$5)^4*A12^-4)) -> 41339.672 | M12: =$B$4*(B12^2)*($D$4^2*(2*PI())^4*A12^-5/4/PI()/$M$5^4*EXP((-1/PI())*(2*PI()/$M$5)^4*A12^-4)) -> 788847.36 | N12: =$B$4*(B12^2)*($D$4^2*(2*PI())^4*A12^-5/4/PI()/$N$5^4*EXP((-1/PI())*(2*PI()/$N$5)^4*A12^-4)) -> 5216642 | O12: =$B$4*(B12^2)*($D$4^2*(2*PI())^4*A12^-5/4/PI()/$O$5^4*EXP((-1/PI())*(2*PI()/$O$5)^4*A12^-4)) -> 17834130 | P12: =$B$4*(B12^2)*($D$4^2*(2*PI())^4*A12^-5/4/PI()/$P$5^4*EXP((-1/PI())*(2*PI()/$P$5)^4*A12^-4)) -> 39905984 | Q12: =$B$4*(B12^2)*($D$4^2*(2*PI())^4*A12^-5/4/PI()/$Q$5^4*EXP((-1/PI())*(2*PI()/$Q$5)^4*A12^-4)) -> 67517690 | R12: =$B$4*(B12^2)*($D$4^2*(2*PI())^4*A12^-5/4/PI()/$R$5^4*EXP((-1/PI())*(2*PI()/$R$5)^4*A12^-4)) -> 94608717 | S12: =$B$4*(B12^2)*($D$4^2*(2*PI())^4*A12^-5/4/PI()/$S$5^4*EXP((-1/PI())*(2*PI()/$S$5)^4*A12^-4)) -> 1.1646877e+08
A13: 0.25125 | B13: ='2.VBM_RAO'!M13 -> 331473.86 | D13: =$B$4*(B13^2)*($D$4^2*(2*PI())^4*A13^-5/4/PI()/$D$5^4*EXP((-1/PI())*(2*PI()/$D$5)^4*A13^-4)) -> 0 | E13: =$B$4*(B13^2)*($D$4^2*(2*PI())^4*A13^-5/4/PI()/$E$5^4*EXP((-1/PI())*(2*PI()/$E$5)^4*A13^-4)) -> 3.3711285e-121 | F13: =$B$4*(B13^2)*($D$4^2*(2*PI())^4*A13^-5/4/PI()/$F$5^4*EXP((-1/PI())*(2*PI()/$F$5)^4*A13^-4)) -> 8.7858307e-49 | G13: =$B$4*(B13^2)*($D$4^2*(2*PI())^4*A13^-5/4/PI()/$G$5^4*EXP((-1/PI())*(2*PI()/$G$5)^4*A13^-4)) -> 2.8210528e-20 | H13: =$B$4*(B13^2)*($D$4^2*(2*PI())^4*A13^-5/4/PI()/$H$5^4*EXP((-1/PI())*(2*PI()/$H$5)^4*A13^-4)) -> 2.5262285e-07 | I13: =$B$4*(B13^2)*($D$4^2*(2*PI())^4*A13^-5/4/PI()/$I$5^4*EXP((-1/PI())*(2*PI()/$I$5)^4*A13^-4)) -> 0.82281875 | J13: =$B$4*(B13^2)*($D$4^2*(2*PI())^4*A13^-5/4/PI()/$J$5^4*EXP((-1/PI())*(2*PI()/$J$5)^4*A13^-4)) -> 2764.3462 | K13: =$B$4*(B13^2)*($D$4^2*(2*PI())^4*A13^-5/4/PI()/$K$5^4*EXP((-1/PI())*(2*PI()/$K$5)^4*A13^-4)) -> 286827.03 | L13: =$B$4*(B13^2)*($D$4^2*(2*PI())^4*A13^-5/4/PI()/$L$5^4*EXP((-1/PI())*(2*PI()/$L$5)^4*A13^-4)) -> 4532991 | M13: =$B$4*(B13^2)*($D$4^2*(2*PI())^4*A13^-5/4/PI()/$M$5^4*EXP((-1/PI())*(2*PI()/$M$5)^4*A13^-4)) -> 24448082 | N13: =$B$4*(B13^2)*($D$4^2*(2*PI())^4*A13^-5/4/PI()/$N$5^4*EXP((-1/PI())*(2*PI()/$N$5)^4*A13^-4)) -> 69397676 | O13: =$B$4*(B13^2)*($D$4^2*(2*PI())^4*A13^-5/4/PI()/$O$5^4*EXP((-1/PI())*(2*PI()/$O$5)^4*A13^-4)) -> 1.3240242e+08 | P13: =$B$4*(B13^2)*($D$4^2*(2*PI())^4*A13^-5/4/PI()/$P$5^4*EXP((-1/PI())*(2*PI()/$P$5)^4*A13^-4)) -> 1.9607575e+08 | Q13: =$B$4*(B13^2)*($D$4^2*(2*PI())^4*A13^-5/4/PI()/$Q$5^4*EXP((-1/PI())*(2*PI()/$Q$5)^4*A13^-4)) -> 2.4607796e+08 | R13: =$B$4*(B13^2)*($D$4^2*(2*PI())^4*A13^-5/4/PI()/$R$5^4*EXP((-1/PI())*(2*PI()/$R$5)^4*A13^-4)) -> 2.7658749e+08 | S13: =$B$4*(B13^2)*($D$4^2*(2*PI())^4*A13^-5/4/PI()/$S$5^4*EXP((-1/PI())*(2*PI()/$S$5)^4*A13^-4)) -> 2.8853155e+08
A14: 0.28 | B14: ='2.VBM_RAO'!M14 -> 472200.19 | D14: =$B$4*(B14^2)*($D$4^2*(2*PI())^4*A14^-5/4/PI()/$D$5^4*EXP((-1/PI())*(2*PI()/$D$5)^4*A14^-4)) -> 1.9896272e-222 | E14: =$B$4*(B14^2)*($D$4^2*(2*PI())^4*A14^-5/4/PI()/$E$5^4*EXP((-1/PI())*(2*PI()/$E$5)^4*A14^-4)) -> 9.2956305e-75 | F14: =$B$4*(B14^2)*($D$4^2*(2*PI())^4*A14^-5/4/PI()/$F$5^4*EXP((-1/PI())*(2*PI()/$F$5)^4*A14^-4)) -> 6.2334181e-28 | G14: =$B$4*(B14^2)*($D$4^2*(2*PI())^4*A14^-5/4/PI()/$G$5^4*EXP((-1/PI())*(2*PI()/$G$5)^4*A14^-4)) -> 1.4934915e-09 | H14: =$B$4*(B14^2)*($D$4^2*(2*PI())^4*A14^-5/4/PI()/$H$5^4*EXP((-1/PI())*(2*PI()/$H$5)^4*A14^-4)) -> 0.30472806 | I14: =$B$4*(B14^2)*($D$4^2*(2*PI())^4*A14^-5/4/PI()/$I$5^4*EXP((-1/PI())*(2*PI()/$I$5)^4*A14^-4)) -> 4264.5468 | J14: =$B$4*(B14^2)*($D$4^2*(2*PI())^4*A14^-5/4/PI()/$J$5^4*EXP((-1/PI())*(2*PI()/$J$5)^4*A14^-4)) -> 704855.54 | K14: =$B$4*(B14^2)*($D$4^2*(2*PI())^4*A14^-5/4/PI()/$K$5^4*EXP((-1/PI())*(2*PI()/$K$5)^4*A14^-4)) -> 12416410 | L14: =$B$4*(B14^2)*($D$4^2*(2*PI())^4*A14^-5/4/PI()/$L$5^4*EXP((-1/PI())*(2*PI()/$L$5)^4*A14^-4)) -> 65404454 | M14: =$B$4*(B14^2)*($D$4^2*(2*PI())^4*A14^-5/4/PI()/$M$5^4*EXP((-1/PI())*(2*PI()/$M$5)^4*A14^-4)) -> 1.7344027e+08 | N14: =$B$4*(B14^2)*($D$4^2*(2*PI())^4*A14^-5/4/PI()/$N$5^4*EXP((-1/PI())*(2*PI()/$N$5)^4*A14^-4)) -> 3.0611764e+08 | O14: =$B$4*(B14^2)*($D$4^2*(2*PI())^4*A14^-5/4/PI()/$O$5^4*EXP((-1/PI())*(2*PI()/$O$5)^4*A14^-4)) -> 4.2084324e+08 | P14: =$B$4*(B14^2)*($D$4^2*(2*PI())^4*A14^-5/4/PI()/$P$5^4*EXP((-1/PI())*(2*PI()/$P$5)^4*A14^-4)) -> 4.9423604e+08 | Q14: =$B$4*(B14^2)*($D$4^2*(2*PI())^4*A14^-5/4/PI()/$Q$5^4*EXP((-1/PI())*(2*PI()/$Q$5)^4*A14^-4)) -> 5.2443982e+08 | R14: =$B$4*(B14^2)*($D$4^2*(2*PI())^4*A14^-5/4/PI()/$R$5^4*EXP((-1/PI())*(2*PI()/$R$5)^4*A14^-4)) -> 5.2078374e+08 | S14: =$B$4*(B14^2)*($D$4^2*(2*PI())^4*A14^-5/4/PI()/$S$5^4*EXP((-1/PI())*(2*PI()/$S$5)^4*A14^-4)) -> 4.9500799e+08
A15: 0.30875 | B15: ='2.VBM_RAO'!M15 -> 627599.4 | D15: =$B$4*(B15^2)*($D$4^2*(2*PI())^4*A15^-5/4/PI()/$D$5^4*EXP((-1/PI())*(2*PI()/$D$5)^4*A15^-4)) -> 8.3621125e-147 | E15: =$B$4*(B15^2)*($D$4^2*(2*PI())^4*A15^-5/4/PI()/$E$5^4*EXP((-1/PI())*(2*PI()/$E$5)^4*A15^-4)) -> 4.6221773e-47 | F15: =$B$4*(B15^2)*($D$4^2*(2*PI())^4*A15^-5/4/PI()/$F$5^4*EXP((-1/PI())*(2*PI()/$F$5)^4*A15^-4)) -> 1.6807264e-15 | G15: =$B$4*(B15^2)*($D$4^2*(2*PI())^4*A15^-5/4/PI()/$G$5^4*EXP((-1/PI())*(2*PI()/$G$5)^4*A15^-4)) -> 0.0036600295 | H15: =$B$4*(B15^2)*($D$4^2*(2*PI())^4*A15^-5/4/PI()/$H$5^4*EXP((-1/PI())*(2*PI()/$H$5)^4*A15^-4)) -> 1269.8043 | I15: =$B$4*(B15^2)*($D$4^2*(2*PI())^4*A15^-5/4/PI()/$I$5^4*EXP((-1/PI())*(2*PI()/$I$5)^4*A15^-4)) -> 688190 | J15: =$B$4*(B15^2)*($D$4^2*(2*PI())^4*A15^-5/4/PI()/$J$5^4*EXP((-1/PI())*(2*PI()/$J$5)^4*A15^-4)) -> 18862279 | K15: =$B$4*(B15^2)*($D$4^2*(2*PI())^4*A15^-5/4/PI()/$K$5^4*EXP((-1/PI())*(2*PI()/$K$5)^4*A15^-4)) -> 1.1536064e+08 | L15: =$B$4*(B15^2)*($D$4^2*(2*PI())^4*A15^-5/4/PI()/$L$5^4*EXP((-1/PI())*(2*PI()/$L$5)^4*A15^-4)) -> 3.1551249e+08 | M15: =$B$4*(B15^2)*($D$4^2*(2*PI())^4*A15^-5/4/PI()/$M$5^4*EXP((-1/PI())*(2*PI()/$M$5)^4*A15^-4)) -> 5.4780796e+08 | N15: =$B$4*(B15^2)*($D$4^2*(2*PI())^4*A15^-5/4/PI()/$N$5^4*EXP((-1/PI())*(2*PI()/$N$5)^4*A15^-4)) -> 7.2821377e+08 | O15: =$B$4*(B15^2)*($D$4^2*(2*PI())^4*A15^-5/4/PI()/$O$5^4*EXP((-1/PI())*(2*PI()/$O$5)^4*A15^-4)) -> 8.2335772e+08 | P15: =$B$4*(B15^2)*($D$4^2*(2*PI())^4*A15^-5/4/PI()/$P$5^4*EXP((-1/PI())*(2*PI()/$P$5)^4*A15^-4)) -> 8.4201606e+08 | Q15: =$B$4*(B15^2)*($D$4^2*(2*PI())^4*A15^-5/4/PI()/$Q$5^4*EXP((-1/PI())*(2*PI()/$Q$5)^4*A15^-4)) -> 8.0835021e+08 | R15: =$B$4*(B15^2)*($D$4^2*(2*PI())^4*A15^-5/4/PI()/$R$5^4*EXP((-1/PI())*(2*PI()/$R$5)^4*A15^-4)) -> 7.4553383e+08 | S15: =$B$4*(B15^2)*($D$4^2*(2*PI())^4*A15^-5/4/PI()/$S$5^4*EXP((-1/PI())*(2*PI()/$S$5)^4*A15^-4)) -> 6.703744e+08
A16: 0.3375 | B16: ='2.VBM_RAO'!M16 -> 782998.61 | D16: =$B$4*(B16^2)*($D$4^2*(2*PI())^4*A16^-5/4/PI()/$D$5^4*EXP((-1/PI())*(2*PI()/$D$5)^4*A16^-4)) -> 1.8238863e-99 | E16: =$B$4*(B16^2)*($D$4^2*(2*PI())^4*A16^-5/4/PI()/$E$5^4*EXP((-1/PI())*(2*PI()/$E$5)^4*A16^-4)) -> 9.7208813e-30 | F16: =$B$4*(B16^2)*($D$4^2*(2*PI())^4*A16^-5/4/PI()/$F$5^4*EXP((-1/PI())*(2*PI()/$F$5)^4*A16^-4)) -> 9.7197667e-08 | G16: =$B$4*(B16^2)*($D$4^2*(2*PI())^4*A16^-5/4/PI()/$G$5^4*EXP((-1/PI())*(2*PI()/$G$5)^4*A16^-4)) -> 34.830931 | H16: =$B$4*(B16^2)*($D$4^2*(2*PI())^4*A16^-5/4/PI()/$H$5^4*EXP((-1/PI())*(2*PI()/$H$5)^4*A16^-4)) -> 222717.71 | I16: =$B$4*(B16^2)*($D$4^2*(2*PI())^4*A16^-5/4/PI()/$I$5^4*EXP((-1/PI())*(2*PI()/$I$5)^4*A16^-4)) -> 15755150 | J16: =$B$4*(B16^2)*($D$4^2*(2*PI())^4*A16^-5/4/PI()/$J$5^4*EXP((-1/PI())*(2*PI()/$J$5)^4*A16^-4)) -> 1.4015036e+08 | K16: =$B$4*(B16^2)*($D$4^2*(2*PI())^4*A16^-5/4/PI()/$K$5^4*EXP((-1/PI())*(2*PI()/$K$5)^4*A16^-4)) -> 4.4189923e+08 | L16: =$B$4*(B16^2)*($D$4^2*(2*PI())^4*A16^-5/4/PI()/$L$5^4*EXP((-1/PI())*(2*PI()/$L$5)^4*A16^-4)) -> 8.0169539e+08 | M16: =$B$4*(B16^2)*($D$4^2*(2*PI())^4*A16^-5/4/PI()/$M$5^4*EXP((-1/PI())*(2*PI()/$M$5)^4*A16^-4)) -> 1.067649e+09 | N16: =$B$4*(B16^2)*($D$4^2*(2*PI())^4*A16^-5/4/PI()/$N$5^4*EXP((-1/PI())*(2*PI()/$N$5)^4*A16^-4)) -> 1.1883894e+09 | O16: =$B$4*(B16^2)*($D$4^2*(2*PI())^4*A16^-5/4/PI()/$O$5^4*EXP((-1/PI())*(2*PI()/$O$5)^4*A16^-4)) -> 1.1888187e+09 | P16: =$B$4*(B16^2)*($D$4^2*(2*PI())^4*A16^-5/4/PI()/$P$5^4*EXP((-1/PI())*(2*PI()/$P$5)^4*A16^-4)) -> 1.1148565e+09 | Q16: =$B$4*(B16^2)*($D$4^2*(2*PI())^4*A16^-5/4/PI()/$Q$5^4*EXP((-1/PI())*(2*PI()/$Q$5)^4*A16^-4)) -> 1.0052315e+09 | R16: =$B$4*(B16^2)*($D$4^2*(2*PI())^4*A16^-5/4/PI()/$R$5^4*EXP((-1/PI())*(2*PI()/$R$5)^4*A16^-4)) -> 8.8518495e+08 | S16: =$B$4*(B16^2)*($D$4^2*(2*PI())^4*A16^-5/4/PI()/$S$5^4*EXP((-1/PI())*(2*PI()/$S$5)^4*A16^-4)) -> 7.6875458e+08
A17: 0.36625 | B17: ='2.VBM_RAO'!M17 -> 915054.6 | D17: =$B$4*(B17^2)*($D$4^2*(2*PI())^4*A17^-5/4/PI()/$D$5^4*EXP((-1/PI())*(2*PI()/$D$5)^4*A17^-4)) -> 1.2123943e-68 | E17: =$B$4*(B17^2)*($D$4^2*(2*PI())^4*A17^-5/4/PI()/$E$5^4*EXP((-1/PI())*(2*PI()/$E$5)^4*A17^-4)) -> 1.7399596e-18 | F17: =$B$4*(B17^2)*($D$4^2*(2*PI())^4*A17^-5/4/PI()/$F$5^4*EXP((-1/PI())*(2*PI()/$F$5)^4*A17^-4)) -> 0.010164202 | G17: =$B$4*(B17^2)*($D$4^2*(2*PI())^4*A17^-5/4/PI()/$G$5^4*EXP((-1/PI())*(2*PI()/$G$5)^4*A17^-4)) -> 12430.477 | H17: =$B$4*(B17^2)*($D$4^2*(2*PI())^4*A17^-5/4/PI()/$H$5^4*EXP((-1/PI())*(2*PI()/$H$5)^4*A17^-4)) -> 5880808.1 | I17: =$B$4*(B17^2)*($D$4^2*(2*PI())^4*A17^-5/4/PI()/$I$5^4*EXP((-1/PI())*(2*PI()/$I$5)^4*A17^-4)) -> 1.1029442e+08 | J17: =$B$4*(B17^2)*($D$4^2*(2*PI())^4*A17^-5/4/PI()/$J$5^4*EXP((-1/PI())*(2*PI()/$J$5)^4*A17^-4)) -> 4.7107695e+08 | K17: =$B$4*(B17^2)*($D$4^2*(2*PI())^4*A17^-5/4/PI()/$K$5^4*EXP((-1/PI())*(2*PI()/$K$5)^4*A17^-4)) -> 9.6432365e+08 | L17: =$B$4*(B17^2)*($D$4^2*(2*PI())^4*A17^-5/4/PI()/$L$5^4*EXP((-1/PI())*(2*PI()/$L$5)^4*A17^-4)) -> 1.3386841e+09 | M17: =$B$4*(B17^2)*($D$4^2*(2*PI())^4*A17^-5/4/PI()/$M$5^4*EXP((-1/PI())*(2*PI()/$M$5)^4*A17^-4)) -> 1.4996626e+09 | N17: =$B$4*(B17^2)*($D$4^2*(2*PI())^4*A17^-5/4/PI()/$N$5^4*EXP((-1/PI())*(2*PI()/$N$5)^4*A17^-4)) -> 1.4868109e+09 | O17: =$B$4*(B17^2)*($D$4^2*(2*PI())^4*A17^-5/4/PI()/$O$5^4*EXP((-1/PI())*(2*PI()/$O$5)^4*A17^-4)) -> 1.3732347e+09 | P17: =$B$4*(B17^2)*($D$4^2*(2*PI())^4*A17^-5/4/PI()/$P$5^4*EXP((-1/PI())*(2*PI()/$P$5)^4*A17^-4)) -> 1.2170685e+09 | Q17: =$B$4*(B17^2)*($D$4^2*(2*PI())^4*A17^-5/4/PI()/$Q$5^4*EXP((-1/PI())*(2*PI()/$Q$5)^4*A17^-4)) -> 1.0534339e+09 | R17: =$B$4*(B17^2)*($D$4^2*(2*PI())^4*A17^-5/4/PI()/$R$5^4*EXP((-1/PI())*(2*PI()/$R$5)^4*A17^-4)) -> 9.0005788e+08 | S17: =$B$4*(B17^2)*($D$4^2*(2*PI())^4*A17^-5/4/PI()/$S$5^4*EXP((-1/PI())*(2*PI()/$S$5)^4*A17^-4)) -> 7.6415517e+08
... A46: 1.2 | B46: ='2.VBM_RAO'!M46 -> 56023.751 | D46: =$B$4*(B46^2)*($D$4^2*(2*PI())^4*A46^-5/4/PI()/$D$5^4*EXP((-1/PI())*(2*PI()/$D$5)^4*A46^-4)) -> 1521436.8 | E46: =$B$4*(B46^2)*($D$4^2*(2*PI())^4*A46^-5/4/PI()/$E$5^4*EXP((-1/PI())*(2*PI()/$E$5)^4*A46^-4)) -> 1530001.1 | F46: =$B$4*(B46^2)*($D$4^2*(2*PI())^4*A46^-5/4/PI()/$F$5^4*EXP((-1/PI())*(2*PI()/$F$5)^4*A46^-4)) -> 946078.53 | G46: =$B$4*(B46^2)*($D$4^2*(2*PI())^4*A46^-5/4/PI()/$G$5^4*EXP((-1/PI())*(2*PI()/$G$5)^4*A46^-4)) -> 550890.31 | H46: =$B$4*(B46^2)*($D$4^2*(2*PI())^4*A46^-5/4/PI()/$H$5^4*EXP((-1/PI())*(2*PI()/$H$5)^4*A46^-4)) -> 329489.82 | I46: =$B$4*(B46^2)*($D$4^2*(2*PI())^4*A46^-5/4/PI()/$I$5^4*EXP((-1/PI())*(2*PI()/$I$5)^4*A46^-4)) -> 205752.59 | J46: =$B$4*(B46^2)*($D$4^2*(2*PI())^4*A46^-5/4/PI()/$J$5^4*EXP((-1/PI())*(2*PI()/$J$5)^4*A46^-4)) -> 134052.4 | K46: =$B$4*(B46^2)*($D$4^2*(2*PI())^4*A46^-5/4/PI()/$K$5^4*EXP((-1/PI())*(2*PI()/$K$5)^4*A46^-4)) -> 90702.71 | L46: =$B$4*(B46^2)*($D$4^2*(2*PI())^4*A46^-5/4/PI()/$L$5^4*EXP((-1/PI())*(2*PI()/$L$5)^4*A46^-4)) -> 63415.225 | M46: =$B$4*(B46^2)*($D$4^2*(2*PI())^4*A46^-5/4/PI()/$M$5^4*EXP((-1/PI())*(2*PI()/$M$5)^4*A46^-4)) -> 45606.808 | N46: =$B$4*(B46^2)*($D$4^2*(2*PI())^4*A46^-5/4/PI()/$N$5^4*EXP((-1/PI())*(2*PI()/$N$5)^4*A46^-4)) -> 33609.522 | O46: =$B$4*(B46^2)*($D$4^2*(2*PI())^4*A46^-5/4/PI()/$O$5^4*EXP((-1/PI())*(2*PI()/$O$5)^4*A46^-4)) -> 25298.986 | P46: =$B$4*(B46^2)*($D$4^2*(2*PI())^4*A46^-5/4/PI()/$P$5^4*EXP((-1/PI())*(2*PI()/$P$5)^4*A46^-4)) -> 19399.864 | Q46: =$B$4*(B46^2)*($D$4^2*(2*PI())^4*A46^-5/4/PI()/$Q$5^4*EXP((-1/PI())*(2*PI()/$Q$5)^4*A46^-4)) -> 15121.261 | R46: =$B$4*(B46^2)*($D$4^2*(2*PI())^4*A46^-5/4/PI()/$R$5^4*EXP((-1/PI())*(2*PI()/$R$5)^4*A46^-4)) -> 11958.193 | S46: =$B$4*(B46^2)*($D$4^2*(2*PI())^4*A46^-5/4/PI()/$S$5^4*EXP((-1/PI())*(2*PI()/$S$5)^4*A46^-4)) -> 9579.6943
A47: 1.22875 | C47: sum | D47: =SUM(D6:D46) -> 21948250 | E47: =SUM(E6:E46) -> 1.2876228e+08 | F47: =SUM(F6:F46) -> 3.9753605e+08 | G47: =SUM(G6:G46) -> 9.4118782e+08 | H47: =SUM(H6:H46) -> 2.2234268e+09 | I47: =SUM(I6:I46) -> 4.2519652e+09 | J47: =SUM(J6:J46) -> 6.3646737e+09 | K47: =SUM(K6:K46) -> 7.9467307e+09 | ... S47: =SUM(S6:S46) -> 5.0087875e+09 | T47: =SUM(D47:S47) -> 8.1053046e+10
A48: w0 | B48: =A51-A50 -> 0.02875 | C48: Hs | D48: 1.5
A49: w | B49: RAO(0) | C49: Tz | D49: 3.5 | E49: 4.5 | F49: 5.5 | G49: 6.5 | H49: 7.5 | I49: 8.5 | J49: 9.5 | K49: 10.5 | L49: 11.5 | M49: 12.5 | N49: 13.5 | O49: 14.5 | P49: 15.5 | Q49: 16.5 | R49: 17.5 | S49: 18.5
A50: =A6 -> 0.05 | B50: =B6 -> 0 | D50: =$B$4*(B50^2)*($D$48^2*(2*PI())^4*A50^-5/4/PI()/$D$5^4*EXP((-1/PI())*(2*PI()/$D$5)^4*A50^-4)) -> 0 | E50: =$B$4*(B50^2)*($D$48^2*(2*PI())^4*A50^-5/4/PI()/$E$5^4*EXP((-1/PI())*(2*PI()/$E$5)^4*A50^-4)) -> 0 | F50: =$B$4*(B50^2)*($D$48^2*(2*PI())^4*A50^-5/4/PI()/$F$5^4*EXP((-1/PI())*(2*PI()/$F$5)^4*A50^-4)) -> 0 | G50: =$B$4*(B50^2)*($D$48^2*(2*PI())^4*A50^-5/4/PI()/$G$5^4*EXP((-1/PI())*(2*PI()/$G$5)^4*A50^-4)) -> 0 | H50: =$B$4*(B50^2)*($D$48^2*(2*PI())^4*A50^-5/4/PI()/$H$5^4*EXP((-1/PI())*(2*PI()/$H$5)^4*A50^-4)) -> 0 | I50: =$B$4*(B50^2)*($D$48^2*(2*PI())^4*A50^-5/4/PI()/$I$5^4*EXP((-1/PI())*(2*PI()/$I$5)^4*A50^-4)) -> 0 | J50: =$B$4*(B50^2)*($D$48^2*(2*PI())^4*A50^-5/4/PI()/$J$5^4*EXP((-1/PI())*(2*PI()/$J$5)^4*A50^-4)) -> 0 | K50: =$B$4*(B50^2)*($D$48^2*(2*PI())^4*A50^-5/4/PI()/$K$5^4*EXP((-1/PI())*(2*PI()/$K$5)^4*A50^-4)) -> 0 | L50: =$B$4*(B50^2)*($D$48^2*(2*PI())^4*A50^-5/4/PI()/$L$5^4*EXP((-1/PI())*(2*PI()/$L$5)^4*A50^-4)) -> 0 | M50: =$B$4*(B50^2)*($D$48^2*(2*PI())^4*A50^-5/4/PI()/$M$5^4*EXP((-1/PI())*(2*PI()/$M$5)^4*A50^-4)) -> 0 | N50: =$B$4*(B50^2)*($D$48^2*(2*PI())^4*A50^-5/4/PI()/$N$5^4*EXP((-1/PI())*(2*PI()/$N$5)^4*A50^-4)) -> 0 | O50: =$B$4*(B50^2)*($D$48^2*(2*PI())^4*A50^-5/4/PI()/$O$5^4*EXP((-1/PI())*(2*PI()/$O$5)^4*A50^-4)) -> 0 | P50: =$B$4*(B50^2)*($D$48^2*(2*PI())^4*A50^-5/4/PI()/$P$5^4*EXP((-1/PI())*(2*PI()/$P$5)^4*A50^-4)) -> 0 | Q50: =$B$4*(B50^2)*($D$48^2*(2*PI())^4*A50^-5/4/PI()/$Q$5^4*EXP((-1/PI())*(2*PI()/$Q$5)^4*A50^-4)) -> 0 | R50: =$B$4*(B50^2)*($D$48^2*(2*PI())^4*A50^-5/4/PI()/$R$5^4*EXP((-1/PI())*(2*PI()/$R$5)^4*A50^-4)) -> 0 | S50: =$B$4*(B50^2)*($D$48^2*(2*PI())^4*A50^-5/4/PI()/$S$5^4*EXP((-1/PI())*(2*PI()/$S$5)^4*A50^-4)) -> 0
A51: =A7 -> 0.07875 | B51: =B7 -> 2667.7977 | D51: =$B$4*(B51^2)*($D$48^2*(2*PI())^4*A51^-5/4/PI()/$D$5^4*EXP((-1/PI())*(2*PI()/$D$5)^4*A51^-4)) -> 0 | E51: =$B$4*(B51^2)*($D$48^2*(2*PI())^4*A51^-5/4/PI()/$E$5^4*EXP((-1/PI())*(2*PI()/$E$5)^4*A51^-4)) -> 0 | F51: =$B$4*(B51^2)*($D$48^2*(2*PI())^4*A51^-5/4/PI()/$F$5^4*EXP((-1/PI())*(2*PI()/$F$5)^4*A51^-4)) -> 0 | G51: =$B$4*(B51^2)*($D$48^2*(2*PI())^4*A51^-5/4/PI()/$G$5^4*EXP((-1/PI())*(2*PI()/$G$5)^4*A51^-4)) -> 0 | H51: =$B$4*(B51^2)*($D$48^2*(2*PI())^4*A51^-5/4/PI()/$H$5^4*EXP((-1/PI())*(2*PI()/$H$5)^4*A51^-4)) -> 0 | I51: =$B$4*(B51^2)*($D$48^2*(2*PI())^4*A51^-5/4/PI()/$I$5^4*EXP((-1/PI())*(2*PI()/$I$5)^4*A51^-4)) -> 0 | J51: =$B$4*(B51^2)*($D$48^2*(2*PI())^4*A51^-5/4/PI()/$J$5^4*EXP((-1/PI())*(2*PI()/$J$5)^4*A51^-4)) -> 0 | K51: =$B$4*(B51^2)*($D$48^2*(2*PI())^4*A51^-5/4/PI()/$K$5^4*EXP((-1/PI())*(2*PI()/$K$5)^4*A51^-4)) -> 0 | L51: =$B$4*(B51^2)*($D$48^2*(2*PI())^4*A51^-5/4/PI()/$L$5^4*EXP((-1/PI())*(2*PI()/$L$5)^4*A51^-4)) -> 0 | M51: =$B$4*(B51^2)*($D$48^2*(2*PI())^4*A51^-5/4/PI()/$M$5^4*EXP((-1/PI())*(2*PI()/$M$5)^4*A51^-4)) -> 2.6625723e-221 | N51: =$B$4*(B51^2)*($D$48^2*(2*PI())^4*A51^-5/4/PI()/$N$5^4*EXP((-1/PI())*(2*PI()/$N$5)^4*A51^-4)) -> 1.2368108e-160 | O51: =$B$4*(B51^2)*($D$48^2*(2*PI())^4*A51^-5/4/PI()/$O$5^4*EXP((-1/PI())*(2*PI()/$O$5)^4*A51^-4)) -> 7.9404882e-119 | P51: =$B$4*(B51^2)*($D$48^2*(2*PI())^4*A51^-5/4/PI()/$P$5^4*EXP((-1/PI())*(2*PI()/$P$5)^4*A51^-4)) -> 2.8674887e-89 | Q51: =$B$4*(B51^2)*($D$48^2*(2*PI())^4*A51^-5/4/PI()/$Q$5^4*EXP((-1/PI())*(2*PI()/$Q$5)^4*A51^-4)) -> 6.666245e-68 | R51: =$B$4*(B51^2)*($D$48^2*(2*PI())^4*A51^-5/4/PI()/$R$5^4*EXP((-1/PI())*(2*PI()/$R$5)^4*A51^-4)) -> 3.7348616e-52 | S51: =$B$4*(B51^2)*($D$48^2*(2*PI())^4*A51^-5/4/PI()/$S$5^4*EXP((-1/PI())*(2*PI()/$S$5)^4*A51^-4)) -> 2.4022607e-40
A52: =A8 -> 0.1075 | B52: =B8 -> 12005.089 | D52: =$B$4*(B52^2)*($D$48^2*(2*PI())^4*A52^-5/4/PI()/$D$5^4*EXP((-1/PI())*(2*PI()/$D$5)^4*A52^-4)) -> 0 | E52: =$B$4*(B52^2)*($D$48^2*(2*PI())^4*A52^-5/4/PI()/$E$5^4*EXP((-1/PI())*(2*PI()/$E$5)^4*A52^-4)) -> 0 | F52: =$B$4*(B52^2)*($D$48^2*(2*PI())^4*A52^-5/4/PI()/$F$5^4*EXP((-1/PI())*(2*PI()/$F$5)^4*A52^-4)) -> 0 | G52: =$B$4*(B52^2)*($D$48^2*(2*PI())^4*A52^-5/4/PI()/$G$5^4*EXP((-1/PI())*(2*PI()/$G$5)^4*A52^-4)) -> 0 | H52: =$B$4*(B52^2)*($D$48^2*(2*PI())^4*A52^-5/4/PI()/$H$5^4*EXP((-1/PI())*(2*PI()/$H$5)^4*A52^-4)) -> 0 | I52: =$B$4*(B52^2)*($D$48^2*(2*PI())^4*A52^-5/4/PI()/$I$5^4*EXP((-1/PI())*(2*PI()/$I$5)^4*A52^-4)) -> 1.3404122e-299 | J52: =$B$4*(B52^2)*($D$48^2*(2*PI())^4*A52^-5/4/PI()/$J$5^4*EXP((-1/PI())*(2*PI()/$J$5)^4*A52^-4)) -> 8.3553064e-189 | K52: =$B$4*(B52^2)*($D$48^2*(2*PI())^4*A52^-5/4/PI()/$K$5^4*EXP((-1/PI())*(2*PI()/$K$5)^4*A52^-4)) -> 1.239273e-123 | L52: =$B$4*(B52^2)*($D$48^2*(2*PI())^4*A52^-5/4/PI()/$L$5^4*EXP((-1/PI())*(2*PI()/$L$5)^4*A52^-4)) -> 2.6377325e-83 | M52: =$B$4*(B52^2)*($D$48^2*(2*PI())^4*A52^-5/4/PI()/$M$5^4*EXP((-1/PI())*(2*PI()/$M$5)^4*A52^-4)) -> 2.7343972e-57 | N52: =$B$4*(B52^2)*($D$48^2*(2*PI())^4*A52^-5/4/PI()/$N$5^4*EXP((-1/PI())*(2*PI()/$N$5)^4*A52^-4)) -> 6.498241e-40 | O52: =$B$4*(B52^2)*($D$48^2*(2*PI())^4*A52^-5/4/PI()/$O$5^4*EXP((-1/PI())*(2*PI()/$O$5)^4*A52^-4)) -> 5.8118311e-28 | P52: =$B$4*(B52^2)*($D$48^2*(2*PI())^4*A52^-5/4/PI()/$P$5^4*EXP((-1/PI())*(2*PI()/$P$5)^4*A52^-4)) -> 1.5629848e-19 | Q52: =$B$4*(B52^2)*($D$48^2*(2*PI())^4*A52^-5/4/PI()/$Q$5^4*EXP((-1/PI())*(2*PI()/$Q$5)^4*A52^-4)) -> 1.861227e-13 | R52: =$B$4*(B52^2)*($D$48^2*(2*PI())^4*A52^-5/4/PI()/$R$5^4*EXP((-1/PI())*(2*PI()/$R$5)^4*A52^-4)) -> 5.3988995e-09 | S52: =$B$4*(B52^2)*($D$48^2*(2*PI())^4*A52^-5/4/PI()/$S$5^4*EXP((-1/PI())*(2*PI()/$S$5)^4*A52^-4)) -> 1.1592734e-05
A53: =A9 -> 0.13625 | B53: =B9 -> 32013.572 | D53: =$B$4*(B53^2)*($D$48^2*(2*PI())^4*A53^-5/4/PI()/$D$5^4*EXP((-1/PI())*(2*PI()/$D$5)^4*A53^-4)) -> 0 | E53: =$B$4*(B53^2)*($D$48^2*(2*PI())^4*A53^-5/4/PI()/$E$5^4*EXP((-1/PI())*(2*PI()/$E$5)^4*A53^-4)) -> 0 | F53: =$B$4*(B53^2)*($D$48^2*(2*PI())^4*A53^-5/4/PI()/$F$5^4*EXP((-1/PI())*(2*PI()/$F$5)^4*A53^-4)) -> 0 | G53: =$B$4*(B53^2)*($D$48^2*(2*PI())^4*A53^-5/4/PI()/$G$5^4*EXP((-1/PI())*(2*PI()/$G$5)^4*A53^-4)) -> 0 | H53: =$B$4*(B53^2)*($D$48^2*(2*PI())^4*A53^-5/4/PI()/$H$5^4*EXP((-1/PI())*(2*PI()/$H$5)^4*A53^-4)) -> 1.4257627e-187 | I53: =$B$4*(B53^2)*($D$48^2*(2*PI())^4*A53^-5/4/PI()/$I$5^4*EXP((-1/PI())*(2*PI()/$I$5)^4*A53^-4)) -> 5.7546704e-110 | J53: =$B$4*(B53^2)*($D$48^2*(2*PI())^4*A53^-5/4/PI()/$J$5^4*EXP((-1/PI())*(2*PI()/$J$5)^4*A53^-4)) -> 3.7689864e-67 | K53: =$B$4*(B53^2)*($D$48^2*(2*PI())^4*A53^-5/4/PI()/$K$5^4*EXP((-1/PI())*(2*PI()/$K$5)^4*A53^-4)) -> 5.302913e-42 | L53: =$B$4*(B53^2)*($D$48^2*(2*PI())^4*A53^-5/4/PI()/$L$5^4*EXP((-1/PI())*(2*PI()/$L$5)^4*A53^-4)) -> 1.8006326e-26 | M53: =$B$4*(B53^2)*($D$48^2*(2*PI())^4*A53^-5/4/PI()/$M$5^4*EXP((-1/PI())*(2*PI()/$M$5)^4*A53^-4)) -> 1.7706724e-16 | N53: =$B$4*(B53^2)*($D$48^2*(2*PI())^4*A53^-5/4/PI()/$N$5^4*EXP((-1/PI())*(2*PI()/$N$5)^4*A53^-4)) -> 7.9373612e-10 | O53: =$B$4*(B53^2)*($D$48^2*(2*PI())^4*A53^-5/4/PI()/$O$5^4*EXP((-1/PI())*(2*PI()/$O$5)^4*A53^-4)) -> 2.8512068e-05 | P53: =$B$4*(B53^2)*($D$48^2*(2*PI())^4*A53^-5/4/PI()/$P$5^4*EXP((-1/PI())*(2*PI()/$P$5)^4*A53^-4)) -> 0.04473801 | Q53: =$B$4*(B53^2)*($D$48^2*(2*PI())^4*A53^-5/4/PI()/$Q$5^4*EXP((-1/PI())*(2*PI()/$Q$5)^4*A53^-4)) -> 8.6822505 | R53: =$B$4*(B53^2)*($D$48^2*(2*PI())^4*A53^-5/4/PI()/$R$5^4*EXP((-1/PI())*(2*PI()/$R$5)^4*A53^-4)) -> 403.00589 | S53: =$B$4*(B53^2)*($D$48^2*(2*PI())^4*A53^-5/4/PI()/$S$5^4*EXP((-1/PI())*(2*PI()/$S$5)^4*A53^-4)) -> 6876.0161
A54: =A10 -> 0.165 | B54: =B10 -> 70029.689 | D54: =$B$4*(B54^2)*($D$48^2*(2*PI())^4*A54^-5/4/PI()/$D$5^4*EXP((-1/PI())*(2*PI()/$D$5)^4*A54^-4)) -> 0 | E54: =$B$4*(B54^2)*($D$48^2*(2*PI())^4*A54^-5/4/PI()/$E$5^4*EXP((-1/PI())*(2*PI()/$E$5)^4*A54^-4)) -> 0 | F54: =$B$4*(B54^2)*($D$48^2*(2*PI())^4*A54^-5/4/PI()/$F$5^4*EXP((-1/PI())*(2*PI()/$F$5)^4*A54^-4)) -> 0 | G54: =$B$4*(B54^2)*($D$48^2*(2*PI())^4*A54^-5/4/PI()/$G$5^4*EXP((-1/PI())*(2*PI()/$G$5)^4*A54^-4)) -> 2.5969632e-152 | H54: =$B$4*(B54^2)*($D$48^2*(2*PI())^4*A54^-5/4/PI()/$H$5^4*EXP((-1/PI())*(2*PI()/$H$5)^4*A54^-4)) -> 1.3720308e-81 | I54: =$B$4*(B54^2)*($D$48^2*(2*PI())^4*A54^-5/4/PI()/$I$5^4*EXP((-1/PI())*(2*PI()/$I$5)^4*A54^-4)) -> 1.2713331e-45 | J54: =$B$4*(B54^2)*($D$48^2*(2*PI())^4*A54^-5/4/PI()/$J$5^4*EXP((-1/PI())*(2*PI()/$J$5)^4*A54^-4)) -> 8.0994709e-26 | K54: =$B$4*(B54^2)*($D$48^2*(2*PI())^4*A54^-5/4/PI()/$K$5^4*EXP((-1/PI())*(2*PI()/$K$5)^4*A54^-4)) -> 3.2228316e-14 | L54: =$B$4*(B54^2)*($D$48^2*(2*PI())^4*A54^-5/4/PI()/$L$5^4*EXP((-1/PI())*(2*PI()/$L$5)^4*A54^-4)) -> 4.4141365e-07 | M54: =$B$4*(B54^2)*($D$48^2*(2*PI())^4*A54^-5/4/PI()/$M$5^4*EXP((-1/PI())*(2*PI()/$M$5)^4*A54^-4)) -> 0.016349331 | N54: =$B$4*(B54^2)*($D$48^2*(2*PI())^4*A54^-5/4/PI()/$N$5^4*EXP((-1/PI())*(2*PI()/$N$5)^4*A54^-4)) -> 17.164383 | O54: =$B$4*(B54^2)*($D$48^2*(2*PI())^4*A54^-5/4/PI()/$O$5^4*EXP((-1/PI())*(2*PI()/$O$5)^4*A54^-4)) -> 1933.0364 | P54: =$B$4*(B54^2)*($D$48^2*(2*PI())^4*A54^-5/4/PI()/$P$5^4*EXP((-1/PI())*(2*PI()/$P$5)^4*A54^-4)) -> 51295.902 | Q54: =$B$4*(B54^2)*($D$48^2*(2*PI())^4*A54^-5/4/PI()/$Q$5^4*EXP((-1/PI())*(2*PI()/$Q$5)^4*A54^-4)) -> 519716.75 | R54: =$B$4*(B54^2)*($D$48^2*(2*PI())^4*A54^-5/4/PI()/$R$5^4*EXP((-1/PI())*(2*PI()/$R$5)^4*A54^-4)) -> 2729014.6 | S54: =$B$4*(B54^2)*($D$48^2*(2*PI())^4*A54^-5/4/PI()/$S$5^4*EXP((-1/PI())*(2*PI()/$S$5)^4*A54^-4)) -> 9061308.7
A55: =A11 -> 0.19375 | B55: =B11 -> 129388.19 | D55: =$B$4*(B55^2)*($D$48^2*(2*PI())^4*A55^-5/4/PI()/$D$5^4*EXP((-1/PI())*(2*PI()/$D$5)^4*A55^-4)) -> 0 | E55: =$B$4*(B55^2)*($D$48^2*(2*PI())^4*A55^-5/4/PI()/$E$5^4*EXP((-1/PI())*(2*PI()/$E$5)^4*A55^-4)) -> 0 | F55: =$B$4*(B55^2)*($D$48^2*(2*PI())^4*A55^-5/4/PI()/$F$5^4*EXP((-1/PI())*(2*PI()/$F$5)^4*A55^-4)) -> 4.424903e-156 | G55: =$B$4*(B55^2)*($D$48^2*(2*PI())^4*A55^-5/4/PI()/$G$5^4*EXP((-1/PI())*(2*PI()/$G$5)^4*A55^-4)) -> 6.1520522e-75 | H55: =$B$4*(B55^2)*($D$48^2*(2*PI())^4*A55^-5/4/PI()/$H$5^4*EXP((-1/PI())*(2*PI()/$H$5)^4*A55^-4)) -> 7.4128783e-38 | I55: =$B$4*(B55^2)*($D$48^2*(2*PI())^4*A55^-5/4/PI()/$I$5^4*EXP((-1/PI())*(2*PI()/$I$5)^4*A55^-4)) -> 4.8392158e-19 | J55: =$B$4*(B55^2)*($D$48^2*(2*PI())^4*A55^-5/4/PI()/$J$5^4*EXP((-1/PI())*(2*PI()/$J$5)^4*A55^-4)) -> 1.0227981e-08 | K55: =$B$4*(B55^2)*($D$48^2*(2*PI())^4*A55^-5/4/PI()/$K$5^4*EXP((-1/PI())*(2*PI()/$K$5)^4*A55^-4)) -> 0.010681298 | L55: =$B$4*(B55^2)*($D$48^2*(2*PI())^4*A55^-5/4/PI()/$L$5^4*EXP((-1/PI())*(2*PI()/$L$5)^4*A55^-4)) -> 50.982741 | M55: =$B$4*(B55^2)*($D$48^2*(2*PI())^4*A55^-5/4/PI()/$M$5^4*EXP((-1/PI())*(2*PI()/$M$5)^4*A55^-4)) -> 11009.841 | N55: =$B$4*(B55^2)*($D$48^2*(2*PI())^4*A55^-5/4/PI()/$N$5^4*EXP((-1/PI())*(2*PI()/$N$5)^4*A55^-4)) -> 369367.62 | O55: =$B$4*(B55^2)*($D$48^2*(2*PI())^4*A55^-5/4/PI()/$O$5^4*EXP((-1/PI())*(2*PI()/$O$5)^4*A55^-4)) -> 3870093.2 | P55: =$B$4*(B55^2)*($D$48^2*(2*PI())^4*A55^-5/4/PI()/$P$5^4*EXP((-1/PI())*(2*PI()/$P$5)^4*A55^-4)) -> 19130051 | Q55: =$B$4*(B55^2)*($D$48^2*(2*PI())^4*A55^-5/4/PI()/$Q$5^4*EXP((-1/PI())*(2*PI()/$Q$5)^4*A55^-4)) -> 57438435 | R55: =$B$4*(B55^2)*($D$48^2*(2*PI())^4*A55^-5/4/PI()/$R$5^4*EXP((-1/PI())*(2*PI()/$R$5)^4*A55^-4)) -> 1.2290826e+08 | S55: =$B$4*(B55^2)*($D$48^2*(2*PI())^4*A55^-5/4/PI()/$S$5^4*EXP((-1/PI())*(2*PI()/$S$5)^4*A55^-4)) -> 2.0794782e+08
A56: =A12 -> 0.2225 | B56: =B12 -> 216758.56 | D56: =$B$4*(B56^2)*($D$48^2*(2*PI())^4*A56^-5/4/PI()/$D$5^4*EXP((-1/PI())*(2*PI()/$D$5)^4*A56^-4)) -> 0 | E56: =$B$4*(B56^2)*($D$48^2*(2*PI())^4*A56^-5/4/PI()/$E$5^4*EXP((-1/PI())*(2*PI()/$E$5)^4*A56^-4)) -> 7.0309631e-203 | F56: =$B$4*(B56^2)*($D$48^2*(2*PI())^4*A56^-5/4/PI()/$F$5^4*EXP((-1/PI())*(2*PI()/$F$5)^4*A56^-4)) -> 6.4449696e-85 | G56: =$B$4*(B56^2)*($D$48^2*(2*PI())^4*A56^-5/4/PI()/$G$5^4*EXP((-1/PI())*(2*PI()/$G$5)^4*A56^-4)) -> 2.1923298e-38 | H56: =$B$4*(B56^2)*($D$48^2*(2*PI())^4*A56^-5/4/PI()/$H$5^4*EXP((-1/PI())*(2*PI()/$H$5)^4*A56^-4)) -> 3.5955844e-17 | I56: =$B$4*(B56^2)*($D$48^2*(2*PI())^4*A56^-5/4/PI()/$I$5^4*EXP((-1/PI())*(2*PI()/$I$5)^4*A56^-4)) -> 1.9113223e-06 | J56: =$B$4*(B56^2)*($D$48^2*(2*PI())^4*A56^-5/4/PI()/$J$5^4*EXP((-1/PI())*(2*PI()/$J$5)^4*A56^-4)) -> 1.3671189 | K56: =$B$4*(B56^2)*($D$48^2*(2*PI())^4*A56^-5/4/PI()/$K$5^4*EXP((-1/PI())*(2*PI()/$K$5)^4*A56^-4)) -> 3330.9762 | L56: =$B$4*(B56^2)*($D$48^2*(2*PI())^4*A56^-5/4/PI()/$L$5^4*EXP((-1/PI())*(2*PI()/$L$5)^4*A56^-4)) -> 372057.05 | M56: =$B$4*(B56^2)*($D$48^2*(2*PI())^4*A56^-5/4/PI()/$M$5^4*EXP((-1/PI())*(2*PI()/$M$5)^4*A56^-4)) -> 7099626.2 | N56: =$B$4*(B56^2)*($D$48^2*(2*PI())^4*A56^-5/4/PI()/$N$5^4*EXP((-1/PI())*(2*PI()/$N$5)^4*A56^-4)) -> 46949778 | O56: =$B$4*(B56^2)*($D$48^2*(2*PI())^4*A56^-5/4/PI()/$O$5^4*EXP((-1/PI())*(2*PI()/$O$5)^4*A56^-4)) -> 1.6050717e+08 | P56: =$B$4*(B56^2)*($D$48^2*(2*PI())^4*A56^-5/4/PI()/$P$5^4*EXP((-1/PI())*(2*PI()/$P$5)^4*A56^-4)) -> 3.5915385e+08 | Q56: =$B$4*(B56^2)*($D$48^2*(2*PI())^4*A56^-5/4/PI()/$Q$5^4*EXP((-1/PI())*(2*PI()/$Q$5)^4*A56^-4)) -> 6.0765921e+08 | R56: =$B$4*(B56^2)*($D$48^2*(2*PI())^4*A56^-5/4/PI()/$R$5^4*EXP((-1/PI())*(2*PI()/$R$5)^4*A56^-4)) -> 8.5147845e+08 | S56: =$B$4*(B56^2)*($D$48^2*(2*PI())^4*A56^-5/4/PI()/$S$5^4*EXP((-1/PI())*(2*PI()/$S$5)^4*A56^-4)) -> 1.0482189e+09
A57: =A13 -> 0.25125 | B57: =B13 -> 331473.86 | D57: =$B$4*(B57^2)*($D$48^2*(2*PI())^4*A57^-5/4/PI()/$D$5^4*EXP((-1/PI())*(2*PI()/$D$5)^4*A57^-4)) -> 0 | E57: =$B$4*(B57^2)*($D$48^2*(2*PI())^4*A57^-5/4/PI()/$E$5^4*EXP((-1/PI())*(2*PI()/$E$5)^4*A57^-4)) -> 3.0340157e-120 | F57: =$B$4*(B57^2)*($D$48^2*(2*PI())^4*A57^-5/4/PI()/$F$5^4*EXP((-1/PI())*(2*PI()/$F$5)^4*A57^-4)) -> 7.9072476e-48 | G57: =$B$4*(B57^2)*($D$48^2*(2*PI())^4*A57^-5/4/PI()/$G$5^4*EXP((-1/PI())*(2*PI()/$G$5)^4*A57^-4)) -> 2.5389475e-19 | H57: =$B$4*(B57^2)*($D$48^2*(2*PI())^4*A57^-5/4/PI()/$H$5^4*EXP((-1/PI())*(2*PI()/$H$5)^4*A57^-4)) -> 2.2736056e-06 | I57: =$B$4*(B57^2)*($D$48^2*(2*PI())^4*A57^-5/4/PI()/$I$5^4*EXP((-1/PI())*(2*PI()/$I$5)^4*A57^-4)) -> 7.4053687 | J57: =$B$4*(B57^2)*($D$48^2*(2*PI())^4*A57^-5/4/PI()/$J$5^4*EXP((-1/PI())*(2*PI()/$J$5)^4*A57^-4)) -> 24879.116 | K57: =$B$4*(B57^2)*($D$48^2*(2*PI())^4*A57^-5/4/PI()/$K$5^4*EXP((-1/PI())*(2*PI()/$K$5)^4*A57^-4)) -> 2581443.3 | L57: =$B$4*(B57^2)*($D$48^2*(2*PI())^4*A57^-5/4/PI()/$L$5^4*EXP((-1/PI())*(2*PI()/$L$5)^4*A57^-4)) -> 40796919 | M57: =$B$4*(B57^2)*($D$48^2*(2*PI())^4*A57^-5/4/PI()/$M$5^4*EXP((-1/PI())*(2*PI()/$M$5)^4*A57^-4)) -> 2.2003273e+08 | N57: =$B$4*(B57^2)*($D$48^2*(2*PI())^4*A57^-5/4/PI()/$N$5^4*EXP((-1/PI())*(2*PI()/$N$5)^4*A57^-4)) -> 6.2457909e+08 | O57: =$B$4*(B57^2)*($D$48^2*(2*PI())^4*A57^-5/4/PI()/$O$5^4*EXP((-1/PI())*(2*PI()/$O$5)^4*A57^-4)) -> 1.1916218e+09 | P57: =$B$4*(B57^2)*($D$48^2*(2*PI())^4*A57^-5/4/PI()/$P$5^4*EXP((-1/PI())*(2*PI()/$P$5)^4*A57^-4)) -> 1.7646818e+09 | Q57: =$B$4*(B57^2)*($D$48^2*(2*PI())^4*A57^-5/4/PI()/$Q$5^4*EXP((-1/PI())*(2*PI()/$Q$5)^4*A57^-4)) -> 2.2147017e+09 | R57: =$B$4*(B57^2)*($D$48^2*(2*PI())^4*A57^-5/4/PI()/$R$5^4*EXP((-1/PI())*(2*PI()/$R$5)^4*A57^-4)) -> 2.4892874e+09 | S57: =$B$4*(B57^2)*($D$48^2*(2*PI())^4*A57^-5/4/PI()/$S$5^4*EXP((-1/PI())*(2*PI()/$S$5)^4*A57^-4)) -> 2.5967839e+09
A58: =A14 -> 0.28 | B58: =B14 -> 472200.19 | D58: =$B$4*(B58^2)*($D$48^2*(2*PI())^4*A58^-5/4/PI()/$D$5^4*EXP((-1/PI())*(2*PI()/$D$5)^4*A58^-4)) -> 1.7906645e-221 | E58: =$B$4*(B58^2)*($D$48^2*(2*PI())^4*A58^-5/4/PI()/$E$5^4*EXP((-1/PI())*(2*PI()/$E$5)^4*A58^-4)) -> 8.3660675e-74 | F58: =$B$4*(B58^2)*($D$48^2*(2*PI())^4*A58^-5/4/PI()/$F$5^4*EXP((-1/PI())*(2*PI()/$F$5)^4*A58^-4)) -> 5.6100763e-27 | G58: =$B$4*(B58^2)*($D$48^2*(2*PI())^4*A58^-5/4/PI()/$G$5^4*EXP((-1/PI())*(2*PI()/$G$5)^4*A58^-4)) -> 1.3441423e-08 | H58: =$B$4*(B58^2)*($D$48^2*(2*PI())^4*A58^-5/4/PI()/$H$5^4*EXP((-1/PI())*(2*PI()/$H$5)^4*A58^-4)) -> 2.7425525 | I58: =$B$4*(B58^2)*($D$48^2*(2*PI())^4*A58^-5/4/PI()/$I$5^4*EXP((-1/PI())*(2*PI()/$I$5)^4*A58^-4)) -> 38380.921 | J58: =$B$4*(B58^2)*($D$48^2*(2*PI())^4*A58^-5/4/PI()/$J$5^4*EXP((-1/PI())*(2*PI()/$J$5)^4*A58^-4)) -> 6343699.9 | K58: =$B$4*(B58^2)*($D$48^2*(2*PI())^4*A58^-5/4/PI()/$K$5^4*EXP((-1/PI())*(2*PI()/$K$5)^4*A58^-4)) -> 1.1174769e+08 | L58: =$B$4*(B58^2)*($D$48^2*(2*PI())^4*A58^-5/4/PI()/$L$5^4*EXP((-1/PI())*(2*PI()/$L$5)^4*A58^-4)) -> 5.8864009e+08 | M58: =$B$4*(B58^2)*($D$48^2*(2*PI())^4*A58^-5/4/PI()/$M$5^4*EXP((-1/PI())*(2*PI()/$M$5)^4*A58^-4)) -> 1.5609625e+09 | N58: =$B$4*(B58^2)*($D$48^2*(2*PI())^4*A58^-5/4/PI()/$N$5^4*EXP((-1/PI())*(2*PI()/$N$5)^4*A58^-4)) -> 2.7550588e+09 | O58: =$B$4*(B58^2)*($D$48^2*(2*PI())^4*A58^-5/4/PI()/$O$5^4*EXP((-1/PI())*(2*PI()/$O$5)^4*A58^-4)) -> 3.7875891e+09 | P58: =$B$4*(B58^2)*($D$48^2*(2*PI())^4*A58^-5/4/PI()/$P$5^4*EXP((-1/PI())*(2*PI()/$P$5)^4*A58^-4)) -> 4.4481244e+09 | Q58: =$B$4*(B58^2)*($D$48^2*(2*PI())^4*A58^-5/4/PI()/$Q$5^4*EXP((-1/PI())*(2*PI()/$Q$5)^4*A58^-4)) -> 4.7199584e+09 | R58: =$B$4*(B58^2)*($D$48^2*(2*PI())^4*A58^-5/4/PI()/$R$5^4*EXP((-1/PI())*(2*PI()/$R$5)^4*A58^-4)) -> 4.6870536e+09 | S58: =$B$4*(B58^2)*($D$48^2*(2*PI())^4*A58^-5/4/PI()/$S$5^4*EXP((-1/PI())*(2*PI()/$S$5)^4*A58^-4)) -> 4.4550719e+09
A59: =A15 -> 0.30875 | B59: =B15 -> 627599.4 | D59: =$B$4*(B59^2)*($D$48^2*(2*PI())^4*A59^-5/4/PI()/$D$5^4*EXP((-1/PI())*(2*PI()/$D$5)^4*A59^-4)) -> 7.5259013e-146 | E59: =$B$4*(B59^2)*($D$48^2*(2*PI())^4*A59^-5/4/PI()/$E$5^4*EXP((-1/PI())*(2*PI()/$E$5)^4*A59^-4)) -> 4.1599596e-46 | F59: =$B$4*(B59^2)*($D$48^2*(2*PI())^4*A59^-5/4/PI()/$F$5^4*EXP((-1/PI())*(2*PI()/$F$5)^4*A59^-4)) -> 1.5126538e-14 | G59: =$B$4*(B59^2)*($D$48^2*(2*PI())^4*A59^-5/4/PI()/$G$5^4*EXP((-1/PI())*(2*PI()/$G$5)^4*A59^-4)) -> 0.032940265 | H59: =$B$4*(B59^2)*($D$48^2*(2*PI())^4*A59^-5/4/PI()/$H$5^4*EXP((-1/PI())*(2*PI()/$H$5)^4*A59^-4)) -> 11428.238 | I59: =$B$4*(B59^2)*($D$48^2*(2*PI())^4*A59^-5/4/PI()/$I$5^4*EXP((-1/PI())*(2*PI()/$I$5)^4*A59^-4)) -> 6193710 | J59: =$B$4*(B59^2)*($D$48^2*(2*PI())^4*A59^-5/4/PI()/$J$5^4*EXP((-1/PI())*(2*PI()/$J$5)^4*A59^-4)) -> 1.6976051e+08 | K59: =$B$4*(B59^2)*($D$48^2*(2*PI())^4*A59^-5/4/PI()/$K$5^4*EXP((-1/PI())*(2*PI()/$K$5)^4*A59^-4)) -> 1.0382457e+09 | L59: =$B$4*(B59^2)*($D$48^2*(2*PI())^4*A59^-5/4/PI()/$L$5^4*EXP((-1/PI())*(2*PI()/$L$5)^4*A59^-4)) -> 2.8396124e+09 | M59: =$B$4*(B59^2)*($D$48^2*(2*PI())^4*A59^-5/4/PI()/$M$5^4*EXP((-1/PI())*(2*PI()/$M$5)^4*A59^-4)) -> 4.9302716e+09 | N59: =$B$4*(B59^2)*($D$48^2*(2*PI())^4*A59^-5/4/PI()/$N$5^4*EXP((-1/PI())*(2*PI()/$N$5)^4*A59^-4)) -> 6.5539239e+09 | O59: =$B$4*(B59^2)*($D$48^2*(2*PI())^4*A59^-5/4/PI()/$O$5^4*EXP((-1/PI())*(2*PI()/$O$5)^4*A59^-4)) -> 7.4102195e+09 | P59: =$B$4*(B59^2)*($D$48^2*(2*PI())^4*A59^-5/4/PI()/$P$5^4*EXP((-1/PI())*(2*PI()/$P$5)^4*A59^-4)) -> 7.5781445e+09 | Q59: =$B$4*(B59^2)*($D$48^2*(2*PI())^4*A59^-5/4/PI()/$Q$5^4*EXP((-1/PI())*(2*PI()/$Q$5)^4*A59^-4)) -> 7.2751519e+09 | R59: =$B$4*(B59^2)*($D$48^2*(2*PI())^4*A59^-5/4/PI()/$R$5^4*EXP((-1/PI())*(2*PI()/$R$5)^4*A59^-4)) -> 6.7098044e+09 | S59: =$B$4*(B59^2)*($D$48^2*(2*PI())^4*A59^-5/4/PI()/$S$5^4*EXP((-1/PI())*(2*PI()/$S$5)^4*A59^-4)) -> 6.0333696e+09
A60: =A16 -> 0.3375 | B60: =B16 -> 782998.61 | D60: =$B$4*(B60^2)*($D$48^2*(2*PI())^4*A60^-5/4/PI()/$D$5^4*EXP((-1/PI())*(2*PI()/$D$5)^4*A60^-4)) -> 1.6414977e-98 | E60: =$B$4*(B60^2)*($D$48^2*(2*PI())^4*A60^-5/4/PI()/$E$5^4*EXP((-1/PI())*(2*PI()/$E$5)^4*A60^-4)) -> 8.7487931e-29 | F60: =$B$4*(B60^2)*($D$48^2*(2*PI())^4*A60^-5/4/PI()/$F$5^4*EXP((-1/PI())*(2*PI()/$F$5)^4*A60^-4)) -> 8.74779e-07 | G60: =$B$4*(B60^2)*($D$48^2*(2*PI())^4*A60^-5/4/PI()/$G$5^4*EXP((-1/PI())*(2*PI()/$G$5)^4*A60^-4)) -> 313.47838 | H60: =$B$4*(B60^2)*($D$48^2*(2*PI())^4*A60^-5/4/PI()/$H$5^4*EXP((-1/PI())*(2*PI()/$H$5)^4*A60^-4)) -> 2004459.4 | I60: =$B$4*(B60^2)*($D$48^2*(2*PI())^4*A60^-5/4/PI()/$I$5^4*EXP((-1/PI())*(2*PI()/$I$5)^4*A60^-4)) -> 1.4179635e+08 | J60: =$B$4*(B60^2)*($D$48^2*(2*PI())^4*A60^-5/4/PI()/$J$5^4*EXP((-1/PI())*(2*PI()/$J$5)^4*A60^-4)) -> 1.2613533e+09 | K60: =$B$4*(B60^2)*($D$48^2*(2*PI())^4*A60^-5/4/PI()/$K$5^4*EXP((-1/PI())*(2*PI()/$K$5)^4*A60^-4)) -> 3.977093e+09 | L60: =$B$4*(B60^2)*($D$48^2*(2*PI())^4*A60^-5/4/PI()/$L$5^4*EXP((-1/PI())*(2*PI()/$L$5)^4*A60^-4)) -> 7.2152585e+09 | M60: =$B$4*(B60^2)*($D$48^2*(2*PI())^4*A60^-5/4/PI()/$M$5^4*EXP((-1/PI())*(2*PI()/$M$5)^4*A60^-4)) -> 9.6088413e+09 | N60: =$B$4*(B60^2)*($D$48^2*(2*PI())^4*A60^-5/4/PI()/$N$5^4*EXP((-1/PI())*(2*PI()/$N$5)^4*A60^-4)) -> 1.0695505e+10 | O60: =$B$4*(B60^2)*($D$48^2*(2*PI())^4*A60^-5/4/PI()/$O$5^4*EXP((-1/PI())*(2*PI()/$O$5)^4*A60^-4)) -> 1.0699368e+10 | P60: =$B$4*(B60^2)*($D$48^2*(2*PI())^4*A60^-5/4/PI()/$P$5^4*EXP((-1/PI())*(2*PI()/$P$5)^4*A60^-4)) -> 1.0033709e+10 | Q60: =$B$4*(B60^2)*($D$48^2*(2*PI())^4*A60^-5/4/PI()/$Q$5^4*EXP((-1/PI())*(2*PI()/$Q$5)^4*A60^-4)) -> 9.0470837e+09 | R60: =$B$4*(B60^2)*($D$48^2*(2*PI())^4*A60^-5/4/PI()/$R$5^4*EXP((-1/PI())*(2*PI()/$R$5)^4*A60^-4)) -> 7.9666645e+09 | S60: =$B$4*(B60^2)*($D$48^2*(2*PI())^4*A60^-5/4/PI()/$S$5^4*EXP((-1/PI())*(2*PI()/$S$5)^4*A60^-4)) -> 6.9187913e+09
A61: =A17 -> 0.36625 | B61: =B17 -> 915054.6 | D61: =$B$4*(B61^2)*($D$48^2*(2*PI())^4*A61^-5/4/PI()/$D$5^4*EXP((-1/PI())*(2*PI()/$D$5)^4*A61^-4)) -> 1.0911548e-67 | E61: =$B$4*(B61^2)*($D$48^2*(2*PI())^4*A61^-5/4/PI()/$E$5^4*EXP((-1/PI())*(2*PI()/$E$5)^4*A61^-4)) -> 1.5659636e-17 | F61: =$B$4*(B61^2)*($D$48^2*(2*PI())^4*A61^-5/4/PI()/$F$5^4*EXP((-1/PI())*(2*PI()/$F$5)^4*A61^-4)) -> 0.091477819 | G61: =$B$4*(B61^2)*($D$48^2*(2*PI())^4*A61^-5/4/PI()/$G$5^4*EXP((-1/PI())*(2*PI()/$G$5)^4*A61^-4)) -> 111874.29 | H61: =$B$4*(B61^2)*($D$48^2*(2*PI())^4*A61^-5/4/PI()/$H$5^4*EXP((-1/PI())*(2*PI()/$H$5)^4*A61^-4)) -> 52927273 | I61: =$B$4*(B61^2)*($D$48^2*(2*PI())^4*A61^-5/4/PI()/$I$5^4*EXP((-1/PI())*(2*PI()/$I$5)^4*A61^-4)) -> 9.9264982e+08 | J61: =$B$4*(B61^2)*($D$48^2*(2*PI())^4*A61^-5/4/PI()/$J$5^4*EXP((-1/PI())*(2*PI()/$J$5)^4*A61^-4)) -> 4.2396925e+09 | K61: =$B$4*(B61^2)*($D$48^2*(2*PI())^4*A61^-5/4/PI()/$K$5^4*EXP((-1/PI())*(2*PI()/$K$5)^4*A61^-4)) -> 8.6789129e+09 | L61: =$B$4*(B61^2)*($D$48^2*(2*PI())^4*A61^-5/4/PI()/$L$5^4*EXP((-1/PI())*(2*PI()/$L$5)^4*A61^-4)) -> 1.2048157e+10 | M61: =$B$4*(B61^2)*($D$48^2*(2*PI())^4*A61^-5/4/PI()/$M$5^4*EXP((-1/PI())*(2*PI()/$M$5)^4*A61^-4)) -> 1.3496964e+10 | N61: =$B$4*(B61^2)*($D$48^2*(2*PI())^4*A61^-5/4/PI()/$N$5^4*EXP((-1/PI())*(2*PI()/$N$5)^4*A61^-4)) -> 1.3381298e+10 | O61: =$B$4*(B61^2)*($D$48^2*(2*PI())^4*A61^-5/4/PI()/$O$5^4*EXP((-1/PI())*(2*PI()/$O$5)^4*A61^-4)) -> 1.2359113e+10 | P61: =$B$4*(B61^2)*($D$48^2*(2*PI())^4*A61^-5/4/PI()/$P$5^4*EXP((-1/PI())*(2*PI()/$P$5)^4*A61^-4)) -> 1.0953616e+10 | Q61: =$B$4*(B61^2)*($D$48^2*(2*PI())^4*A61^-5/4/PI()/$Q$5^4*EXP((-1/PI())*(2*PI()/$Q$5)^4*A61^-4)) -> 9.4809053e+09 | R61: =$B$4*(B61^2)*($D$48^2*(2*PI())^4*A61^-5/4/PI()/$R$5^4*EXP((-1/PI())*(2*PI()/$R$5)^4*A61^-4)) -> 8.1005209e+09 | S61: =$B$4*(B61^2)*($D$48^2*(2*PI())^4*A61^-5/4/PI()/$S$5^4*EXP((-1/PI())*(2*PI()/$S$5)^4*A61^-4)) -> 6.8773965e+09
... A90: =A46 -> 1.2 | B90: =B46 -> 56023.751 | D90: =$B$4*(B90^2)*($D$48^2*(2*PI())^4*A90^-5/4/PI()/$D$5^4*EXP((-1/PI())*(2*PI()/$D$5)^4*A90^-4)) -> 13692931 | E90: =$B$4*(B90^2)*($D$48^2*(2*PI())^4*A90^-5/4/PI()/$E$5^4*EXP((-1/PI())*(2*PI()/$E$5)^4*A90^-4)) -> 13770009 | F90: =$B$4*(B90^2)*($D$48^2*(2*PI())^4*A90^-5/4/PI()/$F$5^4*EXP((-1/PI())*(2*PI()/$F$5)^4*A90^-4)) -> 8514706.8 | G90: =$B$4*(B90^2)*($D$48^2*(2*PI())^4*A90^-5/4/PI()/$G$5^4*EXP((-1/PI())*(2*PI()/$G$5)^4*A90^-4)) -> 4958012.8 | H90: =$B$4*(B90^2)*($D$48^2*(2*PI())^4*A90^-5/4/PI()/$H$5^4*EXP((-1/PI())*(2*PI()/$H$5)^4*A90^-4)) -> 2965408.4 | I90: =$B$4*(B90^2)*($D$48^2*(2*PI())^4*A90^-5/4/PI()/$I$5^4*EXP((-1/PI())*(2*PI()/$I$5)^4*A90^-4)) -> 1851773.3 | J90: =$B$4*(B90^2)*($D$48^2*(2*PI())^4*A90^-5/4/PI()/$J$5^4*EXP((-1/PI())*(2*PI()/$J$5)^4*A90^-4)) -> 1206471.6 | K90: =$B$4*(B90^2)*($D$48^2*(2*PI())^4*A90^-5/4/PI()/$K$5^4*EXP((-1/PI())*(2*PI()/$K$5)^4*A90^-4)) -> 816324.39 | L90: =$B$4*(B90^2)*($D$48^2*(2*PI())^4*A90^-5/4/PI()/$L$5^4*EXP((-1/PI())*(2*PI()/$L$5)^4*A90^-4)) -> 570737.03 | M90: =$B$4*(B90^2)*($D$48^2*(2*PI())^4*A90^-5/4/PI()/$M$5^4*EXP((-1/PI())*(2*PI()/$M$5)^4*A90^-4)) -> 410461.27 | N90: =$B$4*(B90^2)*($D$48^2*(2*PI())^4*A90^-5/4/PI()/$N$5^4*EXP((-1/PI())*(2*PI()/$N$5)^4*A90^-4)) -> 302485.7 | O90: =$B$4*(B90^2)*($D$48^2*(2*PI())^4*A90^-5/4/PI()/$O$5^4*EXP((-1/PI())*(2*PI()/$O$5)^4*A90^-4)) -> 227690.87 | P90: =$B$4*(B90^2)*($D$48^2*(2*PI())^4*A90^-5/4/PI()/$P$5^4*EXP((-1/PI())*(2*PI()/$P$5)^4*A90^-4)) -> 174598.78 | Q90: =$B$4*(B90^2)*($D$48^2*(2*PI())^4*A90^-5/4/PI()/$Q$5^4*EXP((-1/PI())*(2*PI()/$Q$5)^4*A90^-4)) -> 136091.35 | R90: =$B$4*(B90^2)*($D$48^2*(2*PI())^4*A90^-5/4/PI()/$R$5^4*EXP((-1/PI())*(2*PI()/$R$5)^4*A90^-4)) -> 107623.74 | S90: =$B$4*(B90^2)*($D$48^2*(2*PI())^4*A90^-5/4/PI()/$S$5^4*EXP((-1/PI())*(2*PI()/$S$5)^4*A90^-4)) -> 86217.249
C91: sum | D91: =SUM(D50:D90) -> 1.9753425e+08 | E91: =SUM(E50:E90) -> 1.1588605e+09 | F91: =SUM(F50:F90) -> 3.5778245e+09 | G91: =SUM(G50:G90) -> 8.4706904e+09 | H91: =SUM(H50:H90) -> 2.0010841e+10 | I91: =SUM(I50:I90) -> 3.8267687e+10 | J91: =SUM(J50:J90) -> 5.7282063e+10 | K91: =SUM(K50:K90) -> 7.1520577e+10 | ... S91: =SUM(S50:S90) -> 4.5079087e+10 | T91: =SUM(D91:S91) -> 7.2947741e+11
A92: w0 | B92: =A95-A94 -> 0.02875 | C92: Hs | D92: 2.5
A93: w | B93: RAO(0) | C93: Tz | D93: 3.5 | E93: 4.5 | F93: 5.5 | G93: 6.5 | H93: 7.5 | I93: 8.5 | J93: 9.5 | K93: 10.5 | L93: 11.5 | M93: 12.5 | N93: 13.5 | O93: 14.5 | P93: 15.5 | Q93: 16.5 | R93: 17.5 | S93: 18.5
A94: =A50 -> 0.05 | B94: =B50 -> 0 | D94: =$B$4*(B94^2)*($D$92^2*(2*PI())^4*A94^-5/4/PI()/$D$5^4*EXP((-1/PI())*(2*PI()/$D$5)^4*A94^-4)) -> 0 | E94: =$B$4*(B94^2)*($D$92^2*(2*PI())^4*A94^-5/4/PI()/$E$5^4*EXP((-1/PI())*(2*PI()/$E$5)^4*A94^-4)) -> 0 | F94: =$B$4*(B94^2)*($D$92^2*(2*PI())^4*A94^-5/4/PI()/$F$5^4*EXP((-1/PI())*(2*PI()/$F$5)^4*A94^-4)) -> 0 | G94: =$B$4*(B94^2)*($D$92^2*(2*PI())^4*A94^-5/4/PI()/$G$5^4*EXP((-1/PI())*(2*PI()/$G$5)^4*A94^-4)) -> 0 | H94: =$B$4*(B94^2)*($D$92^2*(2*PI())^4*A94^-5/4/PI()/$H$5^4*EXP((-1/PI())*(2*PI()/$H$5)^4*A94^-4)) -> 0 | I94: =$B$4*(B94^2)*($D$92^2*(2*PI())^4*A94^-5/4/PI()/$I$5^4*EXP((-1/PI())*(2*PI()/$I$5)^4*A94^-4)) -> 0 | J94: =$B$4*(B94^2)*($D$92^2*(2*PI())^4*A94^-5/4/PI()/$J$5^4*EXP((-1/PI())*(2*PI()/$J$5)^4*A94^-4)) -> 0 | K94: =$B$4*(B94^2)*($D$92^2*(2*PI())^4*A94^-5/4/PI()/$K$5^4*EXP((-1/PI())*(2*PI()/$K$5)^4*A94^-4)) -> 0 | L94: =$B$4*(B94^2)*($D$92^2*(2*PI())^4*A94^-5/4/PI()/$L$5^4*EXP((-1/PI())*(2*PI()/$L$5)^4*A94^-4)) -> 0 | M94: =$B$4*(B94^2)*($D$92^2*(2*PI())^4*A94^-5/4/PI()/$M$5^4*EXP((-1/PI())*(2*PI()/$M$5)^4*A94^-4)) -> 0 | N94: =$B$4*(B94^2)*($D$92^2*(2*PI())^4*A94^-5/4/PI()/$N$5^4*EXP((-1/PI())*(2*PI()/$N$5)^4*A94^-4)) -> 0 | O94: =$B$4*(B94^2)*($D$92^2*(2*PI())^4*A94^-5/4/PI()/$O$5^4*EXP((-1/PI())*(2*PI()/$O$5)^4*A94^-4)) -> 0 | P94: =$B$4*(B94^2)*($D$92^2*(2*PI())^4*A94^-5/4/PI()/$P$5^4*EXP((-1/PI())*(2*PI()/$P$5)^4*A94^-4)) -> 0 | Q94: =$B$4*(B94^2)*($D$92^2*(2*PI())^4*A94^-5/4/PI()/$Q$5^4*EXP((-1/PI())*(2*PI()/$Q$5)^4*A94^-4)) -> 0 | R94: =$B$4*(B94^2)*($D$92^2*(2*PI())^4*A94^-5/4/PI()/$R$5^4*EXP((-1/PI())*(2*PI()/$R$5)^4*A94^-4)) -> 0 | S94: =$B$4*(B94^2)*($D$92^2*(2*PI())^4*A94^-5/4/PI()/$S$5^4*EXP((-1/PI())*(2*PI()/$S$5)^4*A94^-4)) -> 0
A95: =A51 -> 0.07875 | B95: =B51 -> 2667.7977 | D95: =$B$4*(B95^2)*($D$92^2*(2*PI())^4*A95^-5/4/PI()/$D$5^4*EXP((-1/PI())*(2*PI()/$D$5)^4*A95^-4)) -> 0 | E95: =$B$4*(B95^2)*($D$92^2*(2*PI())^4*A95^-5/4/PI()/$E$5^4*EXP((-1/PI())*(2*PI()/$E$5)^4*A95^-4)) -> 0 | F95: =$B$4*(B95^2)*($D$92^2*(2*PI())^4*A95^-5/4/PI()/$F$5^4*EXP((-1/PI())*(2*PI()/$F$5)^4*A95^-4)) -> 0 | G95: =$B$4*(B95^2)*($D$92^2*(2*PI())^4*A95^-5/4/PI()/$G$5^4*EXP((-1/PI())*(2*PI()/$G$5)^4*A95^-4)) -> 0 | H95: =$B$4*(B95^2)*($D$92^2*(2*PI())^4*A95^-5/4/PI()/$H$5^4*EXP((-1/PI())*(2*PI()/$H$5)^4*A95^-4)) -> 0 | I95: =$B$4*(B95^2)*($D$92^2*(2*PI())^4*A95^-5/4/PI()/$I$5^4*EXP((-1/PI())*(2*PI()/$I$5)^4*A95^-4)) -> 0 | J95: =$B$4*(B95^2)*($D$92^2*(2*PI())^4*A95^-5/4/PI()/$J$5^4*EXP((-1/PI())*(2*PI()/$J$5)^4*A95^-4)) -> 0 | K95: =$B$4*(B95^2)*($D$92^2*(2*PI())^4*A95^-5/4/PI()/$K$5^4*EXP((-1/PI())*(2*PI()/$K$5)^4*A95^-4)) -> 0 | L95: =$B$4*(B95^2)*($D$92^2*(2*PI())^4*A95^-5/4/PI()/$L$5^4*EXP((-1/PI())*(2*PI()/$L$5)^4*A95^-4)) -> 0 | M95: =$B$4*(B95^2)*($D$92^2*(2*PI())^4*A95^-5/4/PI()/$M$5^4*EXP((-1/PI())*(2*PI()/$M$5)^4*A95^-4)) -> 7.3960342e-221 | N95: =$B$4*(B95^2)*($D$92^2*(2*PI())^4*A95^-5/4/PI()/$N$5^4*EXP((-1/PI())*(2*PI()/$N$5)^4*A95^-4)) -> 3.4355857e-160 | O95: =$B$4*(B95^2)*($D$92^2*(2*PI())^4*A95^-5/4/PI()/$O$5^4*EXP((-1/PI())*(2*PI()/$O$5)^4*A95^-4)) -> 2.2056912e-118 | P95: =$B$4*(B95^2)*($D$92^2*(2*PI())^4*A95^-5/4/PI()/$P$5^4*EXP((-1/PI())*(2*PI()/$P$5)^4*A95^-4)) -> 7.9652465e-89 | Q95: =$B$4*(B95^2)*($D$92^2*(2*PI())^4*A95^-5/4/PI()/$Q$5^4*EXP((-1/PI())*(2*PI()/$Q$5)^4*A95^-4)) -> 1.8517347e-67 | R95: =$B$4*(B95^2)*($D$92^2*(2*PI())^4*A95^-5/4/PI()/$R$5^4*EXP((-1/PI())*(2*PI()/$R$5)^4*A95^-4)) -> 1.0374615e-51 | S95: =$B$4*(B95^2)*($D$92^2*(2*PI())^4*A95^-5/4/PI()/$S$5^4*EXP((-1/PI())*(2*PI()/$S$5)^4*A95^-4)) -> 6.6729465e-40
A96: =A52 -> 0.1075 | B96: =B52 -> 12005.089 | D96: =$B$4*(B96^2)*($D$92^2*(2*PI())^4*A96^-5/4/PI()/$D$5^4*EXP((-1/PI())*(2*PI()/$D$5)^4*A96^-4)) -> 0 | E96: =$B$4*(B96^2)*($D$92^2*(2*PI())^4*A96^-5/4/PI()/$E$5^4*EXP((-1/PI())*(2*PI()/$E$5)^4*A96^-4)) -> 0 | F96: =$B$4*(B96^2)*($D$92^2*(2*PI())^4*A96^-5/4/PI()/$F$5^4*EXP((-1/PI())*(2*PI()/$F$5)^4*A96^-4)) -> 0 | G96: =$B$4*(B96^2)*($D$92^2*(2*PI())^4*A96^-5/4/PI()/$G$5^4*EXP((-1/PI())*(2*PI()/$G$5)^4*A96^-4)) -> 0 | H96: =$B$4*(B96^2)*($D$92^2*(2*PI())^4*A96^-5/4/PI()/$H$5^4*EXP((-1/PI())*(2*PI()/$H$5)^4*A96^-4)) -> 0 | I96: =$B$4*(B96^2)*($D$92^2*(2*PI())^4*A96^-5/4/PI()/$I$5^4*EXP((-1/PI())*(2*PI()/$I$5)^4*A96^-4)) -> 3.7233671e-299 | J96: =$B$4*(B96^2)*($D$92^2*(2*PI())^4*A96^-5/4/PI()/$J$5^4*EXP((-1/PI())*(2*PI()/$J$5)^4*A96^-4)) -> 2.3209184e-188 | K96: =$B$4*(B96^2)*($D$92^2*(2*PI())^4*A96^-5/4/PI()/$K$5^4*EXP((-1/PI())*(2*PI()/$K$5)^4*A96^-4)) -> 3.4424251e-123 | L96: =$B$4*(B96^2)*($D$92^2*(2*PI())^4*A96^-5/4/PI()/$L$5^4*EXP((-1/PI())*(2*PI()/$L$5)^4*A96^-4)) -> 7.3270347e-83 | M96: =$B$4*(B96^2)*($D$92^2*(2*PI())^4*A96^-5/4/PI()/$M$5^4*EXP((-1/PI())*(2*PI()/$M$5)^4*A96^-4)) -> 7.5955478e-57 | N96: =$B$4*(B96^2)*($D$92^2*(2*PI())^4*A96^-5/4/PI()/$N$5^4*EXP((-1/PI())*(2*PI()/$N$5)^4*A96^-4)) -> 1.805067e-39 | O96: =$B$4*(B96^2)*($D$92^2*(2*PI())^4*A96^-5/4/PI()/$O$5^4*EXP((-1/PI())*(2*PI()/$O$5)^4*A96^-4)) -> 1.6143975e-27 | P96: =$B$4*(B96^2)*($D$92^2*(2*PI())^4*A96^-5/4/PI()/$P$5^4*EXP((-1/PI())*(2*PI()/$P$5)^4*A96^-4)) -> 4.3416245e-19 | Q96: =$B$4*(B96^2)*($D$92^2*(2*PI())^4*A96^-5/4/PI()/$Q$5^4*EXP((-1/PI())*(2*PI()/$Q$5)^4*A96^-4)) -> 5.170075e-13 | R96: =$B$4*(B96^2)*($D$92^2*(2*PI())^4*A96^-5/4/PI()/$R$5^4*EXP((-1/PI())*(2*PI()/$R$5)^4*A96^-4)) -> 1.4996943e-08 | S96: =$B$4*(B96^2)*($D$92^2*(2*PI())^4*A96^-5/4/PI()/$S$5^4*EXP((-1/PI())*(2*PI()/$S$5)^4*A96^-4)) -> 3.2202038e-05
A97: =A53 -> 0.13625 | B97: =B53 -> 32013.572 | D97: =$B$4*(B97^2)*($D$92^2*(2*PI())^4*A97^-5/4/PI()/$D$5^4*EXP((-1/PI())*(2*PI()/$D$5)^4*A97^-4)) -> 0 | E97: =$B$4*(B97^2)*($D$92^2*(2*PI())^4*A97^-5/4/PI()/$E$5^4*EXP((-1/PI())*(2*PI()/$E$5)^4*A97^-4)) -> 0 | F97: =$B$4*(B97^2)*($D$92^2*(2*PI())^4*A97^-5/4/PI()/$F$5^4*EXP((-1/PI())*(2*PI()/$F$5)^4*A97^-4)) -> 0 | G97: =$B$4*(B97^2)*($D$92^2*(2*PI())^4*A97^-5/4/PI()/$G$5^4*EXP((-1/PI())*(2*PI()/$G$5)^4*A97^-4)) -> 0 | H97: =$B$4*(B97^2)*($D$92^2*(2*PI())^4*A97^-5/4/PI()/$H$5^4*EXP((-1/PI())*(2*PI()/$H$5)^4*A97^-4)) -> 3.9604519e-187 | I97: =$B$4*(B97^2)*($D$92^2*(2*PI())^4*A97^-5/4/PI()/$I$5^4*EXP((-1/PI())*(2*PI()/$I$5)^4*A97^-4)) -> 1.5985195e-109 | J97: =$B$4*(B97^2)*($D$92^2*(2*PI())^4*A97^-5/4/PI()/$J$5^4*EXP((-1/PI())*(2*PI()/$J$5)^4*A97^-4)) -> 1.0469407e-66 | K97: =$B$4*(B97^2)*($D$92^2*(2*PI())^4*A97^-5/4/PI()/$K$5^4*EXP((-1/PI())*(2*PI()/$K$5)^4*A97^-4)) -> 1.4730314e-41 | L97: =$B$4*(B97^2)*($D$92^2*(2*PI())^4*A97^-5/4/PI()/$L$5^4*EXP((-1/PI())*(2*PI()/$L$5)^4*A97^-4)) -> 5.0017573e-26 | M97: =$B$4*(B97^2)*($D$92^2*(2*PI())^4*A97^-5/4/PI()/$M$5^4*EXP((-1/PI())*(2*PI()/$M$5)^4*A97^-4)) -> 4.9185343e-16 | N97: =$B$4*(B97^2)*($D$92^2*(2*PI())^4*A97^-5/4/PI()/$N$5^4*EXP((-1/PI())*(2*PI()/$N$5)^4*A97^-4)) -> 2.2048226e-09 | O97: =$B$4*(B97^2)*($D$92^2*(2*PI())^4*A97^-5/4/PI()/$O$5^4*EXP((-1/PI())*(2*PI()/$O$5)^4*A97^-4)) -> 7.9200189e-05 | P97: =$B$4*(B97^2)*($D$92^2*(2*PI())^4*A97^-5/4/PI()/$P$5^4*EXP((-1/PI())*(2*PI()/$P$5)^4*A97^-4)) -> 0.12427225 | Q97: =$B$4*(B97^2)*($D$92^2*(2*PI())^4*A97^-5/4/PI()/$Q$5^4*EXP((-1/PI())*(2*PI()/$Q$5)^4*A97^-4)) -> 24.117362 | R97: =$B$4*(B97^2)*($D$92^2*(2*PI())^4*A97^-5/4/PI()/$R$5^4*EXP((-1/PI())*(2*PI()/$R$5)^4*A97^-4)) -> 1119.4608 | S97: =$B$4*(B97^2)*($D$92^2*(2*PI())^4*A97^-5/4/PI()/$S$5^4*EXP((-1/PI())*(2*PI()/$S$5)^4*A97^-4)) -> 19100.045
A98: =A54 -> 0.165 | B98: =B54 -> 70029.689 | D98: =$B$4*(B98^2)*($D$92^2*(2*PI())^4*A98^-5/4/PI()/$D$5^4*EXP((-1/PI())*(2*PI()/$D$5)^4*A98^-4)) -> 0 | E98: =$B$4*(B98^2)*($D$92^2*(2*PI())^4*A98^-5/4/PI()/$E$5^4*EXP((-1/PI())*(2*PI()/$E$5)^4*A98^-4)) -> 0 | F98: =$B$4*(B98^2)*($D$92^2*(2*PI())^4*A98^-5/4/PI()/$F$5^4*EXP((-1/PI())*(2*PI()/$F$5)^4*A98^-4)) -> 0 | G98: =$B$4*(B98^2)*($D$92^2*(2*PI())^4*A98^-5/4/PI()/$G$5^4*EXP((-1/PI())*(2*PI()/$G$5)^4*A98^-4)) -> 7.2137867e-152 | H98: =$B$4*(B98^2)*($D$92^2*(2*PI())^4*A98^-5/4/PI()/$H$5^4*EXP((-1/PI())*(2*PI()/$H$5)^4*A98^-4)) -> 3.8111967e-81 | I98: =$B$4*(B98^2)*($D$92^2*(2*PI())^4*A98^-5/4/PI()/$I$5^4*EXP((-1/PI())*(2*PI()/$I$5)^4*A98^-4)) -> 3.5314808e-45 | J98: =$B$4*(B98^2)*($D$92^2*(2*PI())^4*A98^-5/4/PI()/$J$5^4*EXP((-1/PI())*(2*PI()/$J$5)^4*A98^-4)) -> 2.249853e-25 | K98: =$B$4*(B98^2)*($D$92^2*(2*PI())^4*A98^-5/4/PI()/$K$5^4*EXP((-1/PI())*(2*PI()/$K$5)^4*A98^-4)) -> 8.9523101e-14 | L98: =$B$4*(B98^2)*($D$92^2*(2*PI())^4*A98^-5/4/PI()/$L$5^4*EXP((-1/PI())*(2*PI()/$L$5)^4*A98^-4)) -> 1.226149e-06 | M98: =$B$4*(B98^2)*($D$92^2*(2*PI())^4*A98^-5/4/PI()/$M$5^4*EXP((-1/PI())*(2*PI()/$M$5)^4*A98^-4)) -> 0.045414809 | N98: =$B$4*(B98^2)*($D$92^2*(2*PI())^4*A98^-5/4/PI()/$N$5^4*EXP((-1/PI())*(2*PI()/$N$5)^4*A98^-4)) -> 47.678843 | O98: =$B$4*(B98^2)*($D$92^2*(2*PI())^4*A98^-5/4/PI()/$O$5^4*EXP((-1/PI())*(2*PI()/$O$5)^4*A98^-4)) -> 5369.5455 | P98: =$B$4*(B98^2)*($D$92^2*(2*PI())^4*A98^-5/4/PI()/$P$5^4*EXP((-1/PI())*(2*PI()/$P$5)^4*A98^-4)) -> 142488.62 | Q98: =$B$4*(B98^2)*($D$92^2*(2*PI())^4*A98^-5/4/PI()/$Q$5^4*EXP((-1/PI())*(2*PI()/$Q$5)^4*A98^-4)) -> 1443657.7 | R98: =$B$4*(B98^2)*($D$92^2*(2*PI())^4*A98^-5/4/PI()/$R$5^4*EXP((-1/PI())*(2*PI()/$R$5)^4*A98^-4)) -> 7580596.2 | S98: =$B$4*(B98^2)*($D$92^2*(2*PI())^4*A98^-5/4/PI()/$S$5^4*EXP((-1/PI())*(2*PI()/$S$5)^4*A98^-4)) -> 25170302
A99: =A55 -> 0.19375 | B99: =B55 -> 129388.19 | D99: =$B$4*(B99^2)*($D$92^2*(2*PI())^4*A99^-5/4/PI()/$D$5^4*EXP((-1/PI())*(2*PI()/$D$5)^4*A99^-4)) -> 0 | E99: =$B$4*(B99^2)*($D$92^2*(2*PI())^4*A99^-5/4/PI()/$E$5^4*EXP((-1/PI())*(2*PI()/$E$5)^4*A99^-4)) -> 0 | F99: =$B$4*(B99^2)*($D$92^2*(2*PI())^4*A99^-5/4/PI()/$F$5^4*EXP((-1/PI())*(2*PI()/$F$5)^4*A99^-4)) -> 1.2291397e-155 | G99: =$B$4*(B99^2)*($D$92^2*(2*PI())^4*A99^-5/4/PI()/$G$5^4*EXP((-1/PI())*(2*PI()/$G$5)^4*A99^-4)) -> 1.7089034e-74 | H99: =$B$4*(B99^2)*($D$92^2*(2*PI())^4*A99^-5/4/PI()/$H$5^4*EXP((-1/PI())*(2*PI()/$H$5)^4*A99^-4)) -> 2.0591329e-37 | I99: =$B$4*(B99^2)*($D$92^2*(2*PI())^4*A99^-5/4/PI()/$I$5^4*EXP((-1/PI())*(2*PI()/$I$5)^4*A99^-4)) -> 1.3442266e-18 | J99: =$B$4*(B99^2)*($D$92^2*(2*PI())^4*A99^-5/4/PI()/$J$5^4*EXP((-1/PI())*(2*PI()/$J$5)^4*A99^-4)) -> 2.8411059e-08 | K99: =$B$4*(B99^2)*($D$92^2*(2*PI())^4*A99^-5/4/PI()/$K$5^4*EXP((-1/PI())*(2*PI()/$K$5)^4*A99^-4)) -> 0.029670272 | L99: =$B$4*(B99^2)*($D$92^2*(2*PI())^4*A99^-5/4/PI()/$L$5^4*EXP((-1/PI())*(2*PI()/$L$5)^4*A99^-4)) -> 141.61873 | M99: =$B$4*(B99^2)*($D$92^2*(2*PI())^4*A99^-5/4/PI()/$M$5^4*EXP((-1/PI())*(2*PI()/$M$5)^4*A99^-4)) -> 30582.892 | N99: =$B$4*(B99^2)*($D$92^2*(2*PI())^4*A99^-5/4/PI()/$N$5^4*EXP((-1/PI())*(2*PI()/$N$5)^4*A99^-4)) -> 1026021.2 | O99: =$B$4*(B99^2)*($D$92^2*(2*PI())^4*A99^-5/4/PI()/$O$5^4*EXP((-1/PI())*(2*PI()/$O$5)^4*A99^-4)) -> 10750259 | P99: =$B$4*(B99^2)*($D$92^2*(2*PI())^4*A99^-5/4/PI()/$P$5^4*EXP((-1/PI())*(2*PI()/$P$5)^4*A99^-4)) -> 53139032 | Q99: =$B$4*(B99^2)*($D$92^2*(2*PI())^4*A99^-5/4/PI()/$Q$5^4*EXP((-1/PI())*(2*PI()/$Q$5)^4*A99^-4)) -> 1.5955121e+08 | R99: =$B$4*(B99^2)*($D$92^2*(2*PI())^4*A99^-5/4/PI()/$R$5^4*EXP((-1/PI())*(2*PI()/$R$5)^4*A99^-4)) -> 3.4141183e+08 | S99: =$B$4*(B99^2)*($D$92^2*(2*PI())^4*A99^-5/4/PI()/$S$5^4*EXP((-1/PI())*(2*PI()/$S$5)^4*A99^-4)) -> 5.7763283e+08
A100: =A56 -> 0.2225 | B100: =B56 -> 216758.56 | D100: =$B$4*(B100^2)*($D$92^2*(2*PI())^4*A100^-5/4/PI()/$D$5^4*EXP((-1/PI())*(2*PI()/$D$5)^4*A100^-4)) -> 0 | E100: =$B$4*(B100^2)*($D$92^2*(2*PI())^4*A100^-5/4/PI()/$E$5^4*EXP((-1/PI())*(2*PI()/$E$5)^4*A100^-4)) -> 1.9530453e-202 | F100: =$B$4*(B100^2)*($D$92^2*(2*PI())^4*A100^-5/4/PI()/$F$5^4*EXP((-1/PI())*(2*PI()/$F$5)^4*A100^-4)) -> 1.7902693e-84 | G100: =$B$4*(B100^2)*($D$92^2*(2*PI())^4*A100^-5/4/PI()/$G$5^4*EXP((-1/PI())*(2*PI()/$G$5)^4*A100^-4)) -> 6.089805e-38 | H100: =$B$4*(B100^2)*($D$92^2*(2*PI())^4*A100^-5/4/PI()/$H$5^4*EXP((-1/PI())*(2*PI()/$H$5)^4*A100^-4)) -> 9.9877344e-17 | I100: =$B$4*(B100^2)*($D$92^2*(2*PI())^4*A100^-5/4/PI()/$I$5^4*EXP((-1/PI())*(2*PI()/$I$5)^4*A100^-4)) -> 5.3092287e-06 | J100: =$B$4*(B100^2)*($D$92^2*(2*PI())^4*A100^-5/4/PI()/$J$5^4*EXP((-1/PI())*(2*PI()/$J$5)^4*A100^-4)) -> 3.7975524 | K100: =$B$4*(B100^2)*($D$92^2*(2*PI())^4*A100^-5/4/PI()/$K$5^4*EXP((-1/PI())*(2*PI()/$K$5)^4*A100^-4)) -> 9252.7115 | L100: =$B$4*(B100^2)*($D$92^2*(2*PI())^4*A100^-5/4/PI()/$L$5^4*EXP((-1/PI())*(2*PI()/$L$5)^4*A100^-4)) -> 1033491.8 | M100: =$B$4*(B100^2)*($D$92^2*(2*PI())^4*A100^-5/4/PI()/$M$5^4*EXP((-1/PI())*(2*PI()/$M$5)^4*A100^-4)) -> 19721184 | N100: =$B$4*(B100^2)*($D$92^2*(2*PI())^4*A100^-5/4/PI()/$N$5^4*EXP((-1/PI())*(2*PI()/$N$5)^4*A100^-4)) -> 1.3041605e+08 | O100: =$B$4*(B100^2)*($D$92^2*(2*PI())^4*A100^-5/4/PI()/$O$5^4*EXP((-1/PI())*(2*PI()/$O$5)^4*A100^-4)) -> 4.4585325e+08 | P100: =$B$4*(B100^2)*($D$92^2*(2*PI())^4*A100^-5/4/PI()/$P$5^4*EXP((-1/PI())*(2*PI()/$P$5)^4*A100^-4)) -> 9.9764959e+08 | Q100: =$B$4*(B100^2)*($D$92^2*(2*PI())^4*A100^-5/4/PI()/$Q$5^4*EXP((-1/PI())*(2*PI()/$Q$5)^4*A100^-4)) -> 1.6879423e+09 | R100: =$B$4*(B100^2)*($D$92^2*(2*PI())^4*A100^-5/4/PI()/$R$5^4*EXP((-1/PI())*(2*PI()/$R$5)^4*A100^-4)) -> 2.3652179e+09 | S100: =$B$4*(B100^2)*($D$92^2*(2*PI())^4*A100^-5/4/PI()/$S$5^4*EXP((-1/PI())*(2*PI()/$S$5)^4*A100^-4)) -> 2.9117192e+09
A101: =A57 -> 0.25125 | B101: =B57 -> 331473.86 | D101: =$B$4*(B101^2)*($D$92^2*(2*PI())^4*A101^-5/4/PI()/$D$5^4*EXP((-1/PI())*(2*PI()/$D$5)^4*A101^-4)) -> 0 | E101: =$B$4*(B101^2)*($D$92^2*(2*PI())^4*A101^-5/4/PI()/$E$5^4*EXP((-1/PI())*(2*PI()/$E$5)^4*A101^-4)) -> 8.4278213e-120 | F101: =$B$4*(B101^2)*($D$92^2*(2*PI())^4*A101^-5/4/PI()/$F$5^4*EXP((-1/PI())*(2*PI()/$F$5)^4*A101^-4)) -> 2.1964577e-47 | G101: =$B$4*(B101^2)*($D$92^2*(2*PI())^4*A101^-5/4/PI()/$G$5^4*EXP((-1/PI())*(2*PI()/$G$5)^4*A101^-4)) -> 7.0526319e-19 | H101: =$B$4*(B101^2)*($D$92^2*(2*PI())^4*A101^-5/4/PI()/$H$5^4*EXP((-1/PI())*(2*PI()/$H$5)^4*A101^-4)) -> 6.3155711e-06 | I101: =$B$4*(B101^2)*($D$92^2*(2*PI())^4*A101^-5/4/PI()/$I$5^4*EXP((-1/PI())*(2*PI()/$I$5)^4*A101^-4)) -> 20.570469 | J101: =$B$4*(B101^2)*($D$92^2*(2*PI())^4*A101^-5/4/PI()/$J$5^4*EXP((-1/PI())*(2*PI()/$J$5)^4*A101^-4)) -> 69108.654 | K101: =$B$4*(B101^2)*($D$92^2*(2*PI())^4*A101^-5/4/PI()/$K$5^4*EXP((-1/PI())*(2*PI()/$K$5)^4*A101^-4)) -> 7170675.8 | L101: =$B$4*(B101^2)*($D$92^2*(2*PI())^4*A101^-5/4/PI()/$L$5^4*EXP((-1/PI())*(2*PI()/$L$5)^4*A101^-4)) -> 1.1332478e+08 | M101: =$B$4*(B101^2)*($D$92^2*(2*PI())^4*A101^-5/4/PI()/$M$5^4*EXP((-1/PI())*(2*PI()/$M$5)^4*A101^-4)) -> 6.1120204e+08 | N101: =$B$4*(B101^2)*($D$92^2*(2*PI())^4*A101^-5/4/PI()/$N$5^4*EXP((-1/PI())*(2*PI()/$N$5)^4*A101^-4)) -> 1.7349419e+09 | O101: =$B$4*(B101^2)*($D$92^2*(2*PI())^4*A101^-5/4/PI()/$O$5^4*EXP((-1/PI())*(2*PI()/$O$5)^4*A101^-4)) -> 3.3100604e+09 | P101: =$B$4*(B101^2)*($D$92^2*(2*PI())^4*A101^-5/4/PI()/$P$5^4*EXP((-1/PI())*(2*PI()/$P$5)^4*A101^-4)) -> 4.9018939e+09 | Q101: =$B$4*(B101^2)*($D$92^2*(2*PI())^4*A101^-5/4/PI()/$Q$5^4*EXP((-1/PI())*(2*PI()/$Q$5)^4*A101^-4)) -> 6.1519491e+09 | R101: =$B$4*(B101^2)*($D$92^2*(2*PI())^4*A101^-5/4/PI()/$R$5^4*EXP((-1/PI())*(2*PI()/$R$5)^4*A101^-4)) -> 6.9146872e+09 | S101: =$B$4*(B101^2)*($D$92^2*(2*PI())^4*A101^-5/4/PI()/$S$5^4*EXP((-1/PI())*(2*PI()/$S$5)^4*A101^-4)) -> 7.2132887e+09
A102: =A58 -> 0.28 | B102: =B58 -> 472200.19 | D102: =$B$4*(B102^2)*($D$92^2*(2*PI())^4*A102^-5/4/PI()/$D$5^4*EXP((-1/PI())*(2*PI()/$D$5)^4*A102^-4)) -> 4.9740679e-221 | E102: =$B$4*(B102^2)*($D$92^2*(2*PI())^4*A102^-5/4/PI()/$E$5^4*EXP((-1/PI())*(2*PI()/$E$5)^4*A102^-4)) -> 2.3239076e-73 | F102: =$B$4*(B102^2)*($D$92^2*(2*PI())^4*A102^-5/4/PI()/$F$5^4*EXP((-1/PI())*(2*PI()/$F$5)^4*A102^-4)) -> 1.5583545e-26 | G102: =$B$4*(B102^2)*($D$92^2*(2*PI())^4*A102^-5/4/PI()/$G$5^4*EXP((-1/PI())*(2*PI()/$G$5)^4*A102^-4)) -> 3.7337287e-08 | H102: =$B$4*(B102^2)*($D$92^2*(2*PI())^4*A102^-5/4/PI()/$H$5^4*EXP((-1/PI())*(2*PI()/$H$5)^4*A102^-4)) -> 7.6182014 | I102: =$B$4*(B102^2)*($D$92^2*(2*PI())^4*A102^-5/4/PI()/$I$5^4*EXP((-1/PI())*(2*PI()/$I$5)^4*A102^-4)) -> 106613.67 | J102: =$B$4*(B102^2)*($D$92^2*(2*PI())^4*A102^-5/4/PI()/$J$5^4*EXP((-1/PI())*(2*PI()/$J$5)^4*A102^-4)) -> 17621389 | K102: =$B$4*(B102^2)*($D$92^2*(2*PI())^4*A102^-5/4/PI()/$K$5^4*EXP((-1/PI())*(2*PI()/$K$5)^4*A102^-4)) -> 3.1041026e+08 | L102: =$B$4*(B102^2)*($D$92^2*(2*PI())^4*A102^-5/4/PI()/$L$5^4*EXP((-1/PI())*(2*PI()/$L$5)^4*A102^-4)) -> 1.6351113e+09 | M102: =$B$4*(B102^2)*($D$92^2*(2*PI())^4*A102^-5/4/PI()/$M$5^4*EXP((-1/PI())*(2*PI()/$M$5)^4*A102^-4)) -> 4.3360068e+09 | N102: =$B$4*(B102^2)*($D$92^2*(2*PI())^4*A102^-5/4/PI()/$N$5^4*EXP((-1/PI())*(2*PI()/$N$5)^4*A102^-4)) -> 7.6529411e+09 | O102: =$B$4*(B102^2)*($D$92^2*(2*PI())^4*A102^-5/4/PI()/$O$5^4*EXP((-1/PI())*(2*PI()/$O$5)^4*A102^-4)) -> 1.0521081e+10 | P102: =$B$4*(B102^2)*($D$92^2*(2*PI())^4*A102^-5/4/PI()/$P$5^4*EXP((-1/PI())*(2*PI()/$P$5)^4*A102^-4)) -> 1.2355901e+10 | Q102: =$B$4*(B102^2)*($D$92^2*(2*PI())^4*A102^-5/4/PI()/$Q$5^4*EXP((-1/PI())*(2*PI()/$Q$5)^4*A102^-4)) -> 1.3110996e+10 | R102: =$B$4*(B102^2)*($D$92^2*(2*PI())^4*A102^-5/4/PI()/$R$5^4*EXP((-1/PI())*(2*PI()/$R$5)^4*A102^-4)) -> 1.3019593e+10 | S102: =$B$4*(B102^2)*($D$92^2*(2*PI())^4*A102^-5/4/PI()/$S$5^4*EXP((-1/PI())*(2*PI()/$S$5)^4*A102^-4)) -> 1.23752e+10
A103: =A59 -> 0.30875 | B103: =B59 -> 627599.4 | D103: =$B$4*(B103^2)*($D$92^2*(2*PI())^4*A103^-5/4/PI()/$D$5^4*EXP((-1/PI())*(2*PI()/$D$5)^4*A103^-4)) -> 2.0905281e-145 | E103: =$B$4*(B103^2)*($D$92^2*(2*PI())^4*A103^-5/4/PI()/$E$5^4*EXP((-1/PI())*(2*PI()/$E$5)^4*A103^-4)) -> 1.1555443e-45 | F103: =$B$4*(B103^2)*($D$92^2*(2*PI())^4*A103^-5/4/PI()/$F$5^4*EXP((-1/PI())*(2*PI()/$F$5)^4*A103^-4)) -> 4.2018161e-14 | G103: =$B$4*(B103^2)*($D$92^2*(2*PI())^4*A103^-5/4/PI()/$G$5^4*EXP((-1/PI())*(2*PI()/$G$5)^4*A103^-4)) -> 0.091500736 | H103: =$B$4*(B103^2)*($D$92^2*(2*PI())^4*A103^-5/4/PI()/$H$5^4*EXP((-1/PI())*(2*PI()/$H$5)^4*A103^-4)) -> 31745.106 | I103: =$B$4*(B103^2)*($D$92^2*(2*PI())^4*A103^-5/4/PI()/$I$5^4*EXP((-1/PI())*(2*PI()/$I$5)^4*A103^-4)) -> 17204750 | J103: =$B$4*(B103^2)*($D$92^2*(2*PI())^4*A103^-5/4/PI()/$J$5^4*EXP((-1/PI())*(2*PI()/$J$5)^4*A103^-4)) -> 4.7155698e+08 | K103: =$B$4*(B103^2)*($D$92^2*(2*PI())^4*A103^-5/4/PI()/$K$5^4*EXP((-1/PI())*(2*PI()/$K$5)^4*A103^-4)) -> 2.8840159e+09 | L103: =$B$4*(B103^2)*($D$92^2*(2*PI())^4*A103^-5/4/PI()/$L$5^4*EXP((-1/PI())*(2*PI()/$L$5)^4*A103^-4)) -> 7.8878123e+09 | M103: =$B$4*(B103^2)*($D$92^2*(2*PI())^4*A103^-5/4/PI()/$M$5^4*EXP((-1/PI())*(2*PI()/$M$5)^4*A103^-4)) -> 1.3695199e+10 | N103: =$B$4*(B103^2)*($D$92^2*(2*PI())^4*A103^-5/4/PI()/$N$5^4*EXP((-1/PI())*(2*PI()/$N$5)^4*A103^-4)) -> 1.8205344e+10 | O103: =$B$4*(B103^2)*($D$92^2*(2*PI())^4*A103^-5/4/PI()/$O$5^4*EXP((-1/PI())*(2*PI()/$O$5)^4*A103^-4)) -> 2.0583943e+10 | P103: =$B$4*(B103^2)*($D$92^2*(2*PI())^4*A103^-5/4/PI()/$P$5^4*EXP((-1/PI())*(2*PI()/$P$5)^4*A103^-4)) -> 2.1050402e+10 | Q103: =$B$4*(B103^2)*($D$92^2*(2*PI())^4*A103^-5/4/PI()/$Q$5^4*EXP((-1/PI())*(2*PI()/$Q$5)^4*A103^-4)) -> 2.0208755e+10 | R103: =$B$4*(B103^2)*($D$92^2*(2*PI())^4*A103^-5/4/PI()/$R$5^4*EXP((-1/PI())*(2*PI()/$R$5)^4*A103^-4)) -> 1.8638346e+10 | S103: =$B$4*(B103^2)*($D$92^2*(2*PI())^4*A103^-5/4/PI()/$S$5^4*EXP((-1/PI())*(2*PI()/$S$5)^4*A103^-4)) -> 1.675936e+10
A104: =A60 -> 0.3375 | B104: =B60 -> 782998.61 | D104: =$B$4*(B104^2)*($D$92^2*(2*PI())^4*A104^-5/4/PI()/$D$5^4*EXP((-1/PI())*(2*PI()/$D$5)^4*A104^-4)) -> 4.5597158e-98 | E104: =$B$4*(B104^2)*($D$92^2*(2*PI())^4*A104^-5/4/PI()/$E$5^4*EXP((-1/PI())*(2*PI()/$E$5)^4*A104^-4)) -> 2.4302203e-28 | F104: =$B$4*(B104^2)*($D$92^2*(2*PI())^4*A104^-5/4/PI()/$F$5^4*EXP((-1/PI())*(2*PI()/$F$5)^4*A104^-4)) -> 2.4299417e-06 | G104: =$B$4*(B104^2)*($D$92^2*(2*PI())^4*A104^-5/4/PI()/$G$5^4*EXP((-1/PI())*(2*PI()/$G$5)^4*A104^-4)) -> 870.77329 | H104: =$B$4*(B104^2)*($D$92^2*(2*PI())^4*A104^-5/4/PI()/$H$5^4*EXP((-1/PI())*(2*PI()/$H$5)^4*A104^-4)) -> 5567942.8 | I104: =$B$4*(B104^2)*($D$92^2*(2*PI())^4*A104^-5/4/PI()/$I$5^4*EXP((-1/PI())*(2*PI()/$I$5)^4*A104^-4)) -> 3.9387874e+08 | J104: =$B$4*(B104^2)*($D$92^2*(2*PI())^4*A104^-5/4/PI()/$J$5^4*EXP((-1/PI())*(2*PI()/$J$5)^4*A104^-4)) -> 3.5037591e+09 | K104: =$B$4*(B104^2)*($D$92^2*(2*PI())^4*A104^-5/4/PI()/$K$5^4*EXP((-1/PI())*(2*PI()/$K$5)^4*A104^-4)) -> 1.1047481e+10 | L104: =$B$4*(B104^2)*($D$92^2*(2*PI())^4*A104^-5/4/PI()/$L$5^4*EXP((-1/PI())*(2*PI()/$L$5)^4*A104^-4)) -> 2.0042385e+10 | M104: =$B$4*(B104^2)*($D$92^2*(2*PI())^4*A104^-5/4/PI()/$M$5^4*EXP((-1/PI())*(2*PI()/$M$5)^4*A104^-4)) -> 2.6691226e+10 | N104: =$B$4*(B104^2)*($D$92^2*(2*PI())^4*A104^-5/4/PI()/$N$5^4*EXP((-1/PI())*(2*PI()/$N$5)^4*A104^-4)) -> 2.9709735e+10 | O104: =$B$4*(B104^2)*($D$92^2*(2*PI())^4*A104^-5/4/PI()/$O$5^4*EXP((-1/PI())*(2*PI()/$O$5)^4*A104^-4)) -> 2.9720467e+10 | P104: =$B$4*(B104^2)*($D$92^2*(2*PI())^4*A104^-5/4/PI()/$P$5^4*EXP((-1/PI())*(2*PI()/$P$5)^4*A104^-4)) -> 2.7871413e+10 | Q104: =$B$4*(B104^2)*($D$92^2*(2*PI())^4*A104^-5/4/PI()/$Q$5^4*EXP((-1/PI())*(2*PI()/$Q$5)^4*A104^-4)) -> 2.5130788e+10 | R104: =$B$4*(B104^2)*($D$92^2*(2*PI())^4*A104^-5/4/PI()/$R$5^4*EXP((-1/PI())*(2*PI()/$R$5)^4*A104^-4)) -> 2.2129624e+10 | S104: =$B$4*(B104^2)*($D$92^2*(2*PI())^4*A104^-5/4/PI()/$S$5^4*EXP((-1/PI())*(2*PI()/$S$5)^4*A104^-4)) -> 1.9218865e+10
A105: =A61 -> 0.36625 | B105: =B61 -> 915054.6 | D105: =$B$4*(B105^2)*($D$92^2*(2*PI())^4*A105^-5/4/PI()/$D$5^4*EXP((-1/PI())*(2*PI()/$D$5)^4*A105^-4)) -> 3.0309857e-67 | E105: =$B$4*(B105^2)*($D$92^2*(2*PI())^4*A105^-5/4/PI()/$E$5^4*EXP((-1/PI())*(2*PI()/$E$5)^4*A105^-4)) -> 4.3498989e-17 | F105: =$B$4*(B105^2)*($D$92^2*(2*PI())^4*A105^-5/4/PI()/$F$5^4*EXP((-1/PI())*(2*PI()/$F$5)^4*A105^-4)) -> 0.25410505 | G105: =$B$4*(B105^2)*($D$92^2*(2*PI())^4*A105^-5/4/PI()/$G$5^4*EXP((-1/PI())*(2*PI()/$G$5)^4*A105^-4)) -> 310761.93 | H105: =$B$4*(B105^2)*($D$92^2*(2*PI())^4*A105^-5/4/PI()/$H$5^4*EXP((-1/PI())*(2*PI()/$H$5)^4*A105^-4)) -> 1.470202e+08 | I105: =$B$4*(B105^2)*($D$92^2*(2*PI())^4*A105^-5/4/PI()/$I$5^4*EXP((-1/PI())*(2*PI()/$I$5)^4*A105^-4)) -> 2.7573606e+09 | J105: =$B$4*(B105^2)*($D$92^2*(2*PI())^4*A105^-5/4/PI()/$J$5^4*EXP((-1/PI())*(2*PI()/$J$5)^4*A105^-4)) -> 1.1776924e+10 | K105: =$B$4*(B105^2)*($D$92^2*(2*PI())^4*A105^-5/4/PI()/$K$5^4*EXP((-1/PI())*(2*PI()/$K$5)^4*A105^-4)) -> 2.4108091e+10 | L105: =$B$4*(B105^2)*($D$92^2*(2*PI())^4*A105^-5/4/PI()/$L$5^4*EXP((-1/PI())*(2*PI()/$L$5)^4*A105^-4)) -> 3.3467103e+10 | M105: =$B$4*(B105^2)*($D$92^2*(2*PI())^4*A105^-5/4/PI()/$M$5^4*EXP((-1/PI())*(2*PI()/$M$5)^4*A105^-4)) -> 3.7491565e+10 | N105: =$B$4*(B105^2)*($D$92^2*(2*PI())^4*A105^-5/4/PI()/$N$5^4*EXP((-1/PI())*(2*PI()/$N$5)^4*A105^-4)) -> 3.7170271e+10 | O105: =$B$4*(B105^2)*($D$92^2*(2*PI())^4*A105^-5/4/PI()/$O$5^4*EXP((-1/PI())*(2*PI()/$O$5)^4*A105^-4)) -> 3.4330868e+10 | P105: =$B$4*(B105^2)*($D$92^2*(2*PI())^4*A105^-5/4/PI()/$P$5^4*EXP((-1/PI())*(2*PI()/$P$5)^4*A105^-4)) -> 3.0426712e+10 | Q105: =$B$4*(B105^2)*($D$92^2*(2*PI())^4*A105^-5/4/PI()/$Q$5^4*EXP((-1/PI())*(2*PI()/$Q$5)^4*A105^-4)) -> 2.6335848e+10 | R105: =$B$4*(B105^2)*($D$92^2*(2*PI())^4*A105^-5/4/PI()/$R$5^4*EXP((-1/PI())*(2*PI()/$R$5)^4*A105^-4)) -> 2.2501447e+10 | S105: =$B$4*(B105^2)*($D$92^2*(2*PI())^4*A105^-5/4/PI()/$S$5^4*EXP((-1/PI())*(2*PI()/$S$5)^4*A105^-4)) -> 1.9103879e+10
... A134: =A90 -> 1.2 | B134: =B90 -> 56023.751 | D134: =$B$4*(B134^2)*($D$92^2*(2*PI())^4*A134^-5/4/PI()/$D$5^4*EXP((-1/PI())*(2*PI()/$D$5)^4*A134^-4)) -> 38035920 | E134: =$B$4*(B134^2)*($D$92^2*(2*PI())^4*A134^-5/4/PI()/$E$5^4*EXP((-1/PI())*(2*PI()/$E$5)^4*A134^-4)) -> 38250026 | F134: =$B$4*(B134^2)*($D$92^2*(2*PI())^4*A134^-5/4/PI()/$F$5^4*EXP((-1/PI())*(2*PI()/$F$5)^4*A134^-4)) -> 23651963 | G134: =$B$4*(B134^2)*($D$92^2*(2*PI())^4*A134^-5/4/PI()/$G$5^4*EXP((-1/PI())*(2*PI()/$G$5)^4*A134^-4)) -> 13772258 | H134: =$B$4*(B134^2)*($D$92^2*(2*PI())^4*A134^-5/4/PI()/$H$5^4*EXP((-1/PI())*(2*PI()/$H$5)^4*A134^-4)) -> 8237245.6 | I134: =$B$4*(B134^2)*($D$92^2*(2*PI())^4*A134^-5/4/PI()/$I$5^4*EXP((-1/PI())*(2*PI()/$I$5)^4*A134^-4)) -> 5143814.7 | J134: =$B$4*(B134^2)*($D$92^2*(2*PI())^4*A134^-5/4/PI()/$J$5^4*EXP((-1/PI())*(2*PI()/$J$5)^4*A134^-4)) -> 3351310 | K134: =$B$4*(B134^2)*($D$92^2*(2*PI())^4*A134^-5/4/PI()/$K$5^4*EXP((-1/PI())*(2*PI()/$K$5)^4*A134^-4)) -> 2267567.8 | L134: =$B$4*(B134^2)*($D$92^2*(2*PI())^4*A134^-5/4/PI()/$L$5^4*EXP((-1/PI())*(2*PI()/$L$5)^4*A134^-4)) -> 1585380.6 | M134: =$B$4*(B134^2)*($D$92^2*(2*PI())^4*A134^-5/4/PI()/$M$5^4*EXP((-1/PI())*(2*PI()/$M$5)^4*A134^-4)) -> 1140170.2 | N134: =$B$4*(B134^2)*($D$92^2*(2*PI())^4*A134^-5/4/PI()/$N$5^4*EXP((-1/PI())*(2*PI()/$N$5)^4*A134^-4)) -> 840238.04 | O134: =$B$4*(B134^2)*($D$92^2*(2*PI())^4*A134^-5/4/PI()/$O$5^4*EXP((-1/PI())*(2*PI()/$O$5)^4*A134^-4)) -> 632474.64 | P134: =$B$4*(B134^2)*($D$92^2*(2*PI())^4*A134^-5/4/PI()/$P$5^4*EXP((-1/PI())*(2*PI()/$P$5)^4*A134^-4)) -> 484996.6 | Q134: =$B$4*(B134^2)*($D$92^2*(2*PI())^4*A134^-5/4/PI()/$Q$5^4*EXP((-1/PI())*(2*PI()/$Q$5)^4*A134^-4)) -> 378031.52 | R134: =$B$4*(B134^2)*($D$92^2*(2*PI())^4*A134^-5/4/PI()/$R$5^4*EXP((-1/PI())*(2*PI()/$R$5)^4*A134^-4)) -> 298954.83 | S134: =$B$4*(B134^2)*($D$92^2*(2*PI())^4*A134^-5/4/PI()/$S$5^4*EXP((-1/PI())*(2*PI()/$S$5)^4*A134^-4)) -> 239492.36
C135: sum | D135: =SUM(D94:D134) -> 5.4870625e+08 | E135: =SUM(E94:E134) -> 3.2190569e+09 | F135: =SUM(F94:F134) -> 9.9384013e+09 | G135: =SUM(G94:G134) -> 2.3529695e+10 | H135: =SUM(H94:H134) -> 5.5585669e+10 | I135: =SUM(I94:I134) -> 1.0629913e+11 | J135: =SUM(J94:J134) -> 1.5911684e+11 | K135: =SUM(K94:K134) -> 1.9866827e+11 | ... S135: =SUM(S94:S134) -> 1.2521969e+11 | T135: =SUM(D135:S135) -> 2.0263261e+12
A136: w0 | B136: =A139-A138 -> 0.02875 | C136: Hs | D136: 3.5
A137: w | B137: RAO(0) | C137: Tz | D137: 3.5 | E137: 4.5 | F137: 5.5 | G137: 6.5 | H137: 7.5 | I137: 8.5 | J137: 9.5 | K137: 10.5 | L137: 11.5 | M137: 12.5 | N137: 13.5 | O137: 14.5 | P137: 15.5 | Q137: 16.5 | R137: 17.5 | S137: 18.5
A138: =A94 -> 0.05 | B138: =B94 -> 0 | D138: =$B$4*(B138^2)*($D$137^2*(2*PI())^4*A138^-5/4/PI()/$D$5^4*EXP((-1/PI())*(2*PI()/$D$5)^4*A138^-4)) -> 0 | E138: =$B$4*(B138^2)*($D$137^2*(2*PI())^4*A138^-5/4/PI()/$E$5^4*EXP((-1/PI())*(2*PI()/$E$5)^4*A138^-4)) -> 0 | F138: =$B$4*(B138^2)*($D$137^2*(2*PI())^4*A138^-5/4/PI()/$F$5^4*EXP((-1/PI())*(2*PI()/$F$5)^4*A138^-4)) -> 0 | G138: =$B$4*(B138^2)*($D$137^2*(2*PI())^4*A138^-5/4/PI()/$G$5^4*EXP((-1/PI())*(2*PI()/$G$5)^4*A138^-4)) -> 0 | H138: =$B$4*(B138^2)*($D$137^2*(2*PI())^4*A138^-5/4/PI()/$H$5^4*EXP((-1/PI())*(2*PI()/$H$5)^4*A138^-4)) -> 0 | I138: =$B$4*(B138^2)*($D$137^2*(2*PI())^4*A138^-5/4/PI()/$I$5^4*EXP((-1/PI())*(2*PI()/$I$5)^4*A138^-4)) -> 0 | J138: =$B$4*(B138^2)*($D$137^2*(2*PI())^4*A138^-5/4/PI()/$J$5^4*EXP((-1/PI())*(2*PI()/$J$5)^4*A138^-4)) -> 0 | K138: =$B$4*(B138^2)*($D$137^2*(2*PI())^4*A138^-5/4/PI()/$K$5^4*EXP((-1/PI())*(2*PI()/$K$5)^4*A138^-4)) -> 0 | L138: =$B$4*(B138^2)*($D$137^2*(2*PI())^4*A138^-5/4/PI()/$L$5^4*EXP((-1/PI())*(2*PI()/$L$5)^4*A138^-4)) -> 0 | M138: =$B$4*(B138^2)*($D$137^2*(2*PI())^4*A138^-5/4/PI()/$M$5^4*EXP((-1/PI())*(2*PI()/$M$5)^4*A138^-4)) -> 0 | N138: =$B$4*(B138^2)*($D$137^2*(2*PI())^4*A138^-5/4/PI()/$N$5^4*EXP((-1/PI())*(2*PI()/$N$5)^4*A138^-4)) -> 0 | O138: =$B$4*(B138^2)*($D$137^2*(2*PI())^4*A138^-5/4/PI()/$O$5^4*EXP((-1/PI())*(2*PI()/$O$5)^4*A138^-4)) -> 0 | P138: =$B$4*(B138^2)*($D$137^2*(2*PI())^4*A138^-5/4/PI()/$P$5^4*EXP((-1/PI())*(2*PI()/$P$5)^4*A138^-4)) -> 0 | Q138: =$B$4*(B138^2)*($D$137^2*(2*PI())^4*A138^-5/4/PI()/$Q$5^4*EXP((-1/PI())*(2*PI()/$Q$5)^4*A138^-4)) -> 0 | R138: =$B$4*(B138^2)*($D$137^2*(2*PI())^4*A138^-5/4/PI()/$R$5^4*EXP((-1/PI())*(2*PI()/$R$5)^4*A138^-4)) -> 0 | S138: =$B$4*(B138^2)*($D$136^2*(2*PI())^4*A138^-5/4/PI()/$S$5^4*EXP((-1/PI())*(2*PI()/$S$5)^4*A138^-4)) -> 0
A139: =A95 -> 0.07875 | B139: =B95 -> 2667.7977 | D139: =$B$4*(B139^2)*($D$137^2*(2*PI())^4*A139^-5/4/PI()/$D$5^4*EXP((-1/PI())*(2*PI()/$D$5)^4*A139^-4)) -> 0 | E139: =$B$4*(B139^2)*($D$137^2*(2*PI())^4*A139^-5/4/PI()/$E$5^4*EXP((-1/PI())*(2*PI()/$E$5)^4*A139^-4)) -> 0 | F139: =$B$4*(B139^2)*($D$137^2*(2*PI())^4*A139^-5/4/PI()/$F$5^4*EXP((-1/PI())*(2*PI()/$F$5)^4*A139^-4)) -> 0 | G139: =$B$4*(B139^2)*($D$137^2*(2*PI())^4*A139^-5/4/PI()/$G$5^4*EXP((-1/PI())*(2*PI()/$G$5)^4*A139^-4)) -> 0 | H139: =$B$4*(B139^2)*($D$137^2*(2*PI())^4*A139^-5/4/PI()/$H$5^4*EXP((-1/PI())*(2*PI()/$H$5)^4*A139^-4)) -> 0 | I139: =$B$4*(B139^2)*($D$137^2*(2*PI())^4*A139^-5/4/PI()/$I$5^4*EXP((-1/PI())*(2*PI()/$I$5)^4*A139^-4)) -> 0 | J139: =$B$4*(B139^2)*($D$137^2*(2*PI())^4*A139^-5/4/PI()/$J$5^4*EXP((-1/PI())*(2*PI()/$J$5)^4*A139^-4)) -> 0 | K139: =$B$4*(B139^2)*($D$137^2*(2*PI())^4*A139^-5/4/PI()/$K$5^4*EXP((-1/PI())*(2*PI()/$K$5)^4*A139^-4)) -> 0 | L139: =$B$4*(B139^2)*($D$137^2*(2*PI())^4*A139^-5/4/PI()/$L$5^4*EXP((-1/PI())*(2*PI()/$L$5)^4*A139^-4)) -> 0 | M139: =$B$4*(B139^2)*($D$137^2*(2*PI())^4*A139^-5/4/PI()/$M$5^4*EXP((-1/PI())*(2*PI()/$M$5)^4*A139^-4)) -> 1.4496227e-220 | N139: =$B$4*(B139^2)*($D$137^2*(2*PI())^4*A139^-5/4/PI()/$N$5^4*EXP((-1/PI())*(2*PI()/$N$5)^4*A139^-4)) -> 6.7337479e-160 | O139: =$B$4*(B139^2)*($D$137^2*(2*PI())^4*A139^-5/4/PI()/$O$5^4*EXP((-1/PI())*(2*PI()/$O$5)^4*A139^-4)) -> 4.3231547e-118 | P139: =$B$4*(B139^2)*($D$137^2*(2*PI())^4*A139^-5/4/PI()/$P$5^4*EXP((-1/PI())*(2*PI()/$P$5)^4*A139^-4)) -> 1.5611883e-88 | Q139: =$B$4*(B139^2)*($D$137^2*(2*PI())^4*A139^-5/4/PI()/$Q$5^4*EXP((-1/PI())*(2*PI()/$Q$5)^4*A139^-4)) -> 3.6294001e-67 | R139: =$B$4*(B139^2)*($D$137^2*(2*PI())^4*A139^-5/4/PI()/$R$5^4*EXP((-1/PI())*(2*PI()/$R$5)^4*A139^-4)) -> 2.0334246e-51 | S139: =$B$4*(B139^2)*($D$136^2*(2*PI())^4*A139^-5/4/PI()/$S$5^4*EXP((-1/PI())*(2*PI()/$S$5)^4*A139^-4)) -> 1.3078975e-39
A140: =A96 -> 0.1075 | B140: =B96 -> 12005.089 | D140: =$B$4*(B140^2)*($D$137^2*(2*PI())^4*A140^-5/4/PI()/$D$5^4*EXP((-1/PI())*(2*PI()/$D$5)^4*A140^-4)) -> 0 | E140: =$B$4*(B140^2)*($D$137^2*(2*PI())^4*A140^-5/4/PI()/$E$5^4*EXP((-1/PI())*(2*PI()/$E$5)^4*A140^-4)) -> 0 | F140: =$B$4*(B140^2)*($D$137^2*(2*PI())^4*A140^-5/4/PI()/$F$5^4*EXP((-1/PI())*(2*PI()/$F$5)^4*A140^-4)) -> 0 | G140: =$B$4*(B140^2)*($D$137^2*(2*PI())^4*A140^-5/4/PI()/$G$5^4*EXP((-1/PI())*(2*PI()/$G$5)^4*A140^-4)) -> 0 | H140: =$B$4*(B140^2)*($D$137^2*(2*PI())^4*A140^-5/4/PI()/$H$5^4*EXP((-1/PI())*(2*PI()/$H$5)^4*A140^-4)) -> 0 | I140: =$B$4*(B140^2)*($D$137^2*(2*PI())^4*A140^-5/4/PI()/$I$5^4*EXP((-1/PI())*(2*PI()/$I$5)^4*A140^-4)) -> 7.2977995e-299 | J140: =$B$4*(B140^2)*($D$137^2*(2*PI())^4*A140^-5/4/PI()/$J$5^4*EXP((-1/PI())*(2*PI()/$J$5)^4*A140^-4)) -> 4.5490001e-188 | K140: =$B$4*(B140^2)*($D$137^2*(2*PI())^4*A140^-5/4/PI()/$K$5^4*EXP((-1/PI())*(2*PI()/$K$5)^4*A140^-4)) -> 6.7471532e-123 | L140: =$B$4*(B140^2)*($D$137^2*(2*PI())^4*A140^-5/4/PI()/$L$5^4*EXP((-1/PI())*(2*PI()/$L$5)^4*A140^-4)) -> 1.4360988e-82 | M140: =$B$4*(B140^2)*($D$137^2*(2*PI())^4*A140^-5/4/PI()/$M$5^4*EXP((-1/PI())*(2*PI()/$M$5)^4*A140^-4)) -> 1.4887274e-56 | N140: =$B$4*(B140^2)*($D$137^2*(2*PI())^4*A140^-5/4/PI()/$N$5^4*EXP((-1/PI())*(2*PI()/$N$5)^4*A140^-4)) -> 3.5379312e-39 | O140: =$B$4*(B140^2)*($D$137^2*(2*PI())^4*A140^-5/4/PI()/$O$5^4*EXP((-1/PI())*(2*PI()/$O$5)^4*A140^-4)) -> 3.1642192e-27 | P140: =$B$4*(B140^2)*($D$137^2*(2*PI())^4*A140^-5/4/PI()/$P$5^4*EXP((-1/PI())*(2*PI()/$P$5)^4*A140^-4)) -> 8.509584e-19 | Q140: =$B$4*(B140^2)*($D$137^2*(2*PI())^4*A140^-5/4/PI()/$Q$5^4*EXP((-1/PI())*(2*PI()/$Q$5)^4*A140^-4)) -> 1.0133347e-12 | R140: =$B$4*(B140^2)*($D$137^2*(2*PI())^4*A140^-5/4/PI()/$R$5^4*EXP((-1/PI())*(2*PI()/$R$5)^4*A140^-4)) -> 2.9394009e-08 | S140: =$B$4*(B140^2)*($D$136^2*(2*PI())^4*A140^-5/4/PI()/$S$5^4*EXP((-1/PI())*(2*PI()/$S$5)^4*A140^-4)) -> 6.3115994e-05
A141: =A97 -> 0.13625 | B141: =B97 -> 32013.572 | D141: =$B$4*(B141^2)*($D$137^2*(2*PI())^4*A141^-5/4/PI()/$D$5^4*EXP((-1/PI())*(2*PI()/$D$5)^4*A141^-4)) -> 0 | E141: =$B$4*(B141^2)*($D$137^2*(2*PI())^4*A141^-5/4/PI()/$E$5^4*EXP((-1/PI())*(2*PI()/$E$5)^4*A141^-4)) -> 0 | F141: =$B$4*(B141^2)*($D$137^2*(2*PI())^4*A141^-5/4/PI()/$F$5^4*EXP((-1/PI())*(2*PI()/$F$5)^4*A141^-4)) -> 0 | G141: =$B$4*(B141^2)*($D$137^2*(2*PI())^4*A141^-5/4/PI()/$G$5^4*EXP((-1/PI())*(2*PI()/$G$5)^4*A141^-4)) -> 0 | H141: =$B$4*(B141^2)*($D$137^2*(2*PI())^4*A141^-5/4/PI()/$H$5^4*EXP((-1/PI())*(2*PI()/$H$5)^4*A141^-4)) -> 7.7624858e-187 | I141: =$B$4*(B141^2)*($D$137^2*(2*PI())^4*A141^-5/4/PI()/$I$5^4*EXP((-1/PI())*(2*PI()/$I$5)^4*A141^-4)) -> 3.1330983e-109 | J141: =$B$4*(B141^2)*($D$137^2*(2*PI())^4*A141^-5/4/PI()/$J$5^4*EXP((-1/PI())*(2*PI()/$J$5)^4*A141^-4)) -> 2.0520037e-66 | K141: =$B$4*(B141^2)*($D$137^2*(2*PI())^4*A141^-5/4/PI()/$K$5^4*EXP((-1/PI())*(2*PI()/$K$5)^4*A141^-4)) -> 2.8871415e-41 | L141: =$B$4*(B141^2)*($D$137^2*(2*PI())^4*A141^-5/4/PI()/$L$5^4*EXP((-1/PI())*(2*PI()/$L$5)^4*A141^-4)) -> 9.8034443e-26 | M141: =$B$4*(B141^2)*($D$137^2*(2*PI())^4*A141^-5/4/PI()/$M$5^4*EXP((-1/PI())*(2*PI()/$M$5)^4*A141^-4)) -> 9.6403272e-16 | N141: =$B$4*(B141^2)*($D$137^2*(2*PI())^4*A141^-5/4/PI()/$N$5^4*EXP((-1/PI())*(2*PI()/$N$5)^4*A141^-4)) -> 4.3214522e-09 | O141: =$B$4*(B141^2)*($D$137^2*(2*PI())^4*A141^-5/4/PI()/$O$5^4*EXP((-1/PI())*(2*PI()/$O$5)^4*A141^-4)) -> 0.00015523237 | P141: =$B$4*(B141^2)*($D$137^2*(2*PI())^4*A141^-5/4/PI()/$P$5^4*EXP((-1/PI())*(2*PI()/$P$5)^4*A141^-4)) -> 0.24357361 | Q141: =$B$4*(B141^2)*($D$137^2*(2*PI())^4*A141^-5/4/PI()/$Q$5^4*EXP((-1/PI())*(2*PI()/$Q$5)^4*A141^-4)) -> 47.27003 | R141: =$B$4*(B141^2)*($D$137^2*(2*PI())^4*A141^-5/4/PI()/$R$5^4*EXP((-1/PI())*(2*PI()/$R$5)^4*A141^-4)) -> 2194.1432 | S141: =$B$4*(B141^2)*($D$136^2*(2*PI())^4*A141^-5/4/PI()/$S$5^4*EXP((-1/PI())*(2*PI()/$S$5)^4*A141^-4)) -> 37436.088
A142: =A98 -> 0.165 | B142: =B98 -> 70029.689 | D142: =$B$4*(B142^2)*($D$137^2*(2*PI())^4*A142^-5/4/PI()/$D$5^4*EXP((-1/PI())*(2*PI()/$D$5)^4*A142^-4)) -> 0 | E142: =$B$4*(B142^2)*($D$137^2*(2*PI())^4*A142^-5/4/PI()/$E$5^4*EXP((-1/PI())*(2*PI()/$E$5)^4*A142^-4)) -> 0 | F142: =$B$4*(B142^2)*($D$137^2*(2*PI())^4*A142^-5/4/PI()/$F$5^4*EXP((-1/PI())*(2*PI()/$F$5)^4*A142^-4)) -> 0 | G142: =$B$4*(B142^2)*($D$137^2*(2*PI())^4*A142^-5/4/PI()/$G$5^4*EXP((-1/PI())*(2*PI()/$G$5)^4*A142^-4)) -> 1.4139022e-151 | H142: =$B$4*(B142^2)*($D$137^2*(2*PI())^4*A142^-5/4/PI()/$H$5^4*EXP((-1/PI())*(2*PI()/$H$5)^4*A142^-4)) -> 7.4699456e-81 | I142: =$B$4*(B142^2)*($D$137^2*(2*PI())^4*A142^-5/4/PI()/$I$5^4*EXP((-1/PI())*(2*PI()/$I$5)^4*A142^-4)) -> 6.9217024e-45 | J142: =$B$4*(B142^2)*($D$137^2*(2*PI())^4*A142^-5/4/PI()/$J$5^4*EXP((-1/PI())*(2*PI()/$J$5)^4*A142^-4)) -> 4.409712e-25 | K142: =$B$4*(B142^2)*($D$137^2*(2*PI())^4*A142^-5/4/PI()/$K$5^4*EXP((-1/PI())*(2*PI()/$K$5)^4*A142^-4)) -> 1.7546528e-13 | L142: =$B$4*(B142^2)*($D$137^2*(2*PI())^4*A142^-5/4/PI()/$L$5^4*EXP((-1/PI())*(2*PI()/$L$5)^4*A142^-4)) -> 2.4032521e-06 | M142: =$B$4*(B142^2)*($D$137^2*(2*PI())^4*A142^-5/4/PI()/$M$5^4*EXP((-1/PI())*(2*PI()/$M$5)^4*A142^-4)) -> 0.089013026 | N142: =$B$4*(B142^2)*($D$137^2*(2*PI())^4*A142^-5/4/PI()/$N$5^4*EXP((-1/PI())*(2*PI()/$N$5)^4*A142^-4)) -> 93.450532 | O142: =$B$4*(B142^2)*($D$137^2*(2*PI())^4*A142^-5/4/PI()/$O$5^4*EXP((-1/PI())*(2*PI()/$O$5)^4*A142^-4)) -> 10524.309 | P142: =$B$4*(B142^2)*($D$137^2*(2*PI())^4*A142^-5/4/PI()/$P$5^4*EXP((-1/PI())*(2*PI()/$P$5)^4*A142^-4)) -> 279277.69 | Q142: =$B$4*(B142^2)*($D$137^2*(2*PI())^4*A142^-5/4/PI()/$Q$5^4*EXP((-1/PI())*(2*PI()/$Q$5)^4*A142^-4)) -> 2829569 | R142: =$B$4*(B142^2)*($D$137^2*(2*PI())^4*A142^-5/4/PI()/$R$5^4*EXP((-1/PI())*(2*PI()/$R$5)^4*A142^-4)) -> 14857969 | S142: =$B$4*(B142^2)*($D$136^2*(2*PI())^4*A142^-5/4/PI()/$S$5^4*EXP((-1/PI())*(2*PI()/$S$5)^4*A142^-4)) -> 49333792
A143: =A99 -> 0.19375 | B143: =B99 -> 129388.19 | D143: =$B$4*(B143^2)*($D$137^2*(2*PI())^4*A143^-5/4/PI()/$D$5^4*EXP((-1/PI())*(2*PI()/$D$5)^4*A143^-4)) -> 0 | E143: =$B$4*(B143^2)*($D$137^2*(2*PI())^4*A143^-5/4/PI()/$E$5^4*EXP((-1/PI())*(2*PI()/$E$5)^4*A143^-4)) -> 0 | F143: =$B$4*(B143^2)*($D$137^2*(2*PI())^4*A143^-5/4/PI()/$F$5^4*EXP((-1/PI())*(2*PI()/$F$5)^4*A143^-4)) -> 2.4091139e-155 | G143: =$B$4*(B143^2)*($D$137^2*(2*PI())^4*A143^-5/4/PI()/$G$5^4*EXP((-1/PI())*(2*PI()/$G$5)^4*A143^-4)) -> 3.3494506e-74 | H143: =$B$4*(B143^2)*($D$137^2*(2*PI())^4*A143^-5/4/PI()/$H$5^4*EXP((-1/PI())*(2*PI()/$H$5)^4*A143^-4)) -> 4.0359004e-37 | I143: =$B$4*(B143^2)*($D$137^2*(2*PI())^4*A143^-5/4/PI()/$I$5^4*EXP((-1/PI())*(2*PI()/$I$5)^4*A143^-4)) -> 2.6346842e-18 | J143: =$B$4*(B143^2)*($D$137^2*(2*PI())^4*A143^-5/4/PI()/$J$5^4*EXP((-1/PI())*(2*PI()/$J$5)^4*A143^-4)) -> 5.5685675e-08 | K143: =$B$4*(B143^2)*($D$137^2*(2*PI())^4*A143^-5/4/PI()/$K$5^4*EXP((-1/PI())*(2*PI()/$K$5)^4*A143^-4)) -> 0.058153732 | L143: =$B$4*(B143^2)*($D$137^2*(2*PI())^4*A143^-5/4/PI()/$L$5^4*EXP((-1/PI())*(2*PI()/$L$5)^4*A143^-4)) -> 277.5727 | M143: =$B$4*(B143^2)*($D$137^2*(2*PI())^4*A143^-5/4/PI()/$M$5^4*EXP((-1/PI())*(2*PI()/$M$5)^4*A143^-4)) -> 59942.469 | N143: =$B$4*(B143^2)*($D$137^2*(2*PI())^4*A143^-5/4/PI()/$N$5^4*EXP((-1/PI())*(2*PI()/$N$5)^4*A143^-4)) -> 2011001.5 | O143: =$B$4*(B143^2)*($D$137^2*(2*PI())^4*A143^-5/4/PI()/$O$5^4*EXP((-1/PI())*(2*PI()/$O$5)^4*A143^-4)) -> 21070508 | P143: =$B$4*(B143^2)*($D$137^2*(2*PI())^4*A143^-5/4/PI()/$P$5^4*EXP((-1/PI())*(2*PI()/$P$5)^4*A143^-4)) -> 1.041525e+08 | Q143: =$B$4*(B143^2)*($D$137^2*(2*PI())^4*A143^-5/4/PI()/$Q$5^4*EXP((-1/PI())*(2*PI()/$Q$5)^4*A143^-4)) -> 3.1272037e+08 | R143: =$B$4*(B143^2)*($D$137^2*(2*PI())^4*A143^-5/4/PI()/$R$5^4*EXP((-1/PI())*(2*PI()/$R$5)^4*A143^-4)) -> 6.6916718e+08 | S143: =$B$4*(B143^2)*($D$136^2*(2*PI())^4*A143^-5/4/PI()/$S$5^4*EXP((-1/PI())*(2*PI()/$S$5)^4*A143^-4)) -> 1.1321603e+09
A144: =A100 -> 0.2225 | B144: =B100 -> 216758.56 | D144: =$B$4*(B144^2)*($D$137^2*(2*PI())^4*A144^-5/4/PI()/$D$5^4*EXP((-1/PI())*(2*PI()/$D$5)^4*A144^-4)) -> 0 | E144: =$B$4*(B144^2)*($D$137^2*(2*PI())^4*A144^-5/4/PI()/$E$5^4*EXP((-1/PI())*(2*PI()/$E$5)^4*A144^-4)) -> 3.8279688e-202 | F144: =$B$4*(B144^2)*($D$137^2*(2*PI())^4*A144^-5/4/PI()/$F$5^4*EXP((-1/PI())*(2*PI()/$F$5)^4*A144^-4)) -> 3.5089279e-84 | G144: =$B$4*(B144^2)*($D$137^2*(2*PI())^4*A144^-5/4/PI()/$G$5^4*EXP((-1/PI())*(2*PI()/$G$5)^4*A144^-4)) -> 1.1936018e-37 | H144: =$B$4*(B144^2)*($D$137^2*(2*PI())^4*A144^-5/4/PI()/$H$5^4*EXP((-1/PI())*(2*PI()/$H$5)^4*A144^-4)) -> 1.957596e-16 | I144: =$B$4*(B144^2)*($D$137^2*(2*PI())^4*A144^-5/4/PI()/$I$5^4*EXP((-1/PI())*(2*PI()/$I$5)^4*A144^-4)) -> 1.0406088e-05 | J144: =$B$4*(B144^2)*($D$137^2*(2*PI())^4*A144^-5/4/PI()/$J$5^4*EXP((-1/PI())*(2*PI()/$J$5)^4*A144^-4)) -> 7.4432026 | K144: =$B$4*(B144^2)*($D$137^2*(2*PI())^4*A144^-5/4/PI()/$K$5^4*EXP((-1/PI())*(2*PI()/$K$5)^4*A144^-4)) -> 18135.315 | L144: =$B$4*(B144^2)*($D$137^2*(2*PI())^4*A144^-5/4/PI()/$L$5^4*EXP((-1/PI())*(2*PI()/$L$5)^4*A144^-4)) -> 2025643.9 | M144: =$B$4*(B144^2)*($D$137^2*(2*PI())^4*A144^-5/4/PI()/$M$5^4*EXP((-1/PI())*(2*PI()/$M$5)^4*A144^-4)) -> 38653521 | N144: =$B$4*(B144^2)*($D$137^2*(2*PI())^4*A144^-5/4/PI()/$N$5^4*EXP((-1/PI())*(2*PI()/$N$5)^4*A144^-4)) -> 2.5561546e+08 | O144: =$B$4*(B144^2)*($D$137^2*(2*PI())^4*A144^-5/4/PI()/$O$5^4*EXP((-1/PI())*(2*PI()/$O$5)^4*A144^-4)) -> 8.7387237e+08 | P144: =$B$4*(B144^2)*($D$137^2*(2*PI())^4*A144^-5/4/PI()/$P$5^4*EXP((-1/PI())*(2*PI()/$P$5)^4*A144^-4)) -> 1.9553932e+09 | Q144: =$B$4*(B144^2)*($D$137^2*(2*PI())^4*A144^-5/4/PI()/$Q$5^4*EXP((-1/PI())*(2*PI()/$Q$5)^4*A144^-4)) -> 3.3083668e+09 | R144: =$B$4*(B144^2)*($D$137^2*(2*PI())^4*A144^-5/4/PI()/$R$5^4*EXP((-1/PI())*(2*PI()/$R$5)^4*A144^-4)) -> 4.6358271e+09 | S144: =$B$4*(B144^2)*($D$136^2*(2*PI())^4*A144^-5/4/PI()/$S$5^4*EXP((-1/PI())*(2*PI()/$S$5)^4*A144^-4)) -> 5.7069697e+09
A145: =A101 -> 0.25125 | B145: =B101 -> 331473.86 | D145: =$B$4*(B145^2)*($D$137^2*(2*PI())^4*A145^-5/4/PI()/$D$5^4*EXP((-1/PI())*(2*PI()/$D$5)^4*A145^-4)) -> 0 | E145: =$B$4*(B145^2)*($D$137^2*(2*PI())^4*A145^-5/4/PI()/$E$5^4*EXP((-1/PI())*(2*PI()/$E$5)^4*A145^-4)) -> 1.651853e-119 | F145: =$B$4*(B145^2)*($D$137^2*(2*PI())^4*A145^-5/4/PI()/$F$5^4*EXP((-1/PI())*(2*PI()/$F$5)^4*A145^-4)) -> 4.305057e-47 | G145: =$B$4*(B145^2)*($D$137^2*(2*PI())^4*A145^-5/4/PI()/$G$5^4*EXP((-1/PI())*(2*PI()/$G$5)^4*A145^-4)) -> 1.3823159e-18 | H145: =$B$4*(B145^2)*($D$137^2*(2*PI())^4*A145^-5/4/PI()/$H$5^4*EXP((-1/PI())*(2*PI()/$H$5)^4*A145^-4)) -> 1.2378519e-05 | I145: =$B$4*(B145^2)*($D$137^2*(2*PI())^4*A145^-5/4/PI()/$I$5^4*EXP((-1/PI())*(2*PI()/$I$5)^4*A145^-4)) -> 40.318119 | J145: =$B$4*(B145^2)*($D$137^2*(2*PI())^4*A145^-5/4/PI()/$J$5^4*EXP((-1/PI())*(2*PI()/$J$5)^4*A145^-4)) -> 135452.96 | K145: =$B$4*(B145^2)*($D$137^2*(2*PI())^4*A145^-5/4/PI()/$K$5^4*EXP((-1/PI())*(2*PI()/$K$5)^4*A145^-4)) -> 14054525 | L145: =$B$4*(B145^2)*($D$137^2*(2*PI())^4*A145^-5/4/PI()/$L$5^4*EXP((-1/PI())*(2*PI()/$L$5)^4*A145^-4)) -> 2.2211656e+08 | M145: =$B$4*(B145^2)*($D$137^2*(2*PI())^4*A145^-5/4/PI()/$M$5^4*EXP((-1/PI())*(2*PI()/$M$5)^4*A145^-4)) -> 1.197956e+09 | N145: =$B$4*(B145^2)*($D$137^2*(2*PI())^4*A145^-5/4/PI()/$N$5^4*EXP((-1/PI())*(2*PI()/$N$5)^4*A145^-4)) -> 3.4004861e+09 | O145: =$B$4*(B145^2)*($D$137^2*(2*PI())^4*A145^-5/4/PI()/$O$5^4*EXP((-1/PI())*(2*PI()/$O$5)^4*A145^-4)) -> 6.4877184e+09 | P145: =$B$4*(B145^2)*($D$137^2*(2*PI())^4*A145^-5/4/PI()/$P$5^4*EXP((-1/PI())*(2*PI()/$P$5)^4*A145^-4)) -> 9.607712e+09 | Q145: =$B$4*(B145^2)*($D$137^2*(2*PI())^4*A145^-5/4/PI()/$Q$5^4*EXP((-1/PI())*(2*PI()/$Q$5)^4*A145^-4)) -> 1.205782e+10 | R145: =$B$4*(B145^2)*($D$137^2*(2*PI())^4*A145^-5/4/PI()/$R$5^4*EXP((-1/PI())*(2*PI()/$R$5)^4*A145^-4)) -> 1.3552787e+10 | S145: =$B$4*(B145^2)*($D$136^2*(2*PI())^4*A145^-5/4/PI()/$S$5^4*EXP((-1/PI())*(2*PI()/$S$5)^4*A145^-4)) -> 1.4138046e+10
A146: =A102 -> 0.28 | B146: =B102 -> 472200.19 | D146: =$B$4*(B146^2)*($D$137^2*(2*PI())^4*A146^-5/4/PI()/$D$5^4*EXP((-1/PI())*(2*PI()/$D$5)^4*A146^-4)) -> 9.7491731e-221 | E146: =$B$4*(B146^2)*($D$137^2*(2*PI())^4*A146^-5/4/PI()/$E$5^4*EXP((-1/PI())*(2*PI()/$E$5)^4*A146^-4)) -> 4.554859e-73 | F146: =$B$4*(B146^2)*($D$137^2*(2*PI())^4*A146^-5/4/PI()/$F$5^4*EXP((-1/PI())*(2*PI()/$F$5)^4*A146^-4)) -> 3.0543749e-26 | G146: =$B$4*(B146^2)*($D$137^2*(2*PI())^4*A146^-5/4/PI()/$G$5^4*EXP((-1/PI())*(2*PI()/$G$5)^4*A146^-4)) -> 7.3181083e-08 | H146: =$B$4*(B146^2)*($D$137^2*(2*PI())^4*A146^-5/4/PI()/$H$5^4*EXP((-1/PI())*(2*PI()/$H$5)^4*A146^-4)) -> 14.931675 | I146: =$B$4*(B146^2)*($D$137^2*(2*PI())^4*A146^-5/4/PI()/$I$5^4*EXP((-1/PI())*(2*PI()/$I$5)^4*A146^-4)) -> 208962.79 | J146: =$B$4*(B146^2)*($D$137^2*(2*PI())^4*A146^-5/4/PI()/$J$5^4*EXP((-1/PI())*(2*PI()/$J$5)^4*A146^-4)) -> 34537922 | K146: =$B$4*(B146^2)*($D$137^2*(2*PI())^4*A146^-5/4/PI()/$K$5^4*EXP((-1/PI())*(2*PI()/$K$5)^4*A146^-4)) -> 6.084041e+08 | L146: =$B$4*(B146^2)*($D$137^2*(2*PI())^4*A146^-5/4/PI()/$L$5^4*EXP((-1/PI())*(2*PI()/$L$5)^4*A146^-4)) -> 3.2048182e+09 | M146: =$B$4*(B146^2)*($D$137^2*(2*PI())^4*A146^-5/4/PI()/$M$5^4*EXP((-1/PI())*(2*PI()/$M$5)^4*A146^-4)) -> 8.4985734e+09 | N146: =$B$4*(B146^2)*($D$137^2*(2*PI())^4*A146^-5/4/PI()/$N$5^4*EXP((-1/PI())*(2*PI()/$N$5)^4*A146^-4)) -> 1.4999765e+10 | O146: =$B$4*(B146^2)*($D$137^2*(2*PI())^4*A146^-5/4/PI()/$O$5^4*EXP((-1/PI())*(2*PI()/$O$5)^4*A146^-4)) -> 2.0621319e+10 | P146: =$B$4*(B146^2)*($D$137^2*(2*PI())^4*A146^-5/4/PI()/$P$5^4*EXP((-1/PI())*(2*PI()/$P$5)^4*A146^-4)) -> 2.4217566e+10 | Q146: =$B$4*(B146^2)*($D$137^2*(2*PI())^4*A146^-5/4/PI()/$Q$5^4*EXP((-1/PI())*(2*PI()/$Q$5)^4*A146^-4)) -> 2.5697551e+10 | R146: =$B$4*(B146^2)*($D$137^2*(2*PI())^4*A146^-5/4/PI()/$R$5^4*EXP((-1/PI())*(2*PI()/$R$5)^4*A146^-4)) -> 2.5518403e+10 | S146: =$B$4*(B146^2)*($D$136^2*(2*PI())^4*A146^-5/4/PI()/$S$5^4*EXP((-1/PI())*(2*PI()/$S$5)^4*A146^-4)) -> 2.4255392e+10
A147: =A103 -> 0.30875 | B147: =B103 -> 627599.4 | D147: =$B$4*(B147^2)*($D$137^2*(2*PI())^4*A147^-5/4/PI()/$D$5^4*EXP((-1/PI())*(2*PI()/$D$5)^4*A147^-4)) -> 4.0974351e-145 | E147: =$B$4*(B147^2)*($D$137^2*(2*PI())^4*A147^-5/4/PI()/$E$5^4*EXP((-1/PI())*(2*PI()/$E$5)^4*A147^-4)) -> 2.2648669e-45 | F147: =$B$4*(B147^2)*($D$137^2*(2*PI())^4*A147^-5/4/PI()/$F$5^4*EXP((-1/PI())*(2*PI()/$F$5)^4*A147^-4)) -> 8.2355595e-14 | G147: =$B$4*(B147^2)*($D$137^2*(2*PI())^4*A147^-5/4/PI()/$G$5^4*EXP((-1/PI())*(2*PI()/$G$5)^4*A147^-4)) -> 0.17934144 | H147: =$B$4*(B147^2)*($D$137^2*(2*PI())^4*A147^-5/4/PI()/$H$5^4*EXP((-1/PI())*(2*PI()/$H$5)^4*A147^-4)) -> 62220.408 | I147: =$B$4*(B147^2)*($D$137^2*(2*PI())^4*A147^-5/4/PI()/$I$5^4*EXP((-1/PI())*(2*PI()/$I$5)^4*A147^-4)) -> 33721310 | J147: =$B$4*(B147^2)*($D$137^2*(2*PI())^4*A147^-5/4/PI()/$J$5^4*EXP((-1/PI())*(2*PI()/$J$5)^4*A147^-4)) -> 9.2425168e+08 | K147: =$B$4*(B147^2)*($D$137^2*(2*PI())^4*A147^-5/4/PI()/$K$5^4*EXP((-1/PI())*(2*PI()/$K$5)^4*A147^-4)) -> 5.6526712e+09 | L147: =$B$4*(B147^2)*($D$137^2*(2*PI())^4*A147^-5/4/PI()/$L$5^4*EXP((-1/PI())*(2*PI()/$L$5)^4*A147^-4)) -> 1.5460112e+10 | M147: =$B$4*(B147^2)*($D$137^2*(2*PI())^4*A147^-5/4/PI()/$M$5^4*EXP((-1/PI())*(2*PI()/$M$5)^4*A147^-4)) -> 2.684259e+10 | N147: =$B$4*(B147^2)*($D$137^2*(2*PI())^4*A147^-5/4/PI()/$N$5^4*EXP((-1/PI())*(2*PI()/$N$5)^4*A147^-4)) -> 3.5682475e+10 | O147: =$B$4*(B147^2)*($D$137^2*(2*PI())^4*A147^-5/4/PI()/$O$5^4*EXP((-1/PI())*(2*PI()/$O$5)^4*A147^-4)) -> 4.0344528e+10 | P147: =$B$4*(B147^2)*($D$137^2*(2*PI())^4*A147^-5/4/PI()/$P$5^4*EXP((-1/PI())*(2*PI()/$P$5)^4*A147^-4)) -> 4.1258787e+10 | Q147: =$B$4*(B147^2)*($D$137^2*(2*PI())^4*A147^-5/4/PI()/$Q$5^4*EXP((-1/PI())*(2*PI()/$Q$5)^4*A147^-4)) -> 3.960916e+10 | R147: =$B$4*(B147^2)*($D$137^2*(2*PI())^4*A147^-5/4/PI()/$R$5^4*EXP((-1/PI())*(2*PI()/$R$5)^4*A147^-4)) -> 3.6531158e+10 | S147: =$B$4*(B147^2)*($D$136^2*(2*PI())^4*A147^-5/4/PI()/$S$5^4*EXP((-1/PI())*(2*PI()/$S$5)^4*A147^-4)) -> 3.2848346e+10
A148: =A104 -> 0.3375 | B148: =B104 -> 782998.61 | D148: =$B$4*(B148^2)*($D$137^2*(2*PI())^4*A148^-5/4/PI()/$D$5^4*EXP((-1/PI())*(2*PI()/$D$5)^4*A148^-4)) -> 8.9370431e-98 | E148: =$B$4*(B148^2)*($D$137^2*(2*PI())^4*A148^-5/4/PI()/$E$5^4*EXP((-1/PI())*(2*PI()/$E$5)^4*A148^-4)) -> 4.7632318e-28 | F148: =$B$4*(B148^2)*($D$137^2*(2*PI())^4*A148^-5/4/PI()/$F$5^4*EXP((-1/PI())*(2*PI()/$F$5)^4*A148^-4)) -> 4.7626857e-06 | G148: =$B$4*(B148^2)*($D$137^2*(2*PI())^4*A148^-5/4/PI()/$G$5^4*EXP((-1/PI())*(2*PI()/$G$5)^4*A148^-4)) -> 1706.7156 | H148: =$B$4*(B148^2)*($D$137^2*(2*PI())^4*A148^-5/4/PI()/$H$5^4*EXP((-1/PI())*(2*PI()/$H$5)^4*A148^-4)) -> 10913168 | I148: =$B$4*(B148^2)*($D$137^2*(2*PI())^4*A148^-5/4/PI()/$I$5^4*EXP((-1/PI())*(2*PI()/$I$5)^4*A148^-4)) -> 7.7200234e+08 | J148: =$B$4*(B148^2)*($D$137^2*(2*PI())^4*A148^-5/4/PI()/$J$5^4*EXP((-1/PI())*(2*PI()/$J$5)^4*A148^-4)) -> 6.8673678e+09 | K148: =$B$4*(B148^2)*($D$137^2*(2*PI())^4*A148^-5/4/PI()/$K$5^4*EXP((-1/PI())*(2*PI()/$K$5)^4*A148^-4)) -> 2.1653062e+10 | L148: =$B$4*(B148^2)*($D$137^2*(2*PI())^4*A148^-5/4/PI()/$L$5^4*EXP((-1/PI())*(2*PI()/$L$5)^4*A148^-4)) -> 3.9283074e+10 | M148: =$B$4*(B148^2)*($D$137^2*(2*PI())^4*A148^-5/4/PI()/$M$5^4*EXP((-1/PI())*(2*PI()/$M$5)^4*A148^-4)) -> 5.2314803e+10 | N148: =$B$4*(B148^2)*($D$137^2*(2*PI())^4*A148^-5/4/PI()/$N$5^4*EXP((-1/PI())*(2*PI()/$N$5)^4*A148^-4)) -> 5.823108e+10 | O148: =$B$4*(B148^2)*($D$137^2*(2*PI())^4*A148^-5/4/PI()/$O$5^4*EXP((-1/PI())*(2*PI()/$O$5)^4*A148^-4)) -> 5.8252115e+10 | P148: =$B$4*(B148^2)*($D$137^2*(2*PI())^4*A148^-5/4/PI()/$P$5^4*EXP((-1/PI())*(2*PI()/$P$5)^4*A148^-4)) -> 5.4627969e+10 | Q148: =$B$4*(B148^2)*($D$137^2*(2*PI())^4*A148^-5/4/PI()/$Q$5^4*EXP((-1/PI())*(2*PI()/$Q$5)^4*A148^-4)) -> 4.9256345e+10 | R148: =$B$4*(B148^2)*($D$137^2*(2*PI())^4*A148^-5/4/PI()/$R$5^4*EXP((-1/PI())*(2*PI()/$R$5)^4*A148^-4)) -> 4.3374062e+10 | S148: =$B$4*(B148^2)*($D$136^2*(2*PI())^4*A148^-5/4/PI()/$S$5^4*EXP((-1/PI())*(2*PI()/$S$5)^4*A148^-4)) -> 3.7668975e+10
A149: =A105 -> 0.36625 | B149: =B105 -> 915054.6 | D149: =$B$4*(B149^2)*($D$137^2*(2*PI())^4*A149^-5/4/PI()/$D$5^4*EXP((-1/PI())*(2*PI()/$D$5)^4*A149^-4)) -> 5.9407319e-67 | E149: =$B$4*(B149^2)*($D$137^2*(2*PI())^4*A149^-5/4/PI()/$E$5^4*EXP((-1/PI())*(2*PI()/$E$5)^4*A149^-4)) -> 8.5258019e-17 | F149: =$B$4*(B149^2)*($D$137^2*(2*PI())^4*A149^-5/4/PI()/$F$5^4*EXP((-1/PI())*(2*PI()/$F$5)^4*A149^-4)) -> 0.4980459 | G149: =$B$4*(B149^2)*($D$137^2*(2*PI())^4*A149^-5/4/PI()/$G$5^4*EXP((-1/PI())*(2*PI()/$G$5)^4*A149^-4)) -> 609093.38 | H149: =$B$4*(B149^2)*($D$137^2*(2*PI())^4*A149^-5/4/PI()/$H$5^4*EXP((-1/PI())*(2*PI()/$H$5)^4*A149^-4)) -> 2.881596e+08 | I149: =$B$4*(B149^2)*($D$137^2*(2*PI())^4*A149^-5/4/PI()/$I$5^4*EXP((-1/PI())*(2*PI()/$I$5)^4*A149^-4)) -> 5.4044268e+09 | J149: =$B$4*(B149^2)*($D$137^2*(2*PI())^4*A149^-5/4/PI()/$J$5^4*EXP((-1/PI())*(2*PI()/$J$5)^4*A149^-4)) -> 2.3082771e+10 | K149: =$B$4*(B149^2)*($D$137^2*(2*PI())^4*A149^-5/4/PI()/$K$5^4*EXP((-1/PI())*(2*PI()/$K$5)^4*A149^-4)) -> 4.7251859e+10 | L149: =$B$4*(B149^2)*($D$137^2*(2*PI())^4*A149^-5/4/PI()/$L$5^4*EXP((-1/PI())*(2*PI()/$L$5)^4*A149^-4)) -> 6.5595522e+10 | M149: =$B$4*(B149^2)*($D$137^2*(2*PI())^4*A149^-5/4/PI()/$M$5^4*EXP((-1/PI())*(2*PI()/$M$5)^4*A149^-4)) -> 7.3483468e+10 | N149: =$B$4*(B149^2)*($D$137^2*(2*PI())^4*A149^-5/4/PI()/$N$5^4*EXP((-1/PI())*(2*PI()/$N$5)^4*A149^-4)) -> 7.2853732e+10 | O149: =$B$4*(B149^2)*($D$137^2*(2*PI())^4*A149^-5/4/PI()/$O$5^4*EXP((-1/PI())*(2*PI()/$O$5)^4*A149^-4)) -> 6.7288502e+10 | P149: =$B$4*(B149^2)*($D$137^2*(2*PI())^4*A149^-5/4/PI()/$P$5^4*EXP((-1/PI())*(2*PI()/$P$5)^4*A149^-4)) -> 5.9636356e+10 | Q149: =$B$4*(B149^2)*($D$137^2*(2*PI())^4*A149^-5/4/PI()/$Q$5^4*EXP((-1/PI())*(2*PI()/$Q$5)^4*A149^-4)) -> 5.1618262e+10 | R149: =$B$4*(B149^2)*($D$137^2*(2*PI())^4*A149^-5/4/PI()/$R$5^4*EXP((-1/PI())*(2*PI()/$R$5)^4*A149^-4)) -> 4.4102836e+10 | S149: =$B$4*(B149^2)*($D$136^2*(2*PI())^4*A149^-5/4/PI()/$S$5^4*EXP((-1/PI())*(2*PI()/$S$5)^4*A149^-4)) -> 3.7443603e+10
... A178: =A134 -> 1.2 | B178: =B134 -> 56023.751 | D178: =$B$4*(B178^2)*($D$137^2*(2*PI())^4*A178^-5/4/PI()/$D$5^4*EXP((-1/PI())*(2*PI()/$D$5)^4*A178^-4)) -> 74550403 | E178: =$B$4*(B178^2)*($D$137^2*(2*PI())^4*A178^-5/4/PI()/$E$5^4*EXP((-1/PI())*(2*PI()/$E$5)^4*A178^-4)) -> 74970052 | F178: =$B$4*(B178^2)*($D$137^2*(2*PI())^4*A178^-5/4/PI()/$F$5^4*EXP((-1/PI())*(2*PI()/$F$5)^4*A178^-4)) -> 46357848 | G178: =$B$4*(B178^2)*($D$137^2*(2*PI())^4*A178^-5/4/PI()/$G$5^4*EXP((-1/PI())*(2*PI()/$G$5)^4*A178^-4)) -> 26993625 | H178: =$B$4*(B178^2)*($D$137^2*(2*PI())^4*A178^-5/4/PI()/$H$5^4*EXP((-1/PI())*(2*PI()/$H$5)^4*A178^-4)) -> 16145001 | I178: =$B$4*(B178^2)*($D$137^2*(2*PI())^4*A178^-5/4/PI()/$I$5^4*EXP((-1/PI())*(2*PI()/$I$5)^4*A178^-4)) -> 10081877 | J178: =$B$4*(B178^2)*($D$137^2*(2*PI())^4*A178^-5/4/PI()/$J$5^4*EXP((-1/PI())*(2*PI()/$J$5)^4*A178^-4)) -> 6568567.6 | K178: =$B$4*(B178^2)*($D$137^2*(2*PI())^4*A178^-5/4/PI()/$K$5^4*EXP((-1/PI())*(2*PI()/$K$5)^4*A178^-4)) -> 4444432.8 | L178: =$B$4*(B178^2)*($D$137^2*(2*PI())^4*A178^-5/4/PI()/$L$5^4*EXP((-1/PI())*(2*PI()/$L$5)^4*A178^-4)) -> 3107346 | M178: =$B$4*(B178^2)*($D$137^2*(2*PI())^4*A178^-5/4/PI()/$M$5^4*EXP((-1/PI())*(2*PI()/$M$5)^4*A178^-4)) -> 2234733.6 | N178: =$B$4*(B178^2)*($D$137^2*(2*PI())^4*A178^-5/4/PI()/$N$5^4*EXP((-1/PI())*(2*PI()/$N$5)^4*A178^-4)) -> 1646866.6 | O178: =$B$4*(B178^2)*($D$137^2*(2*PI())^4*A178^-5/4/PI()/$O$5^4*EXP((-1/PI())*(2*PI()/$O$5)^4*A178^-4)) -> 1239650.3 | P178: =$B$4*(B178^2)*($D$137^2*(2*PI())^4*A178^-5/4/PI()/$P$5^4*EXP((-1/PI())*(2*PI()/$P$5)^4*A178^-4)) -> 950593.34 | Q178: =$B$4*(B178^2)*($D$137^2*(2*PI())^4*A178^-5/4/PI()/$Q$5^4*EXP((-1/PI())*(2*PI()/$Q$5)^4*A178^-4)) -> 740941.78 | R178: =$B$4*(B178^2)*($D$137^2*(2*PI())^4*A178^-5/4/PI()/$R$5^4*EXP((-1/PI())*(2*PI()/$R$5)^4*A178^-4)) -> 585951.47 | S178: =$B$4*(B178^2)*($D$136^2*(2*PI())^4*A178^-5/4/PI()/$S$5^4*EXP((-1/PI())*(2*PI()/$S$5)^4*A178^-4)) -> 469405.02
C179: sum | D179: =SUM(D138:D178) -> 1.0754642e+09 | E179: =SUM(E138:E178) -> 6.3093515e+09 | F179: =SUM(F138:F178) -> 1.9479267e+10 | G179: =SUM(G138:G178) -> 4.6118203e+10 | H179: =SUM(H138:H178) -> 1.0894791e+11 | I179: =SUM(I138:I178) -> 2.0834629e+11 | J179: =SUM(J138:J178) -> 3.1186901e+11 | K179: =SUM(K138:K178) -> 3.8938981e+11 | ... S179: =SUM(S138:S178) -> 2.4543059e+11 | T179: =SUM(D179:S179) -> 3.9715992e+12
A180: w0 | B180: =A183-A182 -> 0.02875 | C180: Hs | D180: 4.5
A181: w | B181: RAO(0) | C181: Tz | D181: 3.5 | E181: 4.5 | F181: 5.5 | G181: 6.5 | H181: 7.5 | I181: 8.5 | J181: 9.5 | K181: 10.5 | L181: 11.5 | M181: 12.5 | N181: 13.5 | O181: 14.5 | P181: 15.5 | Q181: 16.5 | R181: 17.5 | S181: 18.5
A182: =A138 -> 0.05 | B182: =B138 -> 0 | D182: =$B$4*(B182^2)*($D$180^2*(2*PI())^4*A182^-5/4/PI()/$D$5^4*EXP((-1/PI())*(2*PI()/$D$5)^4*A182^-4)) -> 0 | E182: =$B$4*(B182^2)*($D$180^2*(2*PI())^4*A182^-5/4/PI()/$E$5^4*EXP((-1/PI())*(2*PI()/$E$5)^4*A182^-4)) -> 0 | F182: =$B$4*(B182^2)*($D$180^2*(2*PI())^4*A182^-5/4/PI()/$F$5^4*EXP((-1/PI())*(2*PI()/$F$5)^4*A182^-4)) -> 0 | G182: =$B$4*(B182^2)*($D$180^2*(2*PI())^4*A182^-5/4/PI()/$G$5^4*EXP((-1/PI())*(2*PI()/$G$5)^4*A182^-4)) -> 0 | H182: =$B$4*(B182^2)*($D$180^2*(2*PI())^4*A182^-5/4/PI()/$H$5^4*EXP((-1/PI())*(2*PI()/$H$5)^4*A182^-4)) -> 0 | I182: =$B$4*(B182^2)*($D$180^2*(2*PI())^4*A182^-5/4/PI()/$I$5^4*EXP((-1/PI())*(2*PI()/$I$5)^4*A182^-4)) -> 0 | J182: =$B$4*(B182^2)*($D$180^2*(2*PI())^4*A182^-5/4/PI()/$J$5^4*EXP((-1/PI())*(2*PI()/$J$5)^4*A182^-4)) -> 0 | K182: =$B$4*(B182^2)*($D$180^2*(2*PI())^4*A182^-5/4/PI()/$K$5^4*EXP((-1/PI())*(2*PI()/$K$5)^4*A182^-4)) -> 0 | L182: =$B$4*(B182^2)*($D$180^2*(2*PI())^4*A182^-5/4/PI()/$L$5^4*EXP((-1/PI())*(2*PI()/$L$5)^4*A182^-4)) -> 0 | M182: =$B$4*(B182^2)*($D$180^2*(2*PI())^4*A182^-5/4/PI()/$M$5^4*EXP((-1/PI())*(2*PI()/$M$5)^4*A182^-4)) -> 0 | N182: =$B$4*(B182^2)*($D$180^2*(2*PI())^4*A182^-5/4/PI()/$N$5^4*EXP((-1/PI())*(2*PI()/$N$5)^4*A182^-4)) -> 0 | O182: =$B$4*(B182^2)*($D$180^2*(2*PI())^4*A182^-5/4/PI()/$O$5^4*EXP((-1/PI())*(2*PI()/$O$5)^4*A182^-4)) -> 0 | P182: =$B$4*(B182^2)*($D$180^2*(2*PI())^4*A182^-5/4/PI()/$P$5^4*EXP((-1/PI())*(2*PI()/$P$5)^4*A182^-4)) -> 0 | Q182: =$B$4*(B182^2)*($D$180^2*(2*PI())^4*A182^-5/4/PI()/$Q$5^4*EXP((-1/PI())*(2*PI()/$Q$5)^4*A182^-4)) -> 0 | R182: =$B$4*(B182^2)*($D$180^2*(2*PI())^4*A182^-5/4/PI()/$R$5^4*EXP((-1/PI())*(2*PI()/$R$5)^4*A182^-4)) -> 0 | S182: =$B$4*(B182^2)*($D$180^2*(2*PI())^4*A182^-5/4/PI()/$S$5^4*EXP((-1/PI())*(2*PI()/$S$5)^4*A182^-4)) -> 0
A183: =A139 -> 0.07875 | B183: =B139 -> 2667.7977 | D183: =$B$4*(B183^2)*($D$180^2*(2*PI())^4*A183^-5/4/PI()/$D$5^4*EXP((-1/PI())*(2*PI()/$D$5)^4*A183^-4)) -> 0 | E183: =$B$4*(B183^2)*($D$180^2*(2*PI())^4*A183^-5/4/PI()/$E$5^4*EXP((-1/PI())*(2*PI()/$E$5)^4*A183^-4)) -> 0 | F183: =$B$4*(B183^2)*($D$180^2*(2*PI())^4*A183^-5/4/PI()/$F$5^4*EXP((-1/PI())*(2*PI()/$F$5)^4*A183^-4)) -> 0 | G183: =$B$4*(B183^2)*($D$180^2*(2*PI())^4*A183^-5/4/PI()/$G$5^4*EXP((-1/PI())*(2*PI()/$G$5)^4*A183^-4)) -> 0 | H183: =$B$4*(B183^2)*($D$180^2*(2*PI())^4*A183^-5/4/PI()/$H$5^4*EXP((-1/PI())*(2*PI()/$H$5)^4*A183^-4)) -> 0 | I183: =$B$4*(B183^2)*($D$180^2*(2*PI())^4*A183^-5/4/PI()/$I$5^4*EXP((-1/PI())*(2*PI()/$I$5)^4*A183^-4)) -> 0 | J183: =$B$4*(B183^2)*($D$180^2*(2*PI())^4*A183^-5/4/PI()/$J$5^4*EXP((-1/PI())*(2*PI()/$J$5)^4*A183^-4)) -> 0 | K183: =$B$4*(B183^2)*($D$180^2*(2*PI())^4*A183^-5/4/PI()/$K$5^4*EXP((-1/PI())*(2*PI()/$K$5)^4*A183^-4)) -> 0 | L183: =$B$4*(B183^2)*($D$180^2*(2*PI())^4*A183^-5/4/PI()/$L$5^4*EXP((-1/PI())*(2*PI()/$L$5)^4*A183^-4)) -> 0 | M183: =$B$4*(B183^2)*($D$180^2*(2*PI())^4*A183^-5/4/PI()/$M$5^4*EXP((-1/PI())*(2*PI()/$M$5)^4*A183^-4)) -> 2.3963151e-220 | N183: =$B$4*(B183^2)*($D$180^2*(2*PI())^4*A183^-5/4/PI()/$N$5^4*EXP((-1/PI())*(2*PI()/$N$5)^4*A183^-4)) -> 1.1131298e-159 | O183: =$B$4*(B183^2)*($D$180^2*(2*PI())^4*A183^-5/4/PI()/$O$5^4*EXP((-1/PI())*(2*PI()/$O$5)^4*A183^-4)) -> 7.1464394e-118 | P183: =$B$4*(B183^2)*($D$180^2*(2*PI())^4*A183^-5/4/PI()/$P$5^4*EXP((-1/PI())*(2*PI()/$P$5)^4*A183^-4)) -> 2.5807399e-88 | Q183: =$B$4*(B183^2)*($D$180^2*(2*PI())^4*A183^-5/4/PI()/$Q$5^4*EXP((-1/PI())*(2*PI()/$Q$5)^4*A183^-4)) -> 5.9996205e-67 | R183: =$B$4*(B183^2)*($D$180^2*(2*PI())^4*A183^-5/4/PI()/$R$5^4*EXP((-1/PI())*(2*PI()/$R$5)^4*A183^-4)) -> 3.3613754e-51 | S183: =$B$4*(B183^2)*($D$180^2*(2*PI())^4*A183^-5/4/PI()/$S$5^4*EXP((-1/PI())*(2*PI()/$S$5)^4*A183^-4)) -> 2.1620347e-39
A184: =A140 -> 0.1075 | B184: =B140 -> 12005.089 | D184: =$B$4*(B184^2)*($D$180^2*(2*PI())^4*A184^-5/4/PI()/$D$5^4*EXP((-1/PI())*(2*PI()/$D$5)^4*A184^-4)) -> 0 | E184: =$B$4*(B184^2)*($D$180^2*(2*PI())^4*A184^-5/4/PI()/$E$5^4*EXP((-1/PI())*(2*PI()/$E$5)^4*A184^-4)) -> 0 | F184: =$B$4*(B184^2)*($D$180^2*(2*PI())^4*A184^-5/4/PI()/$F$5^4*EXP((-1/PI())*(2*PI()/$F$5)^4*A184^-4)) -> 0 | G184: =$B$4*(B184^2)*($D$180^2*(2*PI())^4*A184^-5/4/PI()/$G$5^4*EXP((-1/PI())*(2*PI()/$G$5)^4*A184^-4)) -> 0 | H184: =$B$4*(B184^2)*($D$180^2*(2*PI())^4*A184^-5/4/PI()/$H$5^4*EXP((-1/PI())*(2*PI()/$H$5)^4*A184^-4)) -> 0 | I184: =$B$4*(B184^2)*($D$180^2*(2*PI())^4*A184^-5/4/PI()/$I$5^4*EXP((-1/PI())*(2*PI()/$I$5)^4*A184^-4)) -> 1.2063709e-298 | J184: =$B$4*(B184^2)*($D$180^2*(2*PI())^4*A184^-5/4/PI()/$J$5^4*EXP((-1/PI())*(2*PI()/$J$5)^4*A184^-4)) -> 7.5197757e-188 | K184: =$B$4*(B184^2)*($D$180^2*(2*PI())^4*A184^-5/4/PI()/$K$5^4*EXP((-1/PI())*(2*PI()/$K$5)^4*A184^-4)) -> 1.1153457e-122 | L184: =$B$4*(B184^2)*($D$180^2*(2*PI())^4*A184^-5/4/PI()/$L$5^4*EXP((-1/PI())*(2*PI()/$L$5)^4*A184^-4)) -> 2.3739592e-82 | M184: =$B$4*(B184^2)*($D$180^2*(2*PI())^4*A184^-5/4/PI()/$M$5^4*EXP((-1/PI())*(2*PI()/$M$5)^4*A184^-4)) -> 2.4609575e-56 | N184: =$B$4*(B184^2)*($D$180^2*(2*PI())^4*A184^-5/4/PI()/$N$5^4*EXP((-1/PI())*(2*PI()/$N$5)^4*A184^-4)) -> 5.8484169e-39 | O184: =$B$4*(B184^2)*($D$180^2*(2*PI())^4*A184^-5/4/PI()/$O$5^4*EXP((-1/PI())*(2*PI()/$O$5)^4*A184^-4)) -> 5.230648e-27 | P184: =$B$4*(B184^2)*($D$180^2*(2*PI())^4*A184^-5/4/PI()/$P$5^4*EXP((-1/PI())*(2*PI()/$P$5)^4*A184^-4)) -> 1.4066863e-18 | Q184: =$B$4*(B184^2)*($D$180^2*(2*PI())^4*A184^-5/4/PI()/$Q$5^4*EXP((-1/PI())*(2*PI()/$Q$5)^4*A184^-4)) -> 1.6751043e-12 | R184: =$B$4*(B184^2)*($D$180^2*(2*PI())^4*A184^-5/4/PI()/$R$5^4*EXP((-1/PI())*(2*PI()/$R$5)^4*A184^-4)) -> 4.8590096e-08 | S184: =$B$4*(B184^2)*($D$180^2*(2*PI())^4*A184^-5/4/PI()/$S$5^4*EXP((-1/PI())*(2*PI()/$S$5)^4*A184^-4)) -> 0.0001043346
A185: =A141 -> 0.13625 | B185: =B141 -> 32013.572 | D185: =$B$4*(B185^2)*($D$180^2*(2*PI())^4*A185^-5/4/PI()/$D$5^4*EXP((-1/PI())*(2*PI()/$D$5)^4*A185^-4)) -> 0 | E185: =$B$4*(B185^2)*($D$180^2*(2*PI())^4*A185^-5/4/PI()/$E$5^4*EXP((-1/PI())*(2*PI()/$E$5)^4*A185^-4)) -> 0 | F185: =$B$4*(B185^2)*($D$180^2*(2*PI())^4*A185^-5/4/PI()/$F$5^4*EXP((-1/PI())*(2*PI()/$F$5)^4*A185^-4)) -> 0 | G185: =$B$4*(B185^2)*($D$180^2*(2*PI())^4*A185^-5/4/PI()/$G$5^4*EXP((-1/PI())*(2*PI()/$G$5)^4*A185^-4)) -> 0 | H185: =$B$4*(B185^2)*($D$180^2*(2*PI())^4*A185^-5/4/PI()/$H$5^4*EXP((-1/PI())*(2*PI()/$H$5)^4*A185^-4)) -> 1.2831864e-186 | I185: =$B$4*(B185^2)*($D$180^2*(2*PI())^4*A185^-5/4/PI()/$I$5^4*EXP((-1/PI())*(2*PI()/$I$5)^4*A185^-4)) -> 5.1792033e-109 | J185: =$B$4*(B185^2)*($D$180^2*(2*PI())^4*A185^-5/4/PI()/$J$5^4*EXP((-1/PI())*(2*PI()/$J$5)^4*A185^-4)) -> 3.3920878e-66 | K185: =$B$4*(B185^2)*($D$180^2*(2*PI())^4*A185^-5/4/PI()/$K$5^4*EXP((-1/PI())*(2*PI()/$K$5)^4*A185^-4)) -> 4.7726217e-41 | L185: =$B$4*(B185^2)*($D$180^2*(2*PI())^4*A185^-5/4/PI()/$L$5^4*EXP((-1/PI())*(2*PI()/$L$5)^4*A185^-4)) -> 1.6205694e-25 | M185: =$B$4*(B185^2)*($D$180^2*(2*PI())^4*A185^-5/4/PI()/$M$5^4*EXP((-1/PI())*(2*PI()/$M$5)^4*A185^-4)) -> 1.5936051e-15 | N185: =$B$4*(B185^2)*($D$180^2*(2*PI())^4*A185^-5/4/PI()/$N$5^4*EXP((-1/PI())*(2*PI()/$N$5)^4*A185^-4)) -> 7.1436251e-09 | O185: =$B$4*(B185^2)*($D$180^2*(2*PI())^4*A185^-5/4/PI()/$O$5^4*EXP((-1/PI())*(2*PI()/$O$5)^4*A185^-4)) -> 0.00025660861 | P185: =$B$4*(B185^2)*($D$180^2*(2*PI())^4*A185^-5/4/PI()/$P$5^4*EXP((-1/PI())*(2*PI()/$P$5)^4*A185^-4)) -> 0.40264209 | Q185: =$B$4*(B185^2)*($D$180^2*(2*PI())^4*A185^-5/4/PI()/$Q$5^4*EXP((-1/PI())*(2*PI()/$Q$5)^4*A185^-4)) -> 78.140254 | R185: =$B$4*(B185^2)*($D$180^2*(2*PI())^4*A185^-5/4/PI()/$R$5^4*EXP((-1/PI())*(2*PI()/$R$5)^4*A185^-4)) -> 3627.053 | S185: =$B$4*(B185^2)*($D$180^2*(2*PI())^4*A185^-5/4/PI()/$S$5^4*EXP((-1/PI())*(2*PI()/$S$5)^4*A185^-4)) -> 61884.145
A186: =A142 -> 0.165 | B186: =B142 -> 70029.689 | D186: =$B$4*(B186^2)*($D$180^2*(2*PI())^4*A186^-5/4/PI()/$D$5^4*EXP((-1/PI())*(2*PI()/$D$5)^4*A186^-4)) -> 0 | E186: =$B$4*(B186^2)*($D$180^2*(2*PI())^4*A186^-5/4/PI()/$E$5^4*EXP((-1/PI())*(2*PI()/$E$5)^4*A186^-4)) -> 0 | F186: =$B$4*(B186^2)*($D$180^2*(2*PI())^4*A186^-5/4/PI()/$F$5^4*EXP((-1/PI())*(2*PI()/$F$5)^4*A186^-4)) -> 0 | G186: =$B$4*(B186^2)*($D$180^2*(2*PI())^4*A186^-5/4/PI()/$G$5^4*EXP((-1/PI())*(2*PI()/$G$5)^4*A186^-4)) -> 2.3372669e-151 | H186: =$B$4*(B186^2)*($D$180^2*(2*PI())^4*A186^-5/4/PI()/$H$5^4*EXP((-1/PI())*(2*PI()/$H$5)^4*A186^-4)) -> 1.2348277e-80 | I186: =$B$4*(B186^2)*($D$180^2*(2*PI())^4*A186^-5/4/PI()/$I$5^4*EXP((-1/PI())*(2*PI()/$I$5)^4*A186^-4)) -> 1.1441998e-44 | J186: =$B$4*(B186^2)*($D$180^2*(2*PI())^4*A186^-5/4/PI()/$J$5^4*EXP((-1/PI())*(2*PI()/$J$5)^4*A186^-4)) -> 7.2895238e-25 | K186: =$B$4*(B186^2)*($D$180^2*(2*PI())^4*A186^-5/4/PI()/$K$5^4*EXP((-1/PI())*(2*PI()/$K$5)^4*A186^-4)) -> 2.9005485e-13 | L186: =$B$4*(B186^2)*($D$180^2*(2*PI())^4*A186^-5/4/PI()/$L$5^4*EXP((-1/PI())*(2*PI()/$L$5)^4*A186^-4)) -> 3.9727229e-06 | M186: =$B$4*(B186^2)*($D$180^2*(2*PI())^4*A186^-5/4/PI()/$M$5^4*EXP((-1/PI())*(2*PI()/$M$5)^4*A186^-4)) -> 0.14714398 | N186: =$B$4*(B186^2)*($D$180^2*(2*PI())^4*A186^-5/4/PI()/$N$5^4*EXP((-1/PI())*(2*PI()/$N$5)^4*A186^-4)) -> 154.47945 | O186: =$B$4*(B186^2)*($D$180^2*(2*PI())^4*A186^-5/4/PI()/$O$5^4*EXP((-1/PI())*(2*PI()/$O$5)^4*A186^-4)) -> 17397.328 | P186: =$B$4*(B186^2)*($D$180^2*(2*PI())^4*A186^-5/4/PI()/$P$5^4*EXP((-1/PI())*(2*PI()/$P$5)^4*A186^-4)) -> 461663.12 | Q186: =$B$4*(B186^2)*($D$180^2*(2*PI())^4*A186^-5/4/PI()/$Q$5^4*EXP((-1/PI())*(2*PI()/$Q$5)^4*A186^-4)) -> 4677450.8 | R186: =$B$4*(B186^2)*($D$180^2*(2*PI())^4*A186^-5/4/PI()/$R$5^4*EXP((-1/PI())*(2*PI()/$R$5)^4*A186^-4)) -> 24561132 | S186: =$B$4*(B186^2)*($D$180^2*(2*PI())^4*A186^-5/4/PI()/$S$5^4*EXP((-1/PI())*(2*PI()/$S$5)^4*A186^-4)) -> 81551778
A187: =A143 -> 0.19375 | B187: =B143 -> 129388.19 | D187: =$B$4*(B187^2)*($D$180^2*(2*PI())^4*A187^-5/4/PI()/$D$5^4*EXP((-1/PI())*(2*PI()/$D$5)^4*A187^-4)) -> 0 | E187: =$B$4*(B187^2)*($D$180^2*(2*PI())^4*A187^-5/4/PI()/$E$5^4*EXP((-1/PI())*(2*PI()/$E$5)^4*A187^-4)) -> 0 | F187: =$B$4*(B187^2)*($D$180^2*(2*PI())^4*A187^-5/4/PI()/$F$5^4*EXP((-1/PI())*(2*PI()/$F$5)^4*A187^-4)) -> 3.9824127e-155 | G187: =$B$4*(B187^2)*($D$180^2*(2*PI())^4*A187^-5/4/PI()/$G$5^4*EXP((-1/PI())*(2*PI()/$G$5)^4*A187^-4)) -> 5.536847e-74 | H187: =$B$4*(B187^2)*($D$180^2*(2*PI())^4*A187^-5/4/PI()/$H$5^4*EXP((-1/PI())*(2*PI()/$H$5)^4*A187^-4)) -> 6.6715905e-37 | I187: =$B$4*(B187^2)*($D$180^2*(2*PI())^4*A187^-5/4/PI()/$I$5^4*EXP((-1/PI())*(2*PI()/$I$5)^4*A187^-4)) -> 4.3552943e-18 | J187: =$B$4*(B187^2)*($D$180^2*(2*PI())^4*A187^-5/4/PI()/$J$5^4*EXP((-1/PI())*(2*PI()/$J$5)^4*A187^-4)) -> 9.2051831e-08 | K187: =$B$4*(B187^2)*($D$180^2*(2*PI())^4*A187^-5/4/PI()/$K$5^4*EXP((-1/PI())*(2*PI()/$K$5)^4*A187^-4)) -> 0.09613168 | L187: =$B$4*(B187^2)*($D$180^2*(2*PI())^4*A187^-5/4/PI()/$L$5^4*EXP((-1/PI())*(2*PI()/$L$5)^4*A187^-4)) -> 458.84467 | M187: =$B$4*(B187^2)*($D$180^2*(2*PI())^4*A187^-5/4/PI()/$M$5^4*EXP((-1/PI())*(2*PI()/$M$5)^4*A187^-4)) -> 99088.571 | N187: =$B$4*(B187^2)*($D$180^2*(2*PI())^4*A187^-5/4/PI()/$N$5^4*EXP((-1/PI())*(2*PI()/$N$5)^4*A187^-4)) -> 3324308.5 | O187: =$B$4*(B187^2)*($D$180^2*(2*PI())^4*A187^-5/4/PI()/$O$5^4*EXP((-1/PI())*(2*PI()/$O$5)^4*A187^-4)) -> 34830839 | P187: =$B$4*(B187^2)*($D$180^2*(2*PI())^4*A187^-5/4/PI()/$P$5^4*EXP((-1/PI())*(2*PI()/$P$5)^4*A187^-4)) -> 1.7217046e+08 | Q187: =$B$4*(B187^2)*($D$180^2*(2*PI())^4*A187^-5/4/PI()/$Q$5^4*EXP((-1/PI())*(2*PI()/$Q$5)^4*A187^-4)) -> 5.1694591e+08 | R187: =$B$4*(B187^2)*($D$180^2*(2*PI())^4*A187^-5/4/PI()/$R$5^4*EXP((-1/PI())*(2*PI()/$R$5)^4*A187^-4)) -> 1.1061743e+09 | S187: =$B$4*(B187^2)*($D$180^2*(2*PI())^4*A187^-5/4/PI()/$S$5^4*EXP((-1/PI())*(2*PI()/$S$5)^4*A187^-4)) -> 1.8715304e+09
A188: =A144 -> 0.2225 | B188: =B144 -> 216758.56 | D188: =$B$4*(B188^2)*($D$180^2*(2*PI())^4*A188^-5/4/PI()/$D$5^4*EXP((-1/PI())*(2*PI()/$D$5)^4*A188^-4)) -> 0 | E188: =$B$4*(B188^2)*($D$180^2*(2*PI())^4*A188^-5/4/PI()/$E$5^4*EXP((-1/PI())*(2*PI()/$E$5)^4*A188^-4)) -> 6.3278668e-202 | F188: =$B$4*(B188^2)*($D$180^2*(2*PI())^4*A188^-5/4/PI()/$F$5^4*EXP((-1/PI())*(2*PI()/$F$5)^4*A188^-4)) -> 5.8004726e-84 | G188: =$B$4*(B188^2)*($D$180^2*(2*PI())^4*A188^-5/4/PI()/$G$5^4*EXP((-1/PI())*(2*PI()/$G$5)^4*A188^-4)) -> 1.9730968e-37 | H188: =$B$4*(B188^2)*($D$180^2*(2*PI())^4*A188^-5/4/PI()/$H$5^4*EXP((-1/PI())*(2*PI()/$H$5)^4*A188^-4)) -> 3.236026e-16 | I188: =$B$4*(B188^2)*($D$180^2*(2*PI())^4*A188^-5/4/PI()/$I$5^4*EXP((-1/PI())*(2*PI()/$I$5)^4*A188^-4)) -> 1.7201901e-05 | J188: =$B$4*(B188^2)*($D$180^2*(2*PI())^4*A188^-5/4/PI()/$J$5^4*EXP((-1/PI())*(2*PI()/$J$5)^4*A188^-4)) -> 12.30407 | K188: =$B$4*(B188^2)*($D$180^2*(2*PI())^4*A188^-5/4/PI()/$K$5^4*EXP((-1/PI())*(2*PI()/$K$5)^4*A188^-4)) -> 29978.785 | L188: =$B$4*(B188^2)*($D$180^2*(2*PI())^4*A188^-5/4/PI()/$L$5^4*EXP((-1/PI())*(2*PI()/$L$5)^4*A188^-4)) -> 3348513.4 | M188: =$B$4*(B188^2)*($D$180^2*(2*PI())^4*A188^-5/4/PI()/$M$5^4*EXP((-1/PI())*(2*PI()/$M$5)^4*A188^-4)) -> 63896636 | N188: =$B$4*(B188^2)*($D$180^2*(2*PI())^4*A188^-5/4/PI()/$N$5^4*EXP((-1/PI())*(2*PI()/$N$5)^4*A188^-4)) -> 4.22548e+08 | O188: =$B$4*(B188^2)*($D$180^2*(2*PI())^4*A188^-5/4/PI()/$O$5^4*EXP((-1/PI())*(2*PI()/$O$5)^4*A188^-4)) -> 1.4445645e+09 | P188: =$B$4*(B188^2)*($D$180^2*(2*PI())^4*A188^-5/4/PI()/$P$5^4*EXP((-1/PI())*(2*PI()/$P$5)^4*A188^-4)) -> 3.2323847e+09 | Q188: =$B$4*(B188^2)*($D$180^2*(2*PI())^4*A188^-5/4/PI()/$Q$5^4*EXP((-1/PI())*(2*PI()/$Q$5)^4*A188^-4)) -> 5.4689329e+09 | R188: =$B$4*(B188^2)*($D$180^2*(2*PI())^4*A188^-5/4/PI()/$R$5^4*EXP((-1/PI())*(2*PI()/$R$5)^4*A188^-4)) -> 7.6633061e+09 | S188: =$B$4*(B188^2)*($D$180^2*(2*PI())^4*A188^-5/4/PI()/$S$5^4*EXP((-1/PI())*(2*PI()/$S$5)^4*A188^-4)) -> 9.4339704e+09
A189: =A145 -> 0.25125 | B189: =B145 -> 331473.86 | D189: =$B$4*(B189^2)*($D$180^2*(2*PI())^4*A189^-5/4/PI()/$D$5^4*EXP((-1/PI())*(2*PI()/$D$5)^4*A189^-4)) -> 0 | E189: =$B$4*(B189^2)*($D$180^2*(2*PI())^4*A189^-5/4/PI()/$E$5^4*EXP((-1/PI())*(2*PI()/$E$5)^4*A189^-4)) -> 2.7306141e-119 | F189: =$B$4*(B189^2)*($D$180^2*(2*PI())^4*A189^-5/4/PI()/$F$5^4*EXP((-1/PI())*(2*PI()/$F$5)^4*A189^-4)) -> 7.1165229e-47 | G189: =$B$4*(B189^2)*($D$180^2*(2*PI())^4*A189^-5/4/PI()/$G$5^4*EXP((-1/PI())*(2*PI()/$G$5)^4*A189^-4)) -> 2.2850527e-18 | H189: =$B$4*(B189^2)*($D$180^2*(2*PI())^4*A189^-5/4/PI()/$H$5^4*EXP((-1/PI())*(2*PI()/$H$5)^4*A189^-4)) -> 2.046245e-05 | I189: =$B$4*(B189^2)*($D$180^2*(2*PI())^4*A189^-5/4/PI()/$I$5^4*EXP((-1/PI())*(2*PI()/$I$5)^4*A189^-4)) -> 66.648318 | J189: =$B$4*(B189^2)*($D$180^2*(2*PI())^4*A189^-5/4/PI()/$J$5^4*EXP((-1/PI())*(2*PI()/$J$5)^4*A189^-4)) -> 223912.04 | K189: =$B$4*(B189^2)*($D$180^2*(2*PI())^4*A189^-5/4/PI()/$K$5^4*EXP((-1/PI())*(2*PI()/$K$5)^4*A189^-4)) -> 23232990 | L189: =$B$4*(B189^2)*($D$180^2*(2*PI())^4*A189^-5/4/PI()/$L$5^4*EXP((-1/PI())*(2*PI()/$L$5)^4*A189^-4)) -> 3.6717227e+08 | M189: =$B$4*(B189^2)*($D$180^2*(2*PI())^4*A189^-5/4/PI()/$M$5^4*EXP((-1/PI())*(2*PI()/$M$5)^4*A189^-4)) -> 1.9802946e+09 | N189: =$B$4*(B189^2)*($D$180^2*(2*PI())^4*A189^-5/4/PI()/$N$5^4*EXP((-1/PI())*(2*PI()/$N$5)^4*A189^-4)) -> 5.6212118e+09 | O189: =$B$4*(B189^2)*($D$180^2*(2*PI())^4*A189^-5/4/PI()/$O$5^4*EXP((-1/PI())*(2*PI()/$O$5)^4*A189^-4)) -> 1.0724596e+10 | P189: =$B$4*(B189^2)*($D$180^2*(2*PI())^4*A189^-5/4/PI()/$P$5^4*EXP((-1/PI())*(2*PI()/$P$5)^4*A189^-4)) -> 1.5882136e+10 | Q189: =$B$4*(B189^2)*($D$180^2*(2*PI())^4*A189^-5/4/PI()/$Q$5^4*EXP((-1/PI())*(2*PI()/$Q$5)^4*A189^-4)) -> 1.9932315e+10 | R189: =$B$4*(B189^2)*($D$180^2*(2*PI())^4*A189^-5/4/PI()/$R$5^4*EXP((-1/PI())*(2*PI()/$R$5)^4*A189^-4)) -> 2.2403586e+10 | S189: =$B$4*(B189^2)*($D$180^2*(2*PI())^4*A189^-5/4/PI()/$S$5^4*EXP((-1/PI())*(2*PI()/$S$5)^4*A189^-4)) -> 2.3371055e+10
A190: =A146 -> 0.28 | B190: =B146 -> 472200.19 | D190: =$B$4*(B190^2)*($D$180^2*(2*PI())^4*A190^-5/4/PI()/$D$5^4*EXP((-1/PI())*(2*PI()/$D$5)^4*A190^-4)) -> 1.611598e-220 | E190: =$B$4*(B190^2)*($D$180^2*(2*PI())^4*A190^-5/4/PI()/$E$5^4*EXP((-1/PI())*(2*PI()/$E$5)^4*A190^-4)) -> 7.5294607e-73 | F190: =$B$4*(B190^2)*($D$180^2*(2*PI())^4*A190^-5/4/PI()/$F$5^4*EXP((-1/PI())*(2*PI()/$F$5)^4*A190^-4)) -> 5.0490687e-26 | G190: =$B$4*(B190^2)*($D$180^2*(2*PI())^4*A190^-5/4/PI()/$G$5^4*EXP((-1/PI())*(2*PI()/$G$5)^4*A190^-4)) -> 1.2097281e-07 | H190: =$B$4*(B190^2)*($D$180^2*(2*PI())^4*A190^-5/4/PI()/$H$5^4*EXP((-1/PI())*(2*PI()/$H$5)^4*A190^-4)) -> 24.682973 | I190: =$B$4*(B190^2)*($D$180^2*(2*PI())^4*A190^-5/4/PI()/$I$5^4*EXP((-1/PI())*(2*PI()/$I$5)^4*A190^-4)) -> 345428.29 | J190: =$B$4*(B190^2)*($D$180^2*(2*PI())^4*A190^-5/4/PI()/$J$5^4*EXP((-1/PI())*(2*PI()/$J$5)^4*A190^-4)) -> 57093299 | K190: =$B$4*(B190^2)*($D$180^2*(2*PI())^4*A190^-5/4/PI()/$K$5^4*EXP((-1/PI())*(2*PI()/$K$5)^4*A190^-4)) -> 1.0057292e+09 | L190: =$B$4*(B190^2)*($D$180^2*(2*PI())^4*A190^-5/4/PI()/$L$5^4*EXP((-1/PI())*(2*PI()/$L$5)^4*A190^-4)) -> 5.2977608e+09 | M190: =$B$4*(B190^2)*($D$180^2*(2*PI())^4*A190^-5/4/PI()/$M$5^4*EXP((-1/PI())*(2*PI()/$M$5)^4*A190^-4)) -> 1.4048662e+10 | N190: =$B$4*(B190^2)*($D$180^2*(2*PI())^4*A190^-5/4/PI()/$N$5^4*EXP((-1/PI())*(2*PI()/$N$5)^4*A190^-4)) -> 2.4795529e+10 | O190: =$B$4*(B190^2)*($D$180^2*(2*PI())^4*A190^-5/4/PI()/$O$5^4*EXP((-1/PI())*(2*PI()/$O$5)^4*A190^-4)) -> 3.4088302e+10 | P190: =$B$4*(B190^2)*($D$180^2*(2*PI())^4*A190^-5/4/PI()/$P$5^4*EXP((-1/PI())*(2*PI()/$P$5)^4*A190^-4)) -> 4.0033119e+10 | Q190: =$B$4*(B190^2)*($D$180^2*(2*PI())^4*A190^-5/4/PI()/$Q$5^4*EXP((-1/PI())*(2*PI()/$Q$5)^4*A190^-4)) -> 4.2479626e+10 | R190: =$B$4*(B190^2)*($D$180^2*(2*PI())^4*A190^-5/4/PI()/$R$5^4*EXP((-1/PI())*(2*PI()/$R$5)^4*A190^-4)) -> 4.2183483e+10 | S190: =$B$4*(B190^2)*($D$180^2*(2*PI())^4*A190^-5/4/PI()/$S$5^4*EXP((-1/PI())*(2*PI()/$S$5)^4*A190^-4)) -> 4.0095648e+10
A191: =A147 -> 0.30875 | B191: =B147 -> 627599.4 | D191: =$B$4*(B191^2)*($D$180^2*(2*PI())^4*A191^-5/4/PI()/$D$5^4*EXP((-1/PI())*(2*PI()/$D$5)^4*A191^-4)) -> 6.7733111e-145 | E191: =$B$4*(B191^2)*($D$180^2*(2*PI())^4*A191^-5/4/PI()/$E$5^4*EXP((-1/PI())*(2*PI()/$E$5)^4*A191^-4)) -> 3.7439636e-45 | F191: =$B$4*(B191^2)*($D$180^2*(2*PI())^4*A191^-5/4/PI()/$F$5^4*EXP((-1/PI())*(2*PI()/$F$5)^4*A191^-4)) -> 1.3613884e-13 | G191: =$B$4*(B191^2)*($D$180^2*(2*PI())^4*A191^-5/4/PI()/$G$5^4*EXP((-1/PI())*(2*PI()/$G$5)^4*A191^-4)) -> 0.29646239 | H191: =$B$4*(B191^2)*($D$180^2*(2*PI())^4*A191^-5/4/PI()/$H$5^4*EXP((-1/PI())*(2*PI()/$H$5)^4*A191^-4)) -> 102854.14 | I191: =$B$4*(B191^2)*($D$180^2*(2*PI())^4*A191^-5/4/PI()/$I$5^4*EXP((-1/PI())*(2*PI()/$I$5)^4*A191^-4)) -> 55743390 | J191: =$B$4*(B191^2)*($D$180^2*(2*PI())^4*A191^-5/4/PI()/$J$5^4*EXP((-1/PI())*(2*PI()/$J$5)^4*A191^-4)) -> 1.5278446e+09 | K191: =$B$4*(B191^2)*($D$180^2*(2*PI())^4*A191^-5/4/PI()/$K$5^4*EXP((-1/PI())*(2*PI()/$K$5)^4*A191^-4)) -> 9.3442116e+09 | L191: =$B$4*(B191^2)*($D$180^2*(2*PI())^4*A191^-5/4/PI()/$L$5^4*EXP((-1/PI())*(2*PI()/$L$5)^4*A191^-4)) -> 2.5556512e+10 | M191: =$B$4*(B191^2)*($D$180^2*(2*PI())^4*A191^-5/4/PI()/$M$5^4*EXP((-1/PI())*(2*PI()/$M$5)^4*A191^-4)) -> 4.4372445e+10 | N191: =$B$4*(B191^2)*($D$180^2*(2*PI())^4*A191^-5/4/PI()/$N$5^4*EXP((-1/PI())*(2*PI()/$N$5)^4*A191^-4)) -> 5.8985315e+10 | O191: =$B$4*(B191^2)*($D$180^2*(2*PI())^4*A191^-5/4/PI()/$O$5^4*EXP((-1/PI())*(2*PI()/$O$5)^4*A191^-4)) -> 6.6691975e+10 | P191: =$B$4*(B191^2)*($D$180^2*(2*PI())^4*A191^-5/4/PI()/$P$5^4*EXP((-1/PI())*(2*PI()/$P$5)^4*A191^-4)) -> 6.8203301e+10 | Q191: =$B$4*(B191^2)*($D$180^2*(2*PI())^4*A191^-5/4/PI()/$Q$5^4*EXP((-1/PI())*(2*PI()/$Q$5)^4*A191^-4)) -> 6.5476367e+10 | R191: =$B$4*(B191^2)*($D$180^2*(2*PI())^4*A191^-5/4/PI()/$R$5^4*EXP((-1/PI())*(2*PI()/$R$5)^4*A191^-4)) -> 6.038824e+10 | S191: =$B$4*(B191^2)*($D$180^2*(2*PI())^4*A191^-5/4/PI()/$S$5^4*EXP((-1/PI())*(2*PI()/$S$5)^4*A191^-4)) -> 5.4300326e+10
A192: =A148 -> 0.3375 | B192: =B148 -> 782998.61 | D192: =$B$4*(B192^2)*($D$180^2*(2*PI())^4*A192^-5/4/PI()/$D$5^4*EXP((-1/PI())*(2*PI()/$D$5)^4*A192^-4)) -> 1.4773479e-97 | E192: =$B$4*(B192^2)*($D$180^2*(2*PI())^4*A192^-5/4/PI()/$E$5^4*EXP((-1/PI())*(2*PI()/$E$5)^4*A192^-4)) -> 7.8739138e-28 | F192: =$B$4*(B192^2)*($D$180^2*(2*PI())^4*A192^-5/4/PI()/$F$5^4*EXP((-1/PI())*(2*PI()/$F$5)^4*A192^-4)) -> 7.873011e-06 | G192: =$B$4*(B192^2)*($D$180^2*(2*PI())^4*A192^-5/4/PI()/$G$5^4*EXP((-1/PI())*(2*PI()/$G$5)^4*A192^-4)) -> 2821.3054 | H192: =$B$4*(B192^2)*($D$180^2*(2*PI())^4*A192^-5/4/PI()/$H$5^4*EXP((-1/PI())*(2*PI()/$H$5)^4*A192^-4)) -> 18040135 | I192: =$B$4*(B192^2)*($D$180^2*(2*PI())^4*A192^-5/4/PI()/$I$5^4*EXP((-1/PI())*(2*PI()/$I$5)^4*A192^-4)) -> 1.2761671e+09 | J192: =$B$4*(B192^2)*($D$180^2*(2*PI())^4*A192^-5/4/PI()/$J$5^4*EXP((-1/PI())*(2*PI()/$J$5)^4*A192^-4)) -> 1.1352179e+10 | K192: =$B$4*(B192^2)*($D$180^2*(2*PI())^4*A192^-5/4/PI()/$K$5^4*EXP((-1/PI())*(2*PI()/$K$5)^4*A192^-4)) -> 3.5793837e+10 | L192: =$B$4*(B192^2)*($D$180^2*(2*PI())^4*A192^-5/4/PI()/$L$5^4*EXP((-1/PI())*(2*PI()/$L$5)^4*A192^-4)) -> 6.4937327e+10 | M192: =$B$4*(B192^2)*($D$180^2*(2*PI())^4*A192^-5/4/PI()/$M$5^4*EXP((-1/PI())*(2*PI()/$M$5)^4*A192^-4)) -> 8.6479572e+10 | N192: =$B$4*(B192^2)*($D$180^2*(2*PI())^4*A192^-5/4/PI()/$N$5^4*EXP((-1/PI())*(2*PI()/$N$5)^4*A192^-4)) -> 9.6259541e+10 | O192: =$B$4*(B192^2)*($D$180^2*(2*PI())^4*A192^-5/4/PI()/$O$5^4*EXP((-1/PI())*(2*PI()/$O$5)^4*A192^-4)) -> 9.6294312e+10 | P192: =$B$4*(B192^2)*($D$180^2*(2*PI())^4*A192^-5/4/PI()/$P$5^4*EXP((-1/PI())*(2*PI()/$P$5)^4*A192^-4)) -> 9.0303378e+10 | Q192: =$B$4*(B192^2)*($D$180^2*(2*PI())^4*A192^-5/4/PI()/$Q$5^4*EXP((-1/PI())*(2*PI()/$Q$5)^4*A192^-4)) -> 8.1423754e+10 | R192: =$B$4*(B192^2)*($D$180^2*(2*PI())^4*A192^-5/4/PI()/$R$5^4*EXP((-1/PI())*(2*PI()/$R$5)^4*A192^-4)) -> 7.1699981e+10 | S192: =$B$4*(B192^2)*($D$180^2*(2*PI())^4*A192^-5/4/PI()/$S$5^4*EXP((-1/PI())*(2*PI()/$S$5)^4*A192^-4)) -> 6.2269121e+10
A193: =A149 -> 0.36625 | B193: =B149 -> 915054.6 | D193: =$B$4*(B193^2)*($D$180^2*(2*PI())^4*A193^-5/4/PI()/$D$5^4*EXP((-1/PI())*(2*PI()/$D$5)^4*A193^-4)) -> 9.8203936e-67 | E193: =$B$4*(B193^2)*($D$180^2*(2*PI())^4*A193^-5/4/PI()/$E$5^4*EXP((-1/PI())*(2*PI()/$E$5)^4*A193^-4)) -> 1.4093673e-16 | F193: =$B$4*(B193^2)*($D$180^2*(2*PI())^4*A193^-5/4/PI()/$F$5^4*EXP((-1/PI())*(2*PI()/$F$5)^4*A193^-4)) -> 0.82330037 | G193: =$B$4*(B193^2)*($D$180^2*(2*PI())^4*A193^-5/4/PI()/$G$5^4*EXP((-1/PI())*(2*PI()/$G$5)^4*A193^-4)) -> 1006868.7 | H193: =$B$4*(B193^2)*($D$180^2*(2*PI())^4*A193^-5/4/PI()/$H$5^4*EXP((-1/PI())*(2*PI()/$H$5)^4*A193^-4)) -> 4.7634546e+08 | I193: =$B$4*(B193^2)*($D$180^2*(2*PI())^4*A193^-5/4/PI()/$I$5^4*EXP((-1/PI())*(2*PI()/$I$5)^4*A193^-4)) -> 8.9338484e+09 | J193: =$B$4*(B193^2)*($D$180^2*(2*PI())^4*A193^-5/4/PI()/$J$5^4*EXP((-1/PI())*(2*PI()/$J$5)^4*A193^-4)) -> 3.8157233e+10 | K193: =$B$4*(B193^2)*($D$180^2*(2*PI())^4*A193^-5/4/PI()/$K$5^4*EXP((-1/PI())*(2*PI()/$K$5)^4*A193^-4)) -> 7.8110216e+10 | L193: =$B$4*(B193^2)*($D$180^2*(2*PI())^4*A193^-5/4/PI()/$L$5^4*EXP((-1/PI())*(2*PI()/$L$5)^4*A193^-4)) -> 1.0843341e+11 | M193: =$B$4*(B193^2)*($D$180^2*(2*PI())^4*A193^-5/4/PI()/$M$5^4*EXP((-1/PI())*(2*PI()/$M$5)^4*A193^-4)) -> 1.2147267e+11 | N193: =$B$4*(B193^2)*($D$180^2*(2*PI())^4*A193^-5/4/PI()/$N$5^4*EXP((-1/PI())*(2*PI()/$N$5)^4*A193^-4)) -> 1.2043168e+11 | O193: =$B$4*(B193^2)*($D$180^2*(2*PI())^4*A193^-5/4/PI()/$O$5^4*EXP((-1/PI())*(2*PI()/$O$5)^4*A193^-4)) -> 1.1123201e+11 | P193: =$B$4*(B193^2)*($D$180^2*(2*PI())^4*A193^-5/4/PI()/$P$5^4*EXP((-1/PI())*(2*PI()/$P$5)^4*A193^-4)) -> 9.8582548e+10 | Q193: =$B$4*(B193^2)*($D$180^2*(2*PI())^4*A193^-5/4/PI()/$Q$5^4*EXP((-1/PI())*(2*PI()/$Q$5)^4*A193^-4)) -> 8.5328148e+10 | R193: =$B$4*(B193^2)*($D$180^2*(2*PI())^4*A193^-5/4/PI()/$R$5^4*EXP((-1/PI())*(2*PI()/$R$5)^4*A193^-4)) -> 7.2904688e+10 | S193: =$B$4*(B193^2)*($D$180^2*(2*PI())^4*A193^-5/4/PI()/$S$5^4*EXP((-1/PI())*(2*PI()/$S$5)^4*A193^-4)) -> 6.1896569e+10
... A222: =A178 -> 1.2 | B222: =B178 -> 56023.751 | D222: =$B$4*(B222^2)*($D$180^2*(2*PI())^4*A222^-5/4/PI()/$D$5^4*EXP((-1/PI())*(2*PI()/$D$5)^4*A222^-4)) -> 1.2323638e+08 | E222: =$B$4*(B222^2)*($D$180^2*(2*PI())^4*A222^-5/4/PI()/$E$5^4*EXP((-1/PI())*(2*PI()/$E$5)^4*A222^-4)) -> 1.2393009e+08 | F222: =$B$4*(B222^2)*($D$180^2*(2*PI())^4*A222^-5/4/PI()/$F$5^4*EXP((-1/PI())*(2*PI()/$F$5)^4*A222^-4)) -> 76632361 | G222: =$B$4*(B222^2)*($D$180^2*(2*PI())^4*A222^-5/4/PI()/$G$5^4*EXP((-1/PI())*(2*PI()/$G$5)^4*A222^-4)) -> 44622115 | H222: =$B$4*(B222^2)*($D$180^2*(2*PI())^4*A222^-5/4/PI()/$H$5^4*EXP((-1/PI())*(2*PI()/$H$5)^4*A222^-4)) -> 26688676 | I222: =$B$4*(B222^2)*($D$180^2*(2*PI())^4*A222^-5/4/PI()/$I$5^4*EXP((-1/PI())*(2*PI()/$I$5)^4*A222^-4)) -> 16665960 | J222: =$B$4*(B222^2)*($D$180^2*(2*PI())^4*A222^-5/4/PI()/$J$5^4*EXP((-1/PI())*(2*PI()/$J$5)^4*A222^-4)) -> 10858244 | K222: =$B$4*(B222^2)*($D$180^2*(2*PI())^4*A222^-5/4/PI()/$K$5^4*EXP((-1/PI())*(2*PI()/$K$5)^4*A222^-4)) -> 7346919.5 | L222: =$B$4*(B222^2)*($D$180^2*(2*PI())^4*A222^-5/4/PI()/$L$5^4*EXP((-1/PI())*(2*PI()/$L$5)^4*A222^-4)) -> 5136633.3 | M222: =$B$4*(B222^2)*($D$180^2*(2*PI())^4*A222^-5/4/PI()/$M$5^4*EXP((-1/PI())*(2*PI()/$M$5)^4*A222^-4)) -> 3694151.4 | N222: =$B$4*(B222^2)*($D$180^2*(2*PI())^4*A222^-5/4/PI()/$N$5^4*EXP((-1/PI())*(2*PI()/$N$5)^4*A222^-4)) -> 2722371.3 | O222: =$B$4*(B222^2)*($D$180^2*(2*PI())^4*A222^-5/4/PI()/$O$5^4*EXP((-1/PI())*(2*PI()/$O$5)^4*A222^-4)) -> 2049217.8 | P222: =$B$4*(B222^2)*($D$180^2*(2*PI())^4*A222^-5/4/PI()/$P$5^4*EXP((-1/PI())*(2*PI()/$P$5)^4*A222^-4)) -> 1571389 | Q222: =$B$4*(B222^2)*($D$180^2*(2*PI())^4*A222^-5/4/PI()/$Q$5^4*EXP((-1/PI())*(2*PI()/$Q$5)^4*A222^-4)) -> 1224822.1 | R222: =$B$4*(B222^2)*($D$180^2*(2*PI())^4*A222^-5/4/PI()/$R$5^4*EXP((-1/PI())*(2*PI()/$R$5)^4*A222^-4)) -> 968613.65 | S222: =$B$4*(B222^2)*($D$180^2*(2*PI())^4*A222^-5/4/PI()/$S$5^4*EXP((-1/PI())*(2*PI()/$S$5)^4*A222^-4)) -> 775955.24
C223: sum | D223: =SUM(D182:D222) -> 1.7778082e+09 | E223: =SUM(E182:E222) -> 1.0429744e+10 | F223: =SUM(F182:F222) -> 3.220042e+10 | G223: =SUM(G182:G222) -> 7.6236213e+10 | H223: =SUM(H182:H222) -> 1.8009757e+11 | I223: =SUM(I182:I222) -> 3.4440918e+11 | J223: =SUM(J182:J222) -> 5.1553857e+11 | K223: =SUM(K182:K222) -> 6.4368519e+11 | ... R223: =SUM(R182:R222) -> 4.6273912e+11 | S223: =SUM(D223:R223) -> 6.1595849e+12 | T223: =SUM(D223:S223) -> 1.231917e+13
A224: w0 | B224: =A227-A226 -> 0.02875 | C224: Hs | D224: 5.5
A225: w | B225: RAO(0) | C225: Tz | D225: 3.5 | E225: 4.5 | F225: 5.5 | G225: 6.5 | H225: 7.5 | I225: 8.5 | J225: 9.5 | K225: 10.5 | L225: 11.5 | M225: 12.5 | N225: 13.5 | O225: 14.5 | P225: 15.5 | Q225: 16.5 | R225: 17.5 | S225: 18.5
A226: =A182 -> 0.05 | B226: =B182 -> 0 | D226: =$B$4*(B226^2)*($D$224^2*(2*PI())^4*A226^-5/4/PI()/$D$5^4*EXP((-1/PI())*(2*PI()/$D$5)^4*A226^-4)) -> 0 | E226: =$B$4*(B226^2)*($D$224^2*(2*PI())^4*A226^-5/4/PI()/$E$5^4*EXP((-1/PI())*(2*PI()/$E$5)^4*A226^-4)) -> 0 | F226: =$B$4*(B226^2)*($D$224^2*(2*PI())^4*A226^-5/4/PI()/$F$5^4*EXP((-1/PI())*(2*PI()/$F$5)^4*A226^-4)) -> 0 | G226: =$B$4*(B226^2)*($D$224^2*(2*PI())^4*A226^-5/4/PI()/$G$5^4*EXP((-1/PI())*(2*PI()/$G$5)^4*A226^-4)) -> 0 | H226: =$B$4*(B226^2)*($D$224^2*(2*PI())^4*A226^-5/4/PI()/$H$5^4*EXP((-1/PI())*(2*PI()/$H$5)^4*A226^-4)) -> 0 | I226: =$B$4*(B226^2)*($D$224^2*(2*PI())^4*A226^-5/4/PI()/$I$5^4*EXP((-1/PI())*(2*PI()/$I$5)^4*A226^-4)) -> 0 | J226: =$B$4*(B226^2)*($D$224^2*(2*PI())^4*A226^-5/4/PI()/$J$5^4*EXP((-1/PI())*(2*PI()/$J$5)^4*A226^-4)) -> 0 | K226: =$B$4*(B226^2)*($D$224^2*(2*PI())^4*A226^-5/4/PI()/$K$5^4*EXP((-1/PI())*(2*PI()/$K$5)^4*A226^-4)) -> 0 | L226: =$B$4*(B226^2)*($D$224^2*(2*PI())^4*A226^-5/4/PI()/$L$5^4*EXP((-1/PI())*(2*PI()/$L$5)^4*A226^-4)) -> 0 | M226: =$B$4*(B226^2)*($D$224^2*(2*PI())^4*A226^-5/4/PI()/$M$5^4*EXP((-1/PI())*(2*PI()/$M$5)^4*A226^-4)) -> 0 | N226: =$B$4*(B226^2)*($D$224^2*(2*PI())^4*A226^-5/4/PI()/$N$5^4*EXP((-1/PI())*(2*PI()/$N$5)^4*A226^-4)) -> 0 | O226: =$B$4*(B226^2)*($D$224^2*(2*PI())^4*A226^-5/4/PI()/$O$5^4*EXP((-1/PI())*(2*PI()/$O$5)^4*A226^-4)) -> 0 | P226: =$B$4*(B226^2)*($D$224^2*(2*PI())^4*A226^-5/4/PI()/$P$5^4*EXP((-1/PI())*(2*PI()/$P$5)^4*A226^-4)) -> 0 | Q226: =$B$4*(B226^2)*($D$224^2*(2*PI())^4*A226^-5/4/PI()/$Q$5^4*EXP((-1/PI())*(2*PI()/$Q$5)^4*A226^-4)) -> 0 | R226: =$B$4*(B226^2)*($D$224^2*(2*PI())^4*A226^-5/4/PI()/$R$5^4*EXP((-1/PI())*(2*PI()/$R$5)^4*A226^-4)) -> 0 | S226: =$B$4*(B226^2)*($D$224^2*(2*PI())^4*A226^-5/4/PI()/$S$5^4*EXP((-1/PI())*(2*PI()/$S$5)^4*A226^-4)) -> 0
A227: =A183 -> 0.07875 | B227: =B183 -> 2667.7977 | D227: =$B$4*(B227^2)*($D$224^2*(2*PI())^4*A227^-5/4/PI()/$D$5^4*EXP((-1/PI())*(2*PI()/$D$5)^4*A227^-4)) -> 0 | E227: =$B$4*(B227^2)*($D$224^2*(2*PI())^4*A227^-5/4/PI()/$E$5^4*EXP((-1/PI())*(2*PI()/$E$5)^4*A227^-4)) -> 0 | F227: =$B$4*(B227^2)*($D$224^2*(2*PI())^4*A227^-5/4/PI()/$F$5^4*EXP((-1/PI())*(2*PI()/$F$5)^4*A227^-4)) -> 0 | G227: =$B$4*(B227^2)*($D$224^2*(2*PI())^4*A227^-5/4/PI()/$G$5^4*EXP((-1/PI())*(2*PI()/$G$5)^4*A227^-4)) -> 0 | H227: =$B$4*(B227^2)*($D$224^2*(2*PI())^4*A227^-5/4/PI()/$H$5^4*EXP((-1/PI())*(2*PI()/$H$5)^4*A227^-4)) -> 0 | I227: =$B$4*(B227^2)*($D$224^2*(2*PI())^4*A227^-5/4/PI()/$I$5^4*EXP((-1/PI())*(2*PI()/$I$5)^4*A227^-4)) -> 0 | J227: =$B$4*(B227^2)*($D$224^2*(2*PI())^4*A227^-5/4/PI()/$J$5^4*EXP((-1/PI())*(2*PI()/$J$5)^4*A227^-4)) -> 0 | K227: =$B$4*(B227^2)*($D$224^2*(2*PI())^4*A227^-5/4/PI()/$K$5^4*EXP((-1/PI())*(2*PI()/$K$5)^4*A227^-4)) -> 0 | L227: =$B$4*(B227^2)*($D$224^2*(2*PI())^4*A227^-5/4/PI()/$L$5^4*EXP((-1/PI())*(2*PI()/$L$5)^4*A227^-4)) -> 0 | M227: =$B$4*(B227^2)*($D$224^2*(2*PI())^4*A227^-5/4/PI()/$M$5^4*EXP((-1/PI())*(2*PI()/$M$5)^4*A227^-4)) -> 3.5796805e-220 | N227: =$B$4*(B227^2)*($D$224^2*(2*PI())^4*A227^-5/4/PI()/$N$5^4*EXP((-1/PI())*(2*PI()/$N$5)^4*A227^-4)) -> 1.6628235e-159 | O227: =$B$4*(B227^2)*($D$224^2*(2*PI())^4*A227^-5/4/PI()/$O$5^4*EXP((-1/PI())*(2*PI()/$O$5)^4*A227^-4)) -> 1.0675545e-117 | P227: =$B$4*(B227^2)*($D$224^2*(2*PI())^4*A227^-5/4/PI()/$P$5^4*EXP((-1/PI())*(2*PI()/$P$5)^4*A227^-4)) -> 3.8551793e-88 | Q227: =$B$4*(B227^2)*($D$224^2*(2*PI())^4*A227^-5/4/PI()/$Q$5^4*EXP((-1/PI())*(2*PI()/$Q$5)^4*A227^-4)) -> 8.9623961e-67 | R227: =$B$4*(B227^2)*($D$224^2*(2*PI())^4*A227^-5/4/PI()/$R$5^4*EXP((-1/PI())*(2*PI()/$R$5)^4*A227^-4)) -> 5.0213139e-51 | S227: =$B$4*(B227^2)*($D$224^2*(2*PI())^4*A227^-5/4/PI()/$S$5^4*EXP((-1/PI())*(2*PI()/$S$5)^4*A227^-4)) -> 3.2297061e-39
A228: =A184 -> 0.1075 | B228: =B184 -> 12005.089 | D228: =$B$4*(B228^2)*($D$224^2*(2*PI())^4*A228^-5/4/PI()/$D$5^4*EXP((-1/PI())*(2*PI()/$D$5)^4*A228^-4)) -> 0 | E228: =$B$4*(B228^2)*($D$224^2*(2*PI())^4*A228^-5/4/PI()/$E$5^4*EXP((-1/PI())*(2*PI()/$E$5)^4*A228^-4)) -> 0 | F228: =$B$4*(B228^2)*($D$224^2*(2*PI())^4*A228^-5/4/PI()/$F$5^4*EXP((-1/PI())*(2*PI()/$F$5)^4*A228^-4)) -> 0 | G228: =$B$4*(B228^2)*($D$224^2*(2*PI())^4*A228^-5/4/PI()/$G$5^4*EXP((-1/PI())*(2*PI()/$G$5)^4*A228^-4)) -> 0 | H228: =$B$4*(B228^2)*($D$224^2*(2*PI())^4*A228^-5/4/PI()/$H$5^4*EXP((-1/PI())*(2*PI()/$H$5)^4*A228^-4)) -> 0 | I228: =$B$4*(B228^2)*($D$224^2*(2*PI())^4*A228^-5/4/PI()/$I$5^4*EXP((-1/PI())*(2*PI()/$I$5)^4*A228^-4)) -> 1.8021097e-298 | J228: =$B$4*(B228^2)*($D$224^2*(2*PI())^4*A228^-5/4/PI()/$J$5^4*EXP((-1/PI())*(2*PI()/$J$5)^4*A228^-4)) -> 1.1233245e-187 | K228: =$B$4*(B228^2)*($D$224^2*(2*PI())^4*A228^-5/4/PI()/$K$5^4*EXP((-1/PI())*(2*PI()/$K$5)^4*A228^-4)) -> 1.6661337e-122 | L228: =$B$4*(B228^2)*($D$224^2*(2*PI())^4*A228^-5/4/PI()/$L$5^4*EXP((-1/PI())*(2*PI()/$L$5)^4*A228^-4)) -> 3.5462848e-82 | M228: =$B$4*(B228^2)*($D$224^2*(2*PI())^4*A228^-5/4/PI()/$M$5^4*EXP((-1/PI())*(2*PI()/$M$5)^4*A228^-4)) -> 3.6762452e-56 | N228: =$B$4*(B228^2)*($D$224^2*(2*PI())^4*A228^-5/4/PI()/$N$5^4*EXP((-1/PI())*(2*PI()/$N$5)^4*A228^-4)) -> 8.7365241e-39 | O228: =$B$4*(B228^2)*($D$224^2*(2*PI())^4*A228^-5/4/PI()/$O$5^4*EXP((-1/PI())*(2*PI()/$O$5)^4*A228^-4)) -> 7.813684e-27 | P228: =$B$4*(B228^2)*($D$224^2*(2*PI())^4*A228^-5/4/PI()/$P$5^4*EXP((-1/PI())*(2*PI()/$P$5)^4*A228^-4)) -> 2.1013462e-18 | Q228: =$B$4*(B228^2)*($D$224^2*(2*PI())^4*A228^-5/4/PI()/$Q$5^4*EXP((-1/PI())*(2*PI()/$Q$5)^4*A228^-4)) -> 2.5023163e-12 | R228: =$B$4*(B228^2)*($D$224^2*(2*PI())^4*A228^-5/4/PI()/$R$5^4*EXP((-1/PI())*(2*PI()/$R$5)^4*A228^-4)) -> 7.2585205e-08 | S228: =$B$4*(B228^2)*($D$224^2*(2*PI())^4*A228^-5/4/PI()/$S$5^4*EXP((-1/PI())*(2*PI()/$S$5)^4*A228^-4)) -> 0.00015585786
A229: =A185 -> 0.13625 | B229: =B185 -> 32013.572 | D229: =$B$4*(B229^2)*($D$224^2*(2*PI())^4*A229^-5/4/PI()/$D$5^4*EXP((-1/PI())*(2*PI()/$D$5)^4*A229^-4)) -> 0 | E229: =$B$4*(B229^2)*($D$224^2*(2*PI())^4*A229^-5/4/PI()/$E$5^4*EXP((-1/PI())*(2*PI()/$E$5)^4*A229^-4)) -> 0 | F229: =$B$4*(B229^2)*($D$224^2*(2*PI())^4*A229^-5/4/PI()/$F$5^4*EXP((-1/PI())*(2*PI()/$F$5)^4*A229^-4)) -> 0 | G229: =$B$4*(B229^2)*($D$224^2*(2*PI())^4*A229^-5/4/PI()/$G$5^4*EXP((-1/PI())*(2*PI()/$G$5)^4*A229^-4)) -> 0 | H229: =$B$4*(B229^2)*($D$224^2*(2*PI())^4*A229^-5/4/PI()/$H$5^4*EXP((-1/PI())*(2*PI()/$H$5)^4*A229^-4)) -> 1.9168587e-186 | I229: =$B$4*(B229^2)*($D$224^2*(2*PI())^4*A229^-5/4/PI()/$I$5^4*EXP((-1/PI())*(2*PI()/$I$5)^4*A229^-4)) -> 7.7368346e-109 | J229: =$B$4*(B229^2)*($D$224^2*(2*PI())^4*A229^-5/4/PI()/$J$5^4*EXP((-1/PI())*(2*PI()/$J$5)^4*A229^-4)) -> 5.0671929e-66 | K229: =$B$4*(B229^2)*($D$224^2*(2*PI())^4*A229^-5/4/PI()/$K$5^4*EXP((-1/PI())*(2*PI()/$K$5)^4*A229^-4)) -> 7.1294719e-41 | L229: =$B$4*(B229^2)*($D$224^2*(2*PI())^4*A229^-5/4/PI()/$L$5^4*EXP((-1/PI())*(2*PI()/$L$5)^4*A229^-4)) -> 2.4208505e-25 | M229: =$B$4*(B229^2)*($D$224^2*(2*PI())^4*A229^-5/4/PI()/$M$5^4*EXP((-1/PI())*(2*PI()/$M$5)^4*A229^-4)) -> 2.3805706e-15 | N229: =$B$4*(B229^2)*($D$224^2*(2*PI())^4*A229^-5/4/PI()/$N$5^4*EXP((-1/PI())*(2*PI()/$N$5)^4*A229^-4)) -> 1.0671341e-08 | O229: =$B$4*(B229^2)*($D$224^2*(2*PI())^4*A229^-5/4/PI()/$O$5^4*EXP((-1/PI())*(2*PI()/$O$5)^4*A229^-4)) -> 0.00038332891 | P229: =$B$4*(B229^2)*($D$224^2*(2*PI())^4*A229^-5/4/PI()/$P$5^4*EXP((-1/PI())*(2*PI()/$P$5)^4*A229^-4)) -> 0.60147769 | Q229: =$B$4*(B229^2)*($D$224^2*(2*PI())^4*A229^-5/4/PI()/$Q$5^4*EXP((-1/PI())*(2*PI()/$Q$5)^4*A229^-4)) -> 116.72803 | R229: =$B$4*(B229^2)*($D$224^2*(2*PI())^4*A229^-5/4/PI()/$R$5^4*EXP((-1/PI())*(2*PI()/$R$5)^4*A229^-4)) -> 5418.1903 | S229: =$B$4*(B229^2)*($D$224^2*(2*PI())^4*A229^-5/4/PI()/$S$5^4*EXP((-1/PI())*(2*PI()/$S$5)^4*A229^-4)) -> 92444.216
A230: =A186 -> 0.165 | B230: =B186 -> 70029.689 | D230: =$B$4*(B230^2)*($D$224^2*(2*PI())^4*A230^-5/4/PI()/$D$5^4*EXP((-1/PI())*(2*PI()/$D$5)^4*A230^-4)) -> 0 | E230: =$B$4*(B230^2)*($D$224^2*(2*PI())^4*A230^-5/4/PI()/$E$5^4*EXP((-1/PI())*(2*PI()/$E$5)^4*A230^-4)) -> 0 | F230: =$B$4*(B230^2)*($D$224^2*(2*PI())^4*A230^-5/4/PI()/$F$5^4*EXP((-1/PI())*(2*PI()/$F$5)^4*A230^-4)) -> 0 | G230: =$B$4*(B230^2)*($D$224^2*(2*PI())^4*A230^-5/4/PI()/$G$5^4*EXP((-1/PI())*(2*PI()/$G$5)^4*A230^-4)) -> 3.4914727e-151 | H230: =$B$4*(B230^2)*($D$224^2*(2*PI())^4*A230^-5/4/PI()/$H$5^4*EXP((-1/PI())*(2*PI()/$H$5)^4*A230^-4)) -> 1.8446192e-80 | I230: =$B$4*(B230^2)*($D$224^2*(2*PI())^4*A230^-5/4/PI()/$I$5^4*EXP((-1/PI())*(2*PI()/$I$5)^4*A230^-4)) -> 1.7092367e-44 | J230: =$B$4*(B230^2)*($D$224^2*(2*PI())^4*A230^-5/4/PI()/$J$5^4*EXP((-1/PI())*(2*PI()/$J$5)^4*A230^-4)) -> 1.0889289e-24 | K230: =$B$4*(B230^2)*($D$224^2*(2*PI())^4*A230^-5/4/PI()/$K$5^4*EXP((-1/PI())*(2*PI()/$K$5)^4*A230^-4)) -> 4.3329181e-13 | L230: =$B$4*(B230^2)*($D$224^2*(2*PI())^4*A230^-5/4/PI()/$L$5^4*EXP((-1/PI())*(2*PI()/$L$5)^4*A230^-4)) -> 5.9345613e-06 | M230: =$B$4*(B230^2)*($D$224^2*(2*PI())^4*A230^-5/4/PI()/$M$5^4*EXP((-1/PI())*(2*PI()/$M$5)^4*A230^-4)) -> 0.21980768 | N230: =$B$4*(B230^2)*($D$224^2*(2*PI())^4*A230^-5/4/PI()/$N$5^4*EXP((-1/PI())*(2*PI()/$N$5)^4*A230^-4)) -> 230.7656 | O230: =$B$4*(B230^2)*($D$224^2*(2*PI())^4*A230^-5/4/PI()/$O$5^4*EXP((-1/PI())*(2*PI()/$O$5)^4*A230^-4)) -> 25988.6 | P230: =$B$4*(B230^2)*($D$224^2*(2*PI())^4*A230^-5/4/PI()/$P$5^4*EXP((-1/PI())*(2*PI()/$P$5)^4*A230^-4)) -> 689644.91 | Q230: =$B$4*(B230^2)*($D$224^2*(2*PI())^4*A230^-5/4/PI()/$Q$5^4*EXP((-1/PI())*(2*PI()/$Q$5)^4*A230^-4)) -> 6987303 | R230: =$B$4*(B230^2)*($D$224^2*(2*PI())^4*A230^-5/4/PI()/$R$5^4*EXP((-1/PI())*(2*PI()/$R$5)^4*A230^-4)) -> 36690086 | S230: =$B$4*(B230^2)*($D$224^2*(2*PI())^4*A230^-5/4/PI()/$S$5^4*EXP((-1/PI())*(2*PI()/$S$5)^4*A230^-4)) -> 1.2182426e+08
A231: =A187 -> 0.19375 | B231: =B187 -> 129388.19 | D231: =$B$4*(B231^2)*($D$224^2*(2*PI())^4*A231^-5/4/PI()/$D$5^4*EXP((-1/PI())*(2*PI()/$D$5)^4*A231^-4)) -> 0 | E231: =$B$4*(B231^2)*($D$224^2*(2*PI())^4*A231^-5/4/PI()/$E$5^4*EXP((-1/PI())*(2*PI()/$E$5)^4*A231^-4)) -> 0 | F231: =$B$4*(B231^2)*($D$224^2*(2*PI())^4*A231^-5/4/PI()/$F$5^4*EXP((-1/PI())*(2*PI()/$F$5)^4*A231^-4)) -> 5.9490363e-155 | G231: =$B$4*(B231^2)*($D$224^2*(2*PI())^4*A231^-5/4/PI()/$G$5^4*EXP((-1/PI())*(2*PI()/$G$5)^4*A231^-4)) -> 8.2710924e-74 | H231: =$B$4*(B231^2)*($D$224^2*(2*PI())^4*A231^-5/4/PI()/$H$5^4*EXP((-1/PI())*(2*PI()/$H$5)^4*A231^-4)) -> 9.966203e-37 | I231: =$B$4*(B231^2)*($D$224^2*(2*PI())^4*A231^-5/4/PI()/$I$5^4*EXP((-1/PI())*(2*PI()/$I$5)^4*A231^-4)) -> 6.5060569e-18 | J231: =$B$4*(B231^2)*($D$224^2*(2*PI())^4*A231^-5/4/PI()/$J$5^4*EXP((-1/PI())*(2*PI()/$J$5)^4*A231^-4)) -> 1.3750952e-07 | K231: =$B$4*(B231^2)*($D$224^2*(2*PI())^4*A231^-5/4/PI()/$K$5^4*EXP((-1/PI())*(2*PI()/$K$5)^4*A231^-4)) -> 0.14360411 | L231: =$B$4*(B231^2)*($D$224^2*(2*PI())^4*A231^-5/4/PI()/$L$5^4*EXP((-1/PI())*(2*PI()/$L$5)^4*A231^-4)) -> 685.43463 | M231: =$B$4*(B231^2)*($D$224^2*(2*PI())^4*A231^-5/4/PI()/$M$5^4*EXP((-1/PI())*(2*PI()/$M$5)^4*A231^-4)) -> 148021.2 | N231: =$B$4*(B231^2)*($D$224^2*(2*PI())^4*A231^-5/4/PI()/$N$5^4*EXP((-1/PI())*(2*PI()/$N$5)^4*A231^-4)) -> 4965942.4 | O231: =$B$4*(B231^2)*($D$224^2*(2*PI())^4*A231^-5/4/PI()/$O$5^4*EXP((-1/PI())*(2*PI()/$O$5)^4*A231^-4)) -> 52031253 | P231: =$B$4*(B231^2)*($D$224^2*(2*PI())^4*A231^-5/4/PI()/$P$5^4*EXP((-1/PI())*(2*PI()/$P$5)^4*A231^-4)) -> 2.5719291e+08 | Q231: =$B$4*(B231^2)*($D$224^2*(2*PI())^4*A231^-5/4/PI()/$Q$5^4*EXP((-1/PI())*(2*PI()/$Q$5)^4*A231^-4)) -> 7.7222785e+08 | R231: =$B$4*(B231^2)*($D$224^2*(2*PI())^4*A231^-5/4/PI()/$R$5^4*EXP((-1/PI())*(2*PI()/$R$5)^4*A231^-4)) -> 1.6524332e+09 | S231: =$B$4*(B231^2)*($D$224^2*(2*PI())^4*A231^-5/4/PI()/$S$5^4*EXP((-1/PI())*(2*PI()/$S$5)^4*A231^-4)) -> 2.7957429e+09
A232: =A188 -> 0.2225 | B232: =B188 -> 216758.56 | D232: =$B$4*(B232^2)*($D$224^2*(2*PI())^4*A232^-5/4/PI()/$D$5^4*EXP((-1/PI())*(2*PI()/$D$5)^4*A232^-4)) -> 0 | E232: =$B$4*(B232^2)*($D$224^2*(2*PI())^4*A232^-5/4/PI()/$E$5^4*EXP((-1/PI())*(2*PI()/$E$5)^4*A232^-4)) -> 9.4527392e-202 | F232: =$B$4*(B232^2)*($D$224^2*(2*PI())^4*A232^-5/4/PI()/$F$5^4*EXP((-1/PI())*(2*PI()/$F$5)^4*A232^-4)) -> 8.6649036e-84 | G232: =$B$4*(B232^2)*($D$224^2*(2*PI())^4*A232^-5/4/PI()/$G$5^4*EXP((-1/PI())*(2*PI()/$G$5)^4*A232^-4)) -> 2.9474656e-37 | H232: =$B$4*(B232^2)*($D$224^2*(2*PI())^4*A232^-5/4/PI()/$H$5^4*EXP((-1/PI())*(2*PI()/$H$5)^4*A232^-4)) -> 4.8340635e-16 | I232: =$B$4*(B232^2)*($D$224^2*(2*PI())^4*A232^-5/4/PI()/$I$5^4*EXP((-1/PI())*(2*PI()/$I$5)^4*A232^-4)) -> 2.5696667e-05 | J232: =$B$4*(B232^2)*($D$224^2*(2*PI())^4*A232^-5/4/PI()/$J$5^4*EXP((-1/PI())*(2*PI()/$J$5)^4*A232^-4)) -> 18.380153 | K232: =$B$4*(B232^2)*($D$224^2*(2*PI())^4*A232^-5/4/PI()/$K$5^4*EXP((-1/PI())*(2*PI()/$K$5)^4*A232^-4)) -> 44783.124 | L232: =$B$4*(B232^2)*($D$224^2*(2*PI())^4*A232^-5/4/PI()/$L$5^4*EXP((-1/PI())*(2*PI()/$L$5)^4*A232^-4)) -> 5002100.3 | M232: =$B$4*(B232^2)*($D$224^2*(2*PI())^4*A232^-5/4/PI()/$M$5^4*EXP((-1/PI())*(2*PI()/$M$5)^4*A232^-4)) -> 95450531 | N232: =$B$4*(B232^2)*($D$224^2*(2*PI())^4*A232^-5/4/PI()/$N$5^4*EXP((-1/PI())*(2*PI()/$N$5)^4*A232^-4)) -> 6.3121368e+08 | O232: =$B$4*(B232^2)*($D$224^2*(2*PI())^4*A232^-5/4/PI()/$O$5^4*EXP((-1/PI())*(2*PI()/$O$5)^4*A232^-4)) -> 2.1579297e+09 | P232: =$B$4*(B232^2)*($D$224^2*(2*PI())^4*A232^-5/4/PI()/$P$5^4*EXP((-1/PI())*(2*PI()/$P$5)^4*A232^-4)) -> 4.828624e+09 | Q232: =$B$4*(B232^2)*($D$224^2*(2*PI())^4*A232^-5/4/PI()/$Q$5^4*EXP((-1/PI())*(2*PI()/$Q$5)^4*A232^-4)) -> 8.1696405e+09 | R232: =$B$4*(B232^2)*($D$224^2*(2*PI())^4*A232^-5/4/PI()/$R$5^4*EXP((-1/PI())*(2*PI()/$R$5)^4*A232^-4)) -> 1.1447655e+10 | S232: =$B$4*(B232^2)*($D$224^2*(2*PI())^4*A232^-5/4/PI()/$S$5^4*EXP((-1/PI())*(2*PI()/$S$5)^4*A232^-4)) -> 1.4092721e+10
A233: =A189 -> 0.25125 | B233: =B189 -> 331473.86 | D233: =$B$4*(B233^2)*($D$224^2*(2*PI())^4*A233^-5/4/PI()/$D$5^4*EXP((-1/PI())*(2*PI()/$D$5)^4*A233^-4)) -> 0 | E233: =$B$4*(B233^2)*($D$224^2*(2*PI())^4*A233^-5/4/PI()/$E$5^4*EXP((-1/PI())*(2*PI()/$E$5)^4*A233^-4)) -> 4.0790655e-119 | F233: =$B$4*(B233^2)*($D$224^2*(2*PI())^4*A233^-5/4/PI()/$F$5^4*EXP((-1/PI())*(2*PI()/$F$5)^4*A233^-4)) -> 1.0630855e-46 | G233: =$B$4*(B233^2)*($D$224^2*(2*PI())^4*A233^-5/4/PI()/$G$5^4*EXP((-1/PI())*(2*PI()/$G$5)^4*A233^-4)) -> 3.4134739e-18 | H233: =$B$4*(B233^2)*($D$224^2*(2*PI())^4*A233^-5/4/PI()/$H$5^4*EXP((-1/PI())*(2*PI()/$H$5)^4*A233^-4)) -> 3.0567364e-05 | I233: =$B$4*(B233^2)*($D$224^2*(2*PI())^4*A233^-5/4/PI()/$I$5^4*EXP((-1/PI())*(2*PI()/$I$5)^4*A233^-4)) -> 99.561068 | J233: =$B$4*(B233^2)*($D$224^2*(2*PI())^4*A233^-5/4/PI()/$J$5^4*EXP((-1/PI())*(2*PI()/$J$5)^4*A233^-4)) -> 334485.89 | K233: =$B$4*(B233^2)*($D$224^2*(2*PI())^4*A233^-5/4/PI()/$K$5^4*EXP((-1/PI())*(2*PI()/$K$5)^4*A233^-4)) -> 34706071 | L233: =$B$4*(B233^2)*($D$224^2*(2*PI())^4*A233^-5/4/PI()/$L$5^4*EXP((-1/PI())*(2*PI()/$L$5)^4*A233^-4)) -> 5.4849191e+08 | M233: =$B$4*(B233^2)*($D$224^2*(2*PI())^4*A233^-5/4/PI()/$M$5^4*EXP((-1/PI())*(2*PI()/$M$5)^4*A233^-4)) -> 2.9582179e+09 | N233: =$B$4*(B233^2)*($D$224^2*(2*PI())^4*A233^-5/4/PI()/$N$5^4*EXP((-1/PI())*(2*PI()/$N$5)^4*A233^-4)) -> 8.3971188e+09 | O233: =$B$4*(B233^2)*($D$224^2*(2*PI())^4*A233^-5/4/PI()/$O$5^4*EXP((-1/PI())*(2*PI()/$O$5)^4*A233^-4)) -> 1.6020692e+10 | P233: =$B$4*(B233^2)*($D$224^2*(2*PI())^4*A233^-5/4/PI()/$P$5^4*EXP((-1/PI())*(2*PI()/$P$5)^4*A233^-4)) -> 2.3725166e+10 | Q233: =$B$4*(B233^2)*($D$224^2*(2*PI())^4*A233^-5/4/PI()/$Q$5^4*EXP((-1/PI())*(2*PI()/$Q$5)^4*A233^-4)) -> 2.9775433e+10 | R233: =$B$4*(B233^2)*($D$224^2*(2*PI())^4*A233^-5/4/PI()/$R$5^4*EXP((-1/PI())*(2*PI()/$R$5)^4*A233^-4)) -> 3.3467086e+10 | S233: =$B$4*(B233^2)*($D$224^2*(2*PI())^4*A233^-5/4/PI()/$S$5^4*EXP((-1/PI())*(2*PI()/$S$5)^4*A233^-4)) -> 3.4912317e+10
A234: =A190 -> 0.28 | B234: =B190 -> 472200.19 | D234: =$B$4*(B234^2)*($D$224^2*(2*PI())^4*A234^-5/4/PI()/$D$5^4*EXP((-1/PI())*(2*PI()/$D$5)^4*A234^-4)) -> 2.4074489e-220 | E234: =$B$4*(B234^2)*($D$224^2*(2*PI())^4*A234^-5/4/PI()/$E$5^4*EXP((-1/PI())*(2*PI()/$E$5)^4*A234^-4)) -> 1.1247713e-72 | F234: =$B$4*(B234^2)*($D$224^2*(2*PI())^4*A234^-5/4/PI()/$F$5^4*EXP((-1/PI())*(2*PI()/$F$5)^4*A234^-4)) -> 7.5424359e-26 | G234: =$B$4*(B234^2)*($D$224^2*(2*PI())^4*A234^-5/4/PI()/$G$5^4*EXP((-1/PI())*(2*PI()/$G$5)^4*A234^-4)) -> 1.8071247e-07 | H234: =$B$4*(B234^2)*($D$224^2*(2*PI())^4*A234^-5/4/PI()/$H$5^4*EXP((-1/PI())*(2*PI()/$H$5)^4*A234^-4)) -> 36.872095 | I234: =$B$4*(B234^2)*($D$224^2*(2*PI())^4*A234^-5/4/PI()/$I$5^4*EXP((-1/PI())*(2*PI()/$I$5)^4*A234^-4)) -> 516010.16 | J234: =$B$4*(B234^2)*($D$224^2*(2*PI())^4*A234^-5/4/PI()/$J$5^4*EXP((-1/PI())*(2*PI()/$J$5)^4*A234^-4)) -> 85287521 | K234: =$B$4*(B234^2)*($D$224^2*(2*PI())^4*A234^-5/4/PI()/$K$5^4*EXP((-1/PI())*(2*PI()/$K$5)^4*A234^-4)) -> 1.5023856e+09 | L234: =$B$4*(B234^2)*($D$224^2*(2*PI())^4*A234^-5/4/PI()/$L$5^4*EXP((-1/PI())*(2*PI()/$L$5)^4*A234^-4)) -> 7.9139389e+09 | M234: =$B$4*(B234^2)*($D$224^2*(2*PI())^4*A234^-5/4/PI()/$M$5^4*EXP((-1/PI())*(2*PI()/$M$5)^4*A234^-4)) -> 2.0986273e+10 | N234: =$B$4*(B234^2)*($D$224^2*(2*PI())^4*A234^-5/4/PI()/$N$5^4*EXP((-1/PI())*(2*PI()/$N$5)^4*A234^-4)) -> 3.7040235e+10 | O234: =$B$4*(B234^2)*($D$224^2*(2*PI())^4*A234^-5/4/PI()/$O$5^4*EXP((-1/PI())*(2*PI()/$O$5)^4*A234^-4)) -> 5.0922032e+10 | P234: =$B$4*(B234^2)*($D$224^2*(2*PI())^4*A234^-5/4/PI()/$P$5^4*EXP((-1/PI())*(2*PI()/$P$5)^4*A234^-4)) -> 5.9802561e+10 | Q234: =$B$4*(B234^2)*($D$224^2*(2*PI())^4*A234^-5/4/PI()/$Q$5^4*EXP((-1/PI())*(2*PI()/$Q$5)^4*A234^-4)) -> 6.3457218e+10 | R234: =$B$4*(B234^2)*($D$224^2*(2*PI())^4*A234^-5/4/PI()/$R$5^4*EXP((-1/PI())*(2*PI()/$R$5)^4*A234^-4)) -> 6.3014832e+10 | S234: =$B$4*(B234^2)*($D$224^2*(2*PI())^4*A234^-5/4/PI()/$S$5^4*EXP((-1/PI())*(2*PI()/$S$5)^4*A234^-4)) -> 5.9895967e+10
A235: =A191 -> 0.30875 | B235: =B191 -> 627599.4 | D235: =$B$4*(B235^2)*($D$224^2*(2*PI())^4*A235^-5/4/PI()/$D$5^4*EXP((-1/PI())*(2*PI()/$D$5)^4*A235^-4)) -> 1.0118156e-144 | E235: =$B$4*(B235^2)*($D$224^2*(2*PI())^4*A235^-5/4/PI()/$E$5^4*EXP((-1/PI())*(2*PI()/$E$5)^4*A235^-4)) -> 5.5928345e-45 | F235: =$B$4*(B235^2)*($D$224^2*(2*PI())^4*A235^-5/4/PI()/$F$5^4*EXP((-1/PI())*(2*PI()/$F$5)^4*A235^-4)) -> 2.033679e-13 | G235: =$B$4*(B235^2)*($D$224^2*(2*PI())^4*A235^-5/4/PI()/$G$5^4*EXP((-1/PI())*(2*PI()/$G$5)^4*A235^-4)) -> 0.44286356 | H235: =$B$4*(B235^2)*($D$224^2*(2*PI())^4*A235^-5/4/PI()/$H$5^4*EXP((-1/PI())*(2*PI()/$H$5)^4*A235^-4)) -> 153646.31 | I235: =$B$4*(B235^2)*($D$224^2*(2*PI())^4*A235^-5/4/PI()/$I$5^4*EXP((-1/PI())*(2*PI()/$I$5)^4*A235^-4)) -> 83270990 | J235: =$B$4*(B235^2)*($D$224^2*(2*PI())^4*A235^-5/4/PI()/$J$5^4*EXP((-1/PI())*(2*PI()/$J$5)^4*A235^-4)) -> 2.2823358e+09 | K235: =$B$4*(B235^2)*($D$224^2*(2*PI())^4*A235^-5/4/PI()/$K$5^4*EXP((-1/PI())*(2*PI()/$K$5)^4*A235^-4)) -> 1.3958637e+10 | L235: =$B$4*(B235^2)*($D$224^2*(2*PI())^4*A235^-5/4/PI()/$L$5^4*EXP((-1/PI())*(2*PI()/$L$5)^4*A235^-4)) -> 3.8177011e+10 | M235: =$B$4*(B235^2)*($D$224^2*(2*PI())^4*A235^-5/4/PI()/$M$5^4*EXP((-1/PI())*(2*PI()/$M$5)^4*A235^-4)) -> 6.6284763e+10 | N235: =$B$4*(B235^2)*($D$224^2*(2*PI())^4*A235^-5/4/PI()/$N$5^4*EXP((-1/PI())*(2*PI()/$N$5)^4*A235^-4)) -> 8.8113866e+10 | O235: =$B$4*(B235^2)*($D$224^2*(2*PI())^4*A235^-5/4/PI()/$O$5^4*EXP((-1/PI())*(2*PI()/$O$5)^4*A235^-4)) -> 9.9626284e+10 | P235: =$B$4*(B235^2)*($D$224^2*(2*PI())^4*A235^-5/4/PI()/$P$5^4*EXP((-1/PI())*(2*PI()/$P$5)^4*A235^-4)) -> 1.0188394e+11 | Q235: =$B$4*(B235^2)*($D$224^2*(2*PI())^4*A235^-5/4/PI()/$Q$5^4*EXP((-1/PI())*(2*PI()/$Q$5)^4*A235^-4)) -> 9.7810375e+10 | R235: =$B$4*(B235^2)*($D$224^2*(2*PI())^4*A235^-5/4/PI()/$R$5^4*EXP((-1/PI())*(2*PI()/$R$5)^4*A235^-4)) -> 9.0209593e+10 | S235: =$B$4*(B235^2)*($D$224^2*(2*PI())^4*A235^-5/4/PI()/$S$5^4*EXP((-1/PI())*(2*PI()/$S$5)^4*A235^-4)) -> 8.1115302e+10
A236: =A192 -> 0.3375 | B236: =B192 -> 782998.61 | D236: =$B$4*(B236^2)*($D$224^2*(2*PI())^4*A236^-5/4/PI()/$D$5^4*EXP((-1/PI())*(2*PI()/$D$5)^4*A236^-4)) -> 2.2069025e-97 | E236: =$B$4*(B236^2)*($D$224^2*(2*PI())^4*A236^-5/4/PI()/$E$5^4*EXP((-1/PI())*(2*PI()/$E$5)^4*A236^-4)) -> 1.1762266e-27 | F236: =$B$4*(B236^2)*($D$224^2*(2*PI())^4*A236^-5/4/PI()/$F$5^4*EXP((-1/PI())*(2*PI()/$F$5)^4*A236^-4)) -> 1.1760918e-05 | G236: =$B$4*(B236^2)*($D$224^2*(2*PI())^4*A236^-5/4/PI()/$G$5^4*EXP((-1/PI())*(2*PI()/$G$5)^4*A236^-4)) -> 4214.5427 | H236: =$B$4*(B236^2)*($D$224^2*(2*PI())^4*A236^-5/4/PI()/$H$5^4*EXP((-1/PI())*(2*PI()/$H$5)^4*A236^-4)) -> 26948843 | I236: =$B$4*(B236^2)*($D$224^2*(2*PI())^4*A236^-5/4/PI()/$I$5^4*EXP((-1/PI())*(2*PI()/$I$5)^4*A236^-4)) -> 1.9063731e+09 | J236: =$B$4*(B236^2)*($D$224^2*(2*PI())^4*A236^-5/4/PI()/$J$5^4*EXP((-1/PI())*(2*PI()/$J$5)^4*A236^-4)) -> 1.6958194e+10 | K236: =$B$4*(B236^2)*($D$224^2*(2*PI())^4*A236^-5/4/PI()/$K$5^4*EXP((-1/PI())*(2*PI()/$K$5)^4*A236^-4)) -> 5.3469806e+10 | L236: =$B$4*(B236^2)*($D$224^2*(2*PI())^4*A236^-5/4/PI()/$L$5^4*EXP((-1/PI())*(2*PI()/$L$5)^4*A236^-4)) -> 9.7005142e+10 | M236: =$B$4*(B236^2)*($D$224^2*(2*PI())^4*A236^-5/4/PI()/$M$5^4*EXP((-1/PI())*(2*PI()/$M$5)^4*A236^-4)) -> 1.2918553e+11 | N236: =$B$4*(B236^2)*($D$224^2*(2*PI())^4*A236^-5/4/PI()/$N$5^4*EXP((-1/PI())*(2*PI()/$N$5)^4*A236^-4)) -> 1.4379512e+11 | O236: =$B$4*(B236^2)*($D$224^2*(2*PI())^4*A236^-5/4/PI()/$O$5^4*EXP((-1/PI())*(2*PI()/$O$5)^4*A236^-4)) -> 1.4384706e+11 | P236: =$B$4*(B236^2)*($D$224^2*(2*PI())^4*A236^-5/4/PI()/$P$5^4*EXP((-1/PI())*(2*PI()/$P$5)^4*A236^-4)) -> 1.3489764e+11 | Q236: =$B$4*(B236^2)*($D$224^2*(2*PI())^4*A236^-5/4/PI()/$Q$5^4*EXP((-1/PI())*(2*PI()/$Q$5)^4*A236^-4)) -> 1.2163301e+11 | R236: =$B$4*(B236^2)*($D$224^2*(2*PI())^4*A236^-5/4/PI()/$R$5^4*EXP((-1/PI())*(2*PI()/$R$5)^4*A236^-4)) -> 1.0710738e+11 | S236: =$B$4*(B236^2)*($D$224^2*(2*PI())^4*A236^-5/4/PI()/$S$5^4*EXP((-1/PI())*(2*PI()/$S$5)^4*A236^-4)) -> 9.3019305e+10
A237: =A193 -> 0.36625 | B237: =B193 -> 915054.6 | D237: =$B$4*(B237^2)*($D$224^2*(2*PI())^4*A237^-5/4/PI()/$D$5^4*EXP((-1/PI())*(2*PI()/$D$5)^4*A237^-4)) -> 1.4669971e-66 | E237: =$B$4*(B237^2)*($D$224^2*(2*PI())^4*A237^-5/4/PI()/$E$5^4*EXP((-1/PI())*(2*PI()/$E$5)^4*A237^-4)) -> 2.1053511e-16 | F237: =$B$4*(B237^2)*($D$224^2*(2*PI())^4*A237^-5/4/PI()/$F$5^4*EXP((-1/PI())*(2*PI()/$F$5)^4*A237^-4)) -> 1.2298685 | G237: =$B$4*(B237^2)*($D$224^2*(2*PI())^4*A237^-5/4/PI()/$G$5^4*EXP((-1/PI())*(2*PI()/$G$5)^4*A237^-4)) -> 1504087.7 | H237: =$B$4*(B237^2)*($D$224^2*(2*PI())^4*A237^-5/4/PI()/$H$5^4*EXP((-1/PI())*(2*PI()/$H$5)^4*A237^-4)) -> 7.1157778e+08 | I237: =$B$4*(B237^2)*($D$224^2*(2*PI())^4*A237^-5/4/PI()/$I$5^4*EXP((-1/PI())*(2*PI()/$I$5)^4*A237^-4)) -> 1.3345625e+10 | J237: =$B$4*(B237^2)*($D$224^2*(2*PI())^4*A237^-5/4/PI()/$J$5^4*EXP((-1/PI())*(2*PI()/$J$5)^4*A237^-4)) -> 5.7000311e+10 | K237: =$B$4*(B237^2)*($D$224^2*(2*PI())^4*A237^-5/4/PI()/$K$5^4*EXP((-1/PI())*(2*PI()/$K$5)^4*A237^-4)) -> 1.1668316e+11 | L237: =$B$4*(B237^2)*($D$224^2*(2*PI())^4*A237^-5/4/PI()/$L$5^4*EXP((-1/PI())*(2*PI()/$L$5)^4*A237^-4)) -> 1.6198078e+11 | M237: =$B$4*(B237^2)*($D$224^2*(2*PI())^4*A237^-5/4/PI()/$M$5^4*EXP((-1/PI())*(2*PI()/$M$5)^4*A237^-4)) -> 1.8145918e+11 | N237: =$B$4*(B237^2)*($D$224^2*(2*PI())^4*A237^-5/4/PI()/$N$5^4*EXP((-1/PI())*(2*PI()/$N$5)^4*A237^-4)) -> 1.7990411e+11 | O237: =$B$4*(B237^2)*($D$224^2*(2*PI())^4*A237^-5/4/PI()/$O$5^4*EXP((-1/PI())*(2*PI()/$O$5)^4*A237^-4)) -> 1.661614e+11 | P237: =$B$4*(B237^2)*($D$224^2*(2*PI())^4*A237^-5/4/PI()/$P$5^4*EXP((-1/PI())*(2*PI()/$P$5)^4*A237^-4)) -> 1.4726529e+11 | Q237: =$B$4*(B237^2)*($D$224^2*(2*PI())^4*A237^-5/4/PI()/$Q$5^4*EXP((-1/PI())*(2*PI()/$Q$5)^4*A237^-4)) -> 1.2746551e+11 | R237: =$B$4*(B237^2)*($D$224^2*(2*PI())^4*A237^-5/4/PI()/$R$5^4*EXP((-1/PI())*(2*PI()/$R$5)^4*A237^-4)) -> 1.08907e+11 | S237: =$B$4*(B237^2)*($D$224^2*(2*PI())^4*A237^-5/4/PI()/$S$5^4*EXP((-1/PI())*(2*PI()/$S$5)^4*A237^-4)) -> 9.2462776e+10
... A266: =A222 -> 1.2 | B266: =B222 -> 56023.751 | D266: =$B$4*(B266^2)*($D$224^2*(2*PI())^4*A266^-5/4/PI()/$D$5^4*EXP((-1/PI())*(2*PI()/$D$5)^4*A266^-4)) -> 1.8409385e+08 | E266: =$B$4*(B266^2)*($D$224^2*(2*PI())^4*A266^-5/4/PI()/$E$5^4*EXP((-1/PI())*(2*PI()/$E$5)^4*A266^-4)) -> 1.8513013e+08 | F266: =$B$4*(B266^2)*($D$224^2*(2*PI())^4*A266^-5/4/PI()/$F$5^4*EXP((-1/PI())*(2*PI()/$F$5)^4*A266^-4)) -> 1.144755e+08 | G266: =$B$4*(B266^2)*($D$224^2*(2*PI())^4*A266^-5/4/PI()/$G$5^4*EXP((-1/PI())*(2*PI()/$G$5)^4*A266^-4)) -> 66657728 | H266: =$B$4*(B266^2)*($D$224^2*(2*PI())^4*A266^-5/4/PI()/$H$5^4*EXP((-1/PI())*(2*PI()/$H$5)^4*A266^-4)) -> 39868269 | I266: =$B$4*(B266^2)*($D$224^2*(2*PI())^4*A266^-5/4/PI()/$I$5^4*EXP((-1/PI())*(2*PI()/$I$5)^4*A266^-4)) -> 24896063 | J266: =$B$4*(B266^2)*($D$224^2*(2*PI())^4*A266^-5/4/PI()/$J$5^4*EXP((-1/PI())*(2*PI()/$J$5)^4*A266^-4)) -> 16220340 | K266: =$B$4*(B266^2)*($D$224^2*(2*PI())^4*A266^-5/4/PI()/$K$5^4*EXP((-1/PI())*(2*PI()/$K$5)^4*A266^-4)) -> 10975028 | L266: =$B$4*(B266^2)*($D$224^2*(2*PI())^4*A266^-5/4/PI()/$L$5^4*EXP((-1/PI())*(2*PI()/$L$5)^4*A266^-4)) -> 7673242.3 | M266: =$B$4*(B266^2)*($D$224^2*(2*PI())^4*A266^-5/4/PI()/$M$5^4*EXP((-1/PI())*(2*PI()/$M$5)^4*A266^-4)) -> 5518423.7 | N266: =$B$4*(B266^2)*($D$224^2*(2*PI())^4*A266^-5/4/PI()/$N$5^4*EXP((-1/PI())*(2*PI()/$N$5)^4*A266^-4)) -> 4066752.1 | O266: =$B$4*(B266^2)*($D$224^2*(2*PI())^4*A266^-5/4/PI()/$O$5^4*EXP((-1/PI())*(2*PI()/$O$5)^4*A266^-4)) -> 3061177.3 | P266: =$B$4*(B266^2)*($D$224^2*(2*PI())^4*A266^-5/4/PI()/$P$5^4*EXP((-1/PI())*(2*PI()/$P$5)^4*A266^-4)) -> 2347383.5 | Q266: =$B$4*(B266^2)*($D$224^2*(2*PI())^4*A266^-5/4/PI()/$Q$5^4*EXP((-1/PI())*(2*PI()/$Q$5)^4*A266^-4)) -> 1829672.5 | R266: =$B$4*(B266^2)*($D$224^2*(2*PI())^4*A266^-5/4/PI()/$R$5^4*EXP((-1/PI())*(2*PI()/$R$5)^4*A266^-4)) -> 1446941.4 | S266: =$B$4*(B266^2)*($D$224^2*(2*PI())^4*A266^-5/4/PI()/$S$5^4*EXP((-1/PI())*(2*PI()/$S$5)^4*A266^-4)) -> 1159143
C267: sum | D267: =SUM(D226:D266) -> 2.6557382e+09 | E267: =SUM(E226:E266) -> 1.5580235e+10 | F267: =SUM(F226:F266) -> 4.8101862e+10 | G267: =SUM(G226:G266) -> 1.1388373e+11 | H267: =SUM(H226:H266) -> 2.6903464e+11 | I267: =SUM(I226:I266) -> 5.1448779e+11 | J267: =SUM(J226:J266) -> 7.7012551e+11 | K267: =SUM(K226:K266) -> 9.6155442e+11 | ... R267: =SUM(R226:R266) -> 6.9125226e+11 | S267: =SUM(S225:S266) -> 6.0606328e+11 | T267: =SUM(D267:S267) -> 9.8074186e+12
A268: w0 | B268: =A271-A270 -> 0.02875 | C268: Hs | D268: 6.5
A269: w | B269: RAO(0) | C269: Tz | D269: 3.5 | E269: 4.5 | F269: 5.5 | G269: 6.5 | H269: 7.5 | I269: 8.5 | J269: 9.5 | K269: 10.5 | L269: 11.5 | M269: 12.5 | N269: 13.5 | O269: 14.5 | P269: 15.5 | Q269: 16.5 | R269: 17.5 | S269: 18.5
...

Sheet 3.M0_VBM_30
B2: VBM_RAO
A3: dw | B3: =B4/2 -> 0.014375
A4: w0 | B4: =A7-A6 -> 0.02875 | C4: Hs | D4: 0.5
A5: w | B5: RAO(0) | C5: Tz | D5: 3.5 | E5: 4.5 | F5: 5.5 | G5: 6.5 | H5: 7.5 | I5: 8.5 | J5: 9.5 | K5: 10.5 | L5: 11.5 | M5: 12.5 | N5: 13.5 | O5: 14.5 | P5: 15.5 | Q5: 16.5 | R5: 17.5 | S5: 18.5
A6: ='3.M0_VBM_0'!A6 -> 0.05 | B6: ='2.VBM_RAO'!N6 -> 0 | D6: =$B$4*(B6^2)*($D$4^2*(2*PI())^4*A6^-5/4/PI()/$D$5^4*EXP((-1/PI())*(2*PI()/$D$5)^4*A6^-4)) -> 0 | E6: =$B$4*(B6^2)*($D$4^2*(2*PI())^4*A6^-5/4/PI()/$E$5^4*EXP((-1/PI())*(2*PI()/$E$5)^4*A6^-4)) -> 0 | F6: =$B$4*(B6^2)*($D$4^2*(2*PI())^4*A6^-5/4/PI()/$F$5^4*EXP((-1/PI())*(2*PI()/$F$5)^4*A6^-4)) -> 0 | G6: =$B$4*(B6^2)*($D$4^2*(2*PI())^4*A6^-5/4/PI()/$G$5^4*EXP((-1/PI())*(2*PI()/$G$5)^4*A6^-4)) -> 0 | H6: =$B$4*(B6^2)*($D$4^2*(2*PI())^4*A6^-5/4/PI()/$H$5^4*EXP((-1/PI())*(2*PI()/$H$5)^4*A6^-4)) -> 0 | I6: =$B$4*(B6^2)*($D$4^2*(2*PI())^4*A6^-5/4/PI()/$I$5^4*EXP((-1/PI())*(2*PI()/$I$5)^4*A6^-4)) -> 0 | J6: =$B$4*(B6^2)*($D$4^2*(2*PI())^4*A6^-5/4/PI()/$J$5^4*EXP((-1/PI())*(2*PI()/$J$5)^4*A6^-4)) -> 0 | K6: =$B$4*(B6^2)*($D$4^2*(2*PI())^4*A6^-5/4/PI()/$K$5^4*EXP((-1/PI())*(2*PI()/$K$5)^4*A6^-4)) -> 0 | L6: =$B$4*(B6^2)*($D$4^2*(2*PI())^4*A6^-5/4/PI()/$L$5^4*EXP((-1/PI())*(2*PI()/$L$5)^4*A6^-4)) -> 0 | M6: =$B$4*(B6^2)*($D$4^2*(2*PI())^4*A6^-5/4/PI()/$M$5^4*EXP((-1/PI())*(2*PI()/$M$5)^4*A6^-4)) -> 0 | N6: =$B$4*(B6^2)*($D$4^2*(2*PI())^4*A6^-5/4/PI()/$N$5^4*EXP((-1/PI())*(2*PI()/$N$5)^4*A6^-4)) -> 0 | O6: =$B$4*(B6^2)*($D$4^2*(2*PI())^4*A6^-5/4/PI()/$O$5^4*EXP((-1/PI())*(2*PI()/$O$5)^4*A6^-4)) -> 0 | P6: =$B$4*(B6^2)*($D$4^2*(2*PI())^4*A6^-5/4/PI()/$P$5^4*EXP((-1/PI())*(2*PI()/$P$5)^4*A6^-4)) -> 0 | Q6: =$B$4*(B6^2)*($D$4^2*(2*PI())^4*A6^-5/4/PI()/$Q$5^4*EXP((-1/PI())*(2*PI()/$Q$5)^4*A6^-4)) -> 0 | R6: =$B$4*(B6^2)*($D$4^2*(2*PI())^4*A6^-5/4/PI()/$R$5^4*EXP((-1/PI())*(2*PI()/$R$5)^4*A6^-4)) -> 0 | S6: =$B$4*(B6^2)*($D$4^2*(2*PI())^4*A6^-5/4/PI()/$S$5^4*EXP((-1/PI())*(2*PI()/$S$5)^4*A6^-4)) -> 0
A7: ='3.M0_VBM_0'!A7 -> 0.07875 | B7: ='2.VBM_RAO'!N7 -> 2000.8482 | D7: =$B$4*(B7^2)*($D$4^2*(2*PI())^4*A7^-5/4/PI()/$D$5^4*EXP((-1/PI())*(2*PI()/$D$5)^4*A7^-4)) -> 0 | E7: =$B$4*(B7^2)*($D$4^2*(2*PI())^4*A7^-5/4/PI()/$E$5^4*EXP((-1/PI())*(2*PI()/$E$5)^4*A7^-4)) -> 0 | F7: =$B$4*(B7^2)*($D$4^2*(2*PI())^4*A7^-5/4/PI()/$F$5^4*EXP((-1/PI())*(2*PI()/$F$5)^4*A7^-4)) -> 0 | G7: =$B$4*(B7^2)*($D$4^2*(2*PI())^4*A7^-5/4/PI()/$G$5^4*EXP((-1/PI())*(2*PI()/$G$5)^4*A7^-4)) -> 0 | H7: =$B$4*(B7^2)*($D$4^2*(2*PI())^4*A7^-5/4/PI()/$H$5^4*EXP((-1/PI())*(2*PI()/$H$5)^4*A7^-4)) -> 0 | I7: =$B$4*(B7^2)*($D$4^2*(2*PI())^4*A7^-5/4/PI()/$I$5^4*EXP((-1/PI())*(2*PI()/$I$5)^4*A7^-4)) -> 0 | J7: =$B$4*(B7^2)*($D$4^2*(2*PI())^4*A7^-5/4/PI()/$J$5^4*EXP((-1/PI())*(2*PI()/$J$5)^4*A7^-4)) -> 0 | K7: =$B$4*(B7^2)*($D$4^2*(2*PI())^4*A7^-5/4/PI()/$K$5^4*EXP((-1/PI())*(2*PI()/$K$5)^4*A7^-4)) -> 0 | L7: =$B$4*(B7^2)*($D$4^2*(2*PI())^4*A7^-5/4/PI()/$L$5^4*EXP((-1/PI())*(2*PI()/$L$5)^4*A7^-4)) -> 0 | M7: =$B$4*(B7^2)*($D$4^2*(2*PI())^4*A7^-5/4/PI()/$M$5^4*EXP((-1/PI())*(2*PI()/$M$5)^4*A7^-4)) -> 1.6641077e-222 | N7: =$B$4*(B7^2)*($D$4^2*(2*PI())^4*A7^-5/4/PI()/$N$5^4*EXP((-1/PI())*(2*PI()/$N$5)^4*A7^-4)) -> 7.7300678e-162 | O7: =$B$4*(B7^2)*($D$4^2*(2*PI())^4*A7^-5/4/PI()/$O$5^4*EXP((-1/PI())*(2*PI()/$O$5)^4*A7^-4)) -> 4.9628051e-120 | P7: =$B$4*(B7^2)*($D$4^2*(2*PI())^4*A7^-5/4/PI()/$P$5^4*EXP((-1/PI())*(2*PI()/$P$5)^4*A7^-4)) -> 1.7921805e-90 | Q7: =$B$4*(B7^2)*($D$4^2*(2*PI())^4*A7^-5/4/PI()/$Q$5^4*EXP((-1/PI())*(2*PI()/$Q$5)^4*A7^-4)) -> 4.1664031e-69 | R7: =$B$4*(B7^2)*($D$4^2*(2*PI())^4*A7^-5/4/PI()/$R$5^4*EXP((-1/PI())*(2*PI()/$R$5)^4*A7^-4)) -> 2.3342885e-53 | S7: =$B$4*(B7^2)*($D$4^2*(2*PI())^4*A7^-5/4/PI()/$S$5^4*EXP((-1/PI())*(2*PI()/$S$5)^4*A7^-4)) -> 1.501413e-41
A8: ='3.M0_VBM_0'!A8 -> 0.1075 | B8: ='2.VBM_RAO'!N8 -> 8670.3424 | D8: =$B$4*(B8^2)*($D$4^2*(2*PI())^4*A8^-5/4/PI()/$D$5^4*EXP((-1/PI())*(2*PI()/$D$5)^4*A8^-4)) -> 0 | E8: =$B$4*(B8^2)*($D$4^2*(2*PI())^4*A8^-5/4/PI()/$E$5^4*EXP((-1/PI())*(2*PI()/$E$5)^4*A8^-4)) -> 0 | F8: =$B$4*(B8^2)*($D$4^2*(2*PI())^4*A8^-5/4/PI()/$F$5^4*EXP((-1/PI())*(2*PI()/$F$5)^4*A8^-4)) -> 0 | G8: =$B$4*(B8^2)*($D$4^2*(2*PI())^4*A8^-5/4/PI()/$G$5^4*EXP((-1/PI())*(2*PI()/$G$5)^4*A8^-4)) -> 0 | H8: =$B$4*(B8^2)*($D$4^2*(2*PI())^4*A8^-5/4/PI()/$H$5^4*EXP((-1/PI())*(2*PI()/$H$5)^4*A8^-4)) -> 0 | I8: =$B$4*(B8^2)*($D$4^2*(2*PI())^4*A8^-5/4/PI()/$I$5^4*EXP((-1/PI())*(2*PI()/$I$5)^4*A8^-4)) -> 7.7685066e-301 | J8: =$B$4*(B8^2)*($D$4^2*(2*PI())^4*A8^-5/4/PI()/$J$5^4*EXP((-1/PI())*(2*PI()/$J$5)^4*A8^-4)) -> 4.8424101e-190 | K8: =$B$4*(B8^2)*($D$4^2*(2*PI())^4*A8^-5/4/PI()/$K$5^4*EXP((-1/PI())*(2*PI()/$K$5)^4*A8^-4)) -> 7.1823437e-125 | L8: =$B$4*(B8^2)*($D$4^2*(2*PI())^4*A8^-5/4/PI()/$L$5^4*EXP((-1/PI())*(2*PI()/$L$5)^4*A8^-4)) -> 1.528727e-84 | M8: =$B$4*(B8^2)*($D$4^2*(2*PI())^4*A8^-5/4/PI()/$M$5^4*EXP((-1/PI())*(2*PI()/$M$5)^4*A8^-4)) -> 1.5847501e-58 | N8: =$B$4*(B8^2)*($D$4^2*(2*PI())^4*A8^-5/4/PI()/$N$5^4*EXP((-1/PI())*(2*PI()/$N$5)^4*A8^-4)) -> 3.7661274e-41 | O8: =$B$4*(B8^2)*($D$4^2*(2*PI())^4*A8^-5/4/PI()/$O$5^4*EXP((-1/PI())*(2*PI()/$O$5)^4*A8^-4)) -> 3.3683109e-29 | P8: =$B$4*(B8^2)*($D$4^2*(2*PI())^4*A8^-5/4/PI()/$P$5^4*EXP((-1/PI())*(2*PI()/$P$5)^4*A8^-4)) -> 9.0584511e-21 | Q8: =$B$4*(B8^2)*($D$4^2*(2*PI())^4*A8^-5/4/PI()/$Q$5^4*EXP((-1/PI())*(2*PI()/$Q$5)^4*A8^-4)) -> 1.0786947e-14 | R8: =$B$4*(B8^2)*($D$4^2*(2*PI())^4*A8^-5/4/PI()/$R$5^4*EXP((-1/PI())*(2*PI()/$R$5)^4*A8^-4)) -> 3.1289918e-10 | S8: =$B$4*(B8^2)*($D$4^2*(2*PI())^4*A8^-5/4/PI()/$S$5^4*EXP((-1/PI())*(2*PI()/$S$5)^4*A8^-4)) -> 6.7186967e-07
A9: ='3.M0_VBM_0'!A9 -> 0.13625 | B9: ='2.VBM_RAO'!N9 -> 23343.23 | D9: =$B$4*(B9^2)*($D$4^2*(2*PI())^4*A9^-5/4/PI()/$D$5^4*EXP((-1/PI())*(2*PI()/$D$5)^4*A9^-4)) -> 0 | E9: =$B$4*(B9^2)*($D$4^2*(2*PI())^4*A9^-5/4/PI()/$E$5^4*EXP((-1/PI())*(2*PI()/$E$5)^4*A9^-4)) -> 0 | F9: =$B$4*(B9^2)*($D$4^2*(2*PI())^4*A9^-5/4/PI()/$F$5^4*EXP((-1/PI())*(2*PI()/$F$5)^4*A9^-4)) -> 0 | G9: =$B$4*(B9^2)*($D$4^2*(2*PI())^4*A9^-5/4/PI()/$G$5^4*EXP((-1/PI())*(2*PI()/$G$5)^4*A9^-4)) -> 0 | H9: =$B$4*(B9^2)*($D$4^2*(2*PI())^4*A9^-5/4/PI()/$H$5^4*EXP((-1/PI())*(2*PI()/$H$5)^4*A9^-4)) -> 8.4228361e-189 | I9: =$B$4*(B9^2)*($D$4^2*(2*PI())^4*A9^-5/4/PI()/$I$5^4*EXP((-1/PI())*(2*PI()/$I$5)^4*A9^-4)) -> 3.3996292e-111 | J9: =$B$4*(B9^2)*($D$4^2*(2*PI())^4*A9^-5/4/PI()/$J$5^4*EXP((-1/PI())*(2*PI()/$J$5)^4*A9^-4)) -> 2.2265665e-68 | K9: =$B$4*(B9^2)*($D$4^2*(2*PI())^4*A9^-5/4/PI()/$K$5^4*EXP((-1/PI())*(2*PI()/$K$5)^4*A9^-4)) -> 3.1327491e-43 | L9: =$B$4*(B9^2)*($D$4^2*(2*PI())^4*A9^-5/4/PI()/$L$5^4*EXP((-1/PI())*(2*PI()/$L$5)^4*A9^-4)) -> 1.0637418e-27 | M9: =$B$4*(B9^2)*($D$4^2*(2*PI())^4*A9^-5/4/PI()/$M$5^4*EXP((-1/PI())*(2*PI()/$M$5)^4*A9^-4)) -> 1.0460425e-17 | N9: =$B$4*(B9^2)*($D$4^2*(2*PI())^4*A9^-5/4/PI()/$N$5^4*EXP((-1/PI())*(2*PI()/$N$5)^4*A9^-4)) -> 4.6890758e-11 | O9: =$B$4*(B9^2)*($D$4^2*(2*PI())^4*A9^-5/4/PI()/$O$5^4*EXP((-1/PI())*(2*PI()/$O$5)^4*A9^-4)) -> 1.684379e-06 | P9: =$B$4*(B9^2)*($D$4^2*(2*PI())^4*A9^-5/4/PI()/$P$5^4*EXP((-1/PI())*(2*PI()/$P$5)^4*A9^-4)) -> 0.0026429428 | Q9: =$B$4*(B9^2)*($D$4^2*(2*PI())^4*A9^-5/4/PI()/$Q$5^4*EXP((-1/PI())*(2*PI()/$Q$5)^4*A9^-4)) -> 0.51291266 | R9: =$B$4*(B9^2)*($D$4^2*(2*PI())^4*A9^-5/4/PI()/$R$5^4*EXP((-1/PI())*(2*PI()/$R$5)^4*A9^-4)) -> 23.807977 | S9: =$B$4*(B9^2)*($D$4^2*(2*PI())^4*A9^-5/4/PI()/$S$5^4*EXP((-1/PI())*(2*PI()/$S$5)^4*A9^-4)) -> 406.20755
A10: ='3.M0_VBM_0'!A10 -> 0.165 | B10: ='2.VBM_RAO'!N10 -> 51355.105 | D10: =$B$4*(B10^2)*($D$4^2*(2*PI())^4*A10^-5/4/PI()/$D$5^4*EXP((-1/PI())*(2*PI()/$D$5)^4*A10^-4)) -> 0 | E10: =$B$4*(B10^2)*($D$4^2*(2*PI())^4*A10^-5/4/PI()/$E$5^4*EXP((-1/PI())*(2*PI()/$E$5)^4*A10^-4)) -> 0 | F10: =$B$4*(B10^2)*($D$4^2*(2*PI())^4*A10^-5/4/PI()/$F$5^4*EXP((-1/PI())*(2*PI()/$F$5)^4*A10^-4)) -> 0 | G10: =$B$4*(B10^2)*($D$4^2*(2*PI())^4*A10^-5/4/PI()/$G$5^4*EXP((-1/PI())*(2*PI()/$G$5)^4*A10^-4)) -> 1.5517657e-153 | H10: =$B$4*(B10^2)*($D$4^2*(2*PI())^4*A10^-5/4/PI()/$H$5^4*EXP((-1/PI())*(2*PI()/$H$5)^4*A10^-4)) -> 8.1983076e-83 | I10: =$B$4*(B10^2)*($D$4^2*(2*PI())^4*A10^-5/4/PI()/$I$5^4*EXP((-1/PI())*(2*PI()/$I$5)^4*A10^-4)) -> 7.5966076e-47 | J10: =$B$4*(B10^2)*($D$4^2*(2*PI())^4*A10^-5/4/PI()/$J$5^4*EXP((-1/PI())*(2*PI()/$J$5)^4*A10^-4)) -> 4.8396839e-27 | K10: =$B$4*(B10^2)*($D$4^2*(2*PI())^4*A10^-5/4/PI()/$K$5^4*EXP((-1/PI())*(2*PI()/$K$5)^4*A10^-4)) -> 1.9257414e-15 | L10: =$B$4*(B10^2)*($D$4^2*(2*PI())^4*A10^-5/4/PI()/$L$5^4*EXP((-1/PI())*(2*PI()/$L$5)^4*A10^-4)) -> 2.6375828e-08 | M10: =$B$4*(B10^2)*($D$4^2*(2*PI())^4*A10^-5/4/PI()/$M$5^4*EXP((-1/PI())*(2*PI()/$M$5)^4*A10^-4)) -> 0.00097692301 | N10: =$B$4*(B10^2)*($D$4^2*(2*PI())^4*A10^-5/4/PI()/$N$5^4*EXP((-1/PI())*(2*PI()/$N$5)^4*A10^-4)) -> 1.0256249 | O10: =$B$4*(B10^2)*($D$4^2*(2*PI())^4*A10^-5/4/PI()/$O$5^4*EXP((-1/PI())*(2*PI()/$O$5)^4*A10^-4)) -> 115.50489 | P10: =$B$4*(B10^2)*($D$4^2*(2*PI())^4*A10^-5/4/PI()/$P$5^4*EXP((-1/PI())*(2*PI()/$P$5)^4*A10^-4)) -> 3065.0885 | Q10: =$B$4*(B10^2)*($D$4^2*(2*PI())^4*A10^-5/4/PI()/$Q$5^4*EXP((-1/PI())*(2*PI()/$Q$5)^4*A10^-4)) -> 31054.68 | R10: =$B$4*(B10^2)*($D$4^2*(2*PI())^4*A10^-5/4/PI()/$R$5^4*EXP((-1/PI())*(2*PI()/$R$5)^4*A10^-4)) -> 163067.05 | S10: =$B$4*(B10^2)*($D$4^2*(2*PI())^4*A10^-5/4/PI()/$S$5^4*EXP((-1/PI())*(2*PI()/$S$5)^4*A10^-4)) -> 541441.16
A11: ='3.M0_VBM_0'!A11 -> 0.19375 | B11: ='2.VBM_RAO'!N11 -> 96040.716 | D11: =$B$4*(B11^2)*($D$4^2*(2*PI())^4*A11^-5/4/PI()/$D$5^4*EXP((-1/PI())*(2*PI()/$D$5)^4*A11^-4)) -> 0 | E11: =$B$4*(B11^2)*($D$4^2*(2*PI())^4*A11^-5/4/PI()/$E$5^4*EXP((-1/PI())*(2*PI()/$E$5)^4*A11^-4)) -> 0 | F11: =$B$4*(B11^2)*($D$4^2*(2*PI())^4*A11^-5/4/PI()/$F$5^4*EXP((-1/PI())*(2*PI()/$F$5)^4*A11^-4)) -> 2.7088364e-157 | G11: =$B$4*(B11^2)*($D$4^2*(2*PI())^4*A11^-5/4/PI()/$G$5^4*EXP((-1/PI())*(2*PI()/$G$5)^4*A11^-4)) -> 3.7661622e-76 | H11: =$B$4*(B11^2)*($D$4^2*(2*PI())^4*A11^-5/4/PI()/$H$5^4*EXP((-1/PI())*(2*PI()/$H$5)^4*A11^-4)) -> 4.5380146e-39 | I11: =$B$4*(B11^2)*($D$4^2*(2*PI())^4*A11^-5/4/PI()/$I$5^4*EXP((-1/PI())*(2*PI()/$I$5)^4*A11^-4)) -> 2.9624703e-20 | J11: =$B$4*(B11^2)*($D$4^2*(2*PI())^4*A11^-5/4/PI()/$J$5^4*EXP((-1/PI())*(2*PI()/$J$5)^4*A11^-4)) -> 6.2613638e-10 | K11: =$B$4*(B11^2)*($D$4^2*(2*PI())^4*A11^-5/4/PI()/$K$5^4*EXP((-1/PI())*(2*PI()/$K$5)^4*A11^-4)) -> 0.0006538875 | L11: =$B$4*(B11^2)*($D$4^2*(2*PI())^4*A11^-5/4/PI()/$L$5^4*EXP((-1/PI())*(2*PI()/$L$5)^4*A11^-4)) -> 3.1210606 | M11: =$B$4*(B11^2)*($D$4^2*(2*PI())^4*A11^-5/4/PI()/$M$5^4*EXP((-1/PI())*(2*PI()/$M$5)^4*A11^-4)) -> 674.00027 | N11: =$B$4*(B11^2)*($D$4^2*(2*PI())^4*A11^-5/4/PI()/$N$5^4*EXP((-1/PI())*(2*PI()/$N$5)^4*A11^-4)) -> 22611.94 | O11: =$B$4*(B11^2)*($D$4^2*(2*PI())^4*A11^-5/4/PI()/$O$5^4*EXP((-1/PI())*(2*PI()/$O$5)^4*A11^-4)) -> 236919.3 | P11: =$B$4*(B11^2)*($D$4^2*(2*PI())^4*A11^-5/4/PI()/$P$5^4*EXP((-1/PI())*(2*PI()/$P$5)^4*A11^-4)) -> 1171103.2 | Q11: =$B$4*(B11^2)*($D$4^2*(2*PI())^4*A11^-5/4/PI()/$Q$5^4*EXP((-1/PI())*(2*PI()/$Q$5)^4*A11^-4)) -> 3516265.1 | R11: =$B$4*(B11^2)*($D$4^2*(2*PI())^4*A11^-5/4/PI()/$R$5^4*EXP((-1/PI())*(2*PI()/$R$5)^4*A11^-4)) -> 7524195.6 | S11: =$B$4*(B11^2)*($D$4^2*(2*PI())^4*A11^-5/4/PI()/$S$5^4*EXP((-1/PI())*(2*PI()/$S$5)^4*A11^-4)) -> 12730146
A12: ='3.M0_VBM_0'!A12 -> 0.2225 | B12: ='2.VBM_RAO'!N12 -> 162068.71 | D12: =$B$4*(B12^2)*($D$4^2*(2*PI())^4*A12^-5/4/PI()/$D$5^4*EXP((-1/PI())*(2*PI()/$D$5)^4*A12^-4)) -> 0 | E12: =$B$4*(B12^2)*($D$4^2*(2*PI())^4*A12^-5/4/PI()/$E$5^4*EXP((-1/PI())*(2*PI()/$E$5)^4*A12^-4)) -> 4.3673514e-204 | F12: =$B$4*(B12^2)*($D$4^2*(2*PI())^4*A12^-5/4/PI()/$F$5^4*EXP((-1/PI())*(2*PI()/$F$5)^4*A12^-4)) -> 4.0033558e-86 | G12: =$B$4*(B12^2)*($D$4^2*(2*PI())^4*A12^-5/4/PI()/$G$5^4*EXP((-1/PI())*(2*PI()/$G$5)^4*A12^-4)) -> 1.3617871e-39 | H12: =$B$4*(B12^2)*($D$4^2*(2*PI())^4*A12^-5/4/PI()/$H$5^4*EXP((-1/PI())*(2*PI()/$H$5)^4*A12^-4)) -> 2.2334324e-18 | I12: =$B$4*(B12^2)*($D$4^2*(2*PI())^4*A12^-5/4/PI()/$I$5^4*EXP((-1/PI())*(2*PI()/$I$5)^4*A12^-4)) -> 1.1872365e-07 | J12: =$B$4*(B12^2)*($D$4^2*(2*PI())^4*A12^-5/4/PI()/$J$5^4*EXP((-1/PI())*(2*PI()/$J$5)^4*A12^-4)) -> 0.084919922 | K12: =$B$4*(B12^2)*($D$4^2*(2*PI())^4*A12^-5/4/PI()/$K$5^4*EXP((-1/PI())*(2*PI()/$K$5)^4*A12^-4)) -> 206.90684 | L12: =$B$4*(B12^2)*($D$4^2*(2*PI())^4*A12^-5/4/PI()/$L$5^4*EXP((-1/PI())*(2*PI()/$L$5)^4*A12^-4)) -> 23110.687 | M12: =$B$4*(B12^2)*($D$4^2*(2*PI())^4*A12^-5/4/PI()/$M$5^4*EXP((-1/PI())*(2*PI()/$M$5)^4*A12^-4)) -> 441000.22 | N12: =$B$4*(B12^2)*($D$4^2*(2*PI())^4*A12^-5/4/PI()/$N$5^4*EXP((-1/PI())*(2*PI()/$N$5)^4*A12^-4)) -> 2916331.3 | O12: =$B$4*(B12^2)*($D$4^2*(2*PI())^4*A12^-5/4/PI()/$O$5^4*EXP((-1/PI())*(2*PI()/$O$5)^4*A12^-4)) -> 9970059.6 | P12: =$B$4*(B12^2)*($D$4^2*(2*PI())^4*A12^-5/4/PI()/$P$5^4*EXP((-1/PI())*(2*PI()/$P$5)^4*A12^-4)) -> 22309192 | Q12: =$B$4*(B12^2)*($D$4^2*(2*PI())^4*A12^-5/4/PI()/$Q$5^4*EXP((-1/PI())*(2*PI()/$Q$5)^4*A12^-4)) -> 37745345 | R12: =$B$4*(B12^2)*($D$4^2*(2*PI())^4*A12^-5/4/PI()/$R$5^4*EXP((-1/PI())*(2*PI()/$R$5)^4*A12^-4)) -> 52890415 | S12: =$B$4*(B12^2)*($D$4^2*(2*PI())^4*A12^-5/4/PI()/$S$5^4*EXP((-1/PI())*(2*PI()/$S$5)^4*A12^-4)) -> 65111142
A13: ='3.M0_VBM_0'!A13 -> 0.25125 | B13: ='2.VBM_RAO'!N13 -> 250106.03 | D13: =$B$4*(B13^2)*($D$4^2*(2*PI())^4*A13^-5/4/PI()/$D$5^4*EXP((-1/PI())*(2*PI()/$D$5)^4*A13^-4)) -> 0 | E13: =$B$4*(B13^2)*($D$4^2*(2*PI())^4*A13^-5/4/PI()/$E$5^4*EXP((-1/PI())*(2*PI()/$E$5)^4*A13^-4)) -> 1.9192214e-121 | F13: =$B$4*(B13^2)*($D$4^2*(2*PI())^4*A13^-5/4/PI()/$F$5^4*EXP((-1/PI())*(2*PI()/$F$5)^4*A13^-4)) -> 5.0018722e-49 | G13: =$B$4*(B13^2)*($D$4^2*(2*PI())^4*A13^-5/4/PI()/$G$5^4*EXP((-1/PI())*(2*PI()/$G$5)^4*A13^-4)) -> 1.6060571e-20 | H13: =$B$4*(B13^2)*($D$4^2*(2*PI())^4*A13^-5/4/PI()/$H$5^4*EXP((-1/PI())*(2*PI()/$H$5)^4*A13^-4)) -> 1.4382103e-07 | I13: =$B$4*(B13^2)*($D$4^2*(2*PI())^4*A13^-5/4/PI()/$I$5^4*EXP((-1/PI())*(2*PI()/$I$5)^4*A13^-4)) -> 0.46843996 | J13: =$B$4*(B13^2)*($D$4^2*(2*PI())^4*A13^-5/4/PI()/$J$5^4*EXP((-1/PI())*(2*PI()/$J$5)^4*A13^-4)) -> 1573.7733 | K13: =$B$4*(B13^2)*($D$4^2*(2*PI())^4*A13^-5/4/PI()/$K$5^4*EXP((-1/PI())*(2*PI()/$K$5)^4*A13^-4)) -> 163293.85 | L13: =$B$4*(B13^2)*($D$4^2*(2*PI())^4*A13^-5/4/PI()/$L$5^4*EXP((-1/PI())*(2*PI()/$L$5)^4*A13^-4)) -> 2580682.7 | M13: =$B$4*(B13^2)*($D$4^2*(2*PI())^4*A13^-5/4/PI()/$M$5^4*EXP((-1/PI())*(2*PI()/$M$5)^4*A13^-4)) -> 13918568 | N13: =$B$4*(B13^2)*($D$4^2*(2*PI())^4*A13^-5/4/PI()/$N$5^4*EXP((-1/PI())*(2*PI()/$N$5)^4*A13^-4)) -> 39508877 | O13: =$B$4*(B13^2)*($D$4^2*(2*PI())^4*A13^-5/4/PI()/$O$5^4*EXP((-1/PI())*(2*PI()/$O$5)^4*A13^-4)) -> 75378184 | P13: =$B$4*(B13^2)*($D$4^2*(2*PI())^4*A13^-5/4/PI()/$P$5^4*EXP((-1/PI())*(2*PI()/$P$5)^4*A13^-4)) -> 1.1162813e+08 | Q13: =$B$4*(B13^2)*($D$4^2*(2*PI())^4*A13^-5/4/PI()/$Q$5^4*EXP((-1/PI())*(2*PI()/$Q$5)^4*A13^-4)) -> 1.4009495e+08 | R13: =$B$4*(B13^2)*($D$4^2*(2*PI())^4*A13^-5/4/PI()/$R$5^4*EXP((-1/PI())*(2*PI()/$R$5)^4*A13^-4)) -> 1.5746437e+08 | S13: =$B$4*(B13^2)*($D$4^2*(2*PI())^4*A13^-5/4/PI()/$S$5^4*EXP((-1/PI())*(2*PI()/$S$5)^4*A13^-4)) -> 1.6426425e+08
A14: ='3.M0_VBM_0'!A14 -> 0.28 | B14: ='2.VBM_RAO'!N14 -> 358818.79 | D14: =$B$4*(B14^2)*($D$4^2*(2*PI())^4*A14^-5/4/PI()/$D$5^4*EXP((-1/PI())*(2*PI()/$D$5)^4*A14^-4)) -> 1.148867e-222 | E14: =$B$4*(B14^2)*($D$4^2*(2*PI())^4*A14^-5/4/PI()/$E$5^4*EXP((-1/PI())*(2*PI()/$E$5)^4*A14^-4)) -> 5.3675598e-75 | F14: =$B$4*(B14^2)*($D$4^2*(2*PI())^4*A14^-5/4/PI()/$F$5^4*EXP((-1/PI())*(2*PI()/$F$5)^4*A14^-4)) -> 3.5993518e-28 | G14: =$B$4*(B14^2)*($D$4^2*(2*PI())^4*A14^-5/4/PI()/$G$5^4*EXP((-1/PI())*(2*PI()/$G$5)^4*A14^-4)) -> 8.623842e-10 | H14: =$B$4*(B14^2)*($D$4^2*(2*PI())^4*A14^-5/4/PI()/$H$5^4*EXP((-1/PI())*(2*PI()/$H$5)^4*A14^-4)) -> 0.17595859 | I14: =$B$4*(B14^2)*($D$4^2*(2*PI())^4*A14^-5/4/PI()/$I$5^4*EXP((-1/PI())*(2*PI()/$I$5)^4*A14^-4)) -> 2462.4698 | J14: =$B$4*(B14^2)*($D$4^2*(2*PI())^4*A14^-5/4/PI()/$J$5^4*EXP((-1/PI())*(2*PI()/$J$5)^4*A14^-4)) -> 407003.51 | K14: =$B$4*(B14^2)*($D$4^2*(2*PI())^4*A14^-5/4/PI()/$K$5^4*EXP((-1/PI())*(2*PI()/$K$5)^4*A14^-4)) -> 7169586.2 | L14: =$B$4*(B14^2)*($D$4^2*(2*PI())^4*A14^-5/4/PI()/$L$5^4*EXP((-1/PI())*(2*PI()/$L$5)^4*A14^-4)) -> 37766380 | M14: =$B$4*(B14^2)*($D$4^2*(2*PI())^4*A14^-5/4/PI()/$M$5^4*EXP((-1/PI())*(2*PI()/$M$5)^4*A14^-4)) -> 1.0014931e+08 | N14: =$B$4*(B14^2)*($D$4^2*(2*PI())^4*A14^-5/4/PI()/$N$5^4*EXP((-1/PI())*(2*PI()/$N$5)^4*A14^-4)) -> 1.7676098e+08 | O14: =$B$4*(B14^2)*($D$4^2*(2*PI())^4*A14^-5/4/PI()/$O$5^4*EXP((-1/PI())*(2*PI()/$O$5)^4*A14^-4)) -> 2.4300678e+08 | P14: =$B$4*(B14^2)*($D$4^2*(2*PI())^4*A14^-5/4/PI()/$P$5^4*EXP((-1/PI())*(2*PI()/$P$5)^4*A14^-4)) -> 2.8538586e+08 | Q14: =$B$4*(B14^2)*($D$4^2*(2*PI())^4*A14^-5/4/PI()/$Q$5^4*EXP((-1/PI())*(2*PI()/$Q$5)^4*A14^-4)) -> 3.0282637e+08 | R14: =$B$4*(B14^2)*($D$4^2*(2*PI())^4*A14^-5/4/PI()/$R$5^4*EXP((-1/PI())*(2*PI()/$R$5)^4*A14^-4)) -> 3.0071525e+08 | S14: =$B$4*(B14^2)*($D$4^2*(2*PI())^4*A14^-5/4/PI()/$S$5^4*EXP((-1/PI())*(2*PI()/$S$5)^4*A14^-4)) -> 2.8583161e+08
A15: ='3.M0_VBM_0'!A15 -> 0.30875 | B15: ='2.VBM_RAO'!N15 -> 482871.38 | D15: =$B$4*(B15^2)*($D$4^2*(2*PI())^4*A15^-5/4/PI()/$D$5^4*EXP((-1/PI())*(2*PI()/$D$5)^4*A15^-4)) -> 4.9500991e-147 | E15: =$B$4*(B15^2)*($D$4^2*(2*PI())^4*A15^-5/4/PI()/$E$5^4*EXP((-1/PI())*(2*PI()/$E$5)^4*A15^-4)) -> 2.7361789e-47 | F15: =$B$4*(B15^2)*($D$4^2*(2*PI())^4*A15^-5/4/PI()/$F$5^4*EXP((-1/PI())*(2*PI()/$F$5)^4*A15^-4)) -> 9.9493548e-16 | G15: =$B$4*(B15^2)*($D$4^2*(2*PI())^4*A15^-5/4/PI()/$G$5^4*EXP((-1/PI())*(2*PI()/$G$5)^4*A15^-4)) -> 0.0021666186 | H15: =$B$4*(B15^2)*($D$4^2*(2*PI())^4*A15^-5/4/PI()/$H$5^4*EXP((-1/PI())*(2*PI()/$H$5)^4*A15^-4)) -> 751.68289 | I15: =$B$4*(B15^2)*($D$4^2*(2*PI())^4*A15^-5/4/PI()/$I$5^4*EXP((-1/PI())*(2*PI()/$I$5)^4*A15^-4)) -> 407386.13 | J15: =$B$4*(B15^2)*($D$4^2*(2*PI())^4*A15^-5/4/PI()/$J$5^4*EXP((-1/PI())*(2*PI()/$J$5)^4*A15^-4)) -> 11165857 | K15: =$B$4*(B15^2)*($D$4^2*(2*PI())^4*A15^-5/4/PI()/$K$5^4*EXP((-1/PI())*(2*PI()/$K$5)^4*A15^-4)) -> 68289751 | L15: =$B$4*(B15^2)*($D$4^2*(2*PI())^4*A15^-5/4/PI()/$L$5^4*EXP((-1/PI())*(2*PI()/$L$5)^4*A15^-4)) -> 1.8677315e+08 | M15: =$B$4*(B15^2)*($D$4^2*(2*PI())^4*A15^-5/4/PI()/$M$5^4*EXP((-1/PI())*(2*PI()/$M$5)^4*A15^-4)) -> 3.2428452e+08 | N15: =$B$4*(B15^2)*($D$4^2*(2*PI())^4*A15^-5/4/PI()/$N$5^4*EXP((-1/PI())*(2*PI()/$N$5)^4*A15^-4)) -> 4.310789e+08 | O15: =$B$4*(B15^2)*($D$4^2*(2*PI())^4*A15^-5/4/PI()/$O$5^4*EXP((-1/PI())*(2*PI()/$O$5)^4*A15^-4)) -> 4.8740103e+08 | P15: =$B$4*(B15^2)*($D$4^2*(2*PI())^4*A15^-5/4/PI()/$P$5^4*EXP((-1/PI())*(2*PI()/$P$5)^4*A15^-4)) -> 4.9844617e+08 | Q15: =$B$4*(B15^2)*($D$4^2*(2*PI())^4*A15^-5/4/PI()/$Q$5^4*EXP((-1/PI())*(2*PI()/$Q$5)^4*A15^-4)) -> 4.7851708e+08 | R15: =$B$4*(B15^2)*($D$4^2*(2*PI())^4*A15^-5/4/PI()/$R$5^4*EXP((-1/PI())*(2*PI()/$R$5)^4*A15^-4)) -> 4.4133182e+08 | S15: =$B$4*(B15^2)*($D$4^2*(2*PI())^4*A15^-5/4/PI()/$S$5^4*EXP((-1/PI())*(2*PI()/$S$5)^4*A15^-4)) -> 3.9683988e+08
A16: ='3.M0_VBM_0'!A16 -> 0.3375 | B16: ='2.VBM_RAO'!N16 -> 610925.66 | D16: =$B$4*(B16^2)*($D$4^2*(2*PI())^4*A16^-5/4/PI()/$D$5^4*EXP((-1/PI())*(2*PI()/$D$5)^4*A16^-4)) -> 1.1103312e-99 | E16: =$B$4*(B16^2)*($D$4^2*(2*PI())^4*A16^-5/4/PI()/$E$5^4*EXP((-1/PI())*(2*PI()/$E$5)^4*A16^-4)) -> 5.9178015e-30 | F16: =$B$4*(B16^2)*($D$4^2*(2*PI())^4*A16^-5/4/PI()/$F$5^4*EXP((-1/PI())*(2*PI()/$F$5)^4*A16^-4)) -> 5.9171229e-08 | G16: =$B$4*(B16^2)*($D$4^2*(2*PI())^4*A16^-5/4/PI()/$G$5^4*EXP((-1/PI())*(2*PI()/$G$5)^4*A16^-4)) -> 21.2041 | H16: =$B$4*(B16^2)*($D$4^2*(2*PI())^4*A16^-5/4/PI()/$H$5^4*EXP((-1/PI())*(2*PI()/$H$5)^4*A16^-4)) -> 135584.33 | I16: =$B$4*(B16^2)*($D$4^2*(2*PI())^4*A16^-5/4/PI()/$I$5^4*EXP((-1/PI())*(2*PI()/$I$5)^4*A16^-4)) -> 9591295.9 | J16: =$B$4*(B16^2)*($D$4^2*(2*PI())^4*A16^-5/4/PI()/$J$5^4*EXP((-1/PI())*(2*PI()/$J$5)^4*A16^-4)) -> 85319634 | K16: =$B$4*(B16^2)*($D$4^2*(2*PI())^4*A16^-5/4/PI()/$K$5^4*EXP((-1/PI())*(2*PI()/$K$5)^4*A16^-4)) -> 2.6901593e+08 | L16: =$B$4*(B16^2)*($D$4^2*(2*PI())^4*A16^-5/4/PI()/$L$5^4*EXP((-1/PI())*(2*PI()/$L$5)^4*A16^-4)) -> 4.880498e+08 | M16: =$B$4*(B16^2)*($D$4^2*(2*PI())^4*A16^-5/4/PI()/$M$5^4*EXP((-1/PI())*(2*PI()/$M$5)^4*A16^-4)) -> 6.4995497e+08 | N16: =$B$4*(B16^2)*($D$4^2*(2*PI())^4*A16^-5/4/PI()/$N$5^4*EXP((-1/PI())*(2*PI()/$N$5)^4*A16^-4)) -> 7.2345833e+08 | O16: =$B$4*(B16^2)*($D$4^2*(2*PI())^4*A16^-5/4/PI()/$O$5^4*EXP((-1/PI())*(2*PI()/$O$5)^4*A16^-4)) -> 7.2371966e+08 | P16: =$B$4*(B16^2)*($D$4^2*(2*PI())^4*A16^-5/4/PI()/$P$5^4*EXP((-1/PI())*(2*PI()/$P$5)^4*A16^-4)) -> 6.7869356e+08 | Q16: =$B$4*(B16^2)*($D$4^2*(2*PI())^4*A16^-5/4/PI()/$Q$5^4*EXP((-1/PI())*(2*PI()/$Q$5)^4*A16^-4)) -> 6.1195692e+08 | R16: =$B$4*(B16^2)*($D$4^2*(2*PI())^4*A16^-5/4/PI()/$R$5^4*EXP((-1/PI())*(2*PI()/$R$5)^4*A16^-4)) -> 5.3887592e+08 | S16: =$B$4*(B16^2)*($D$4^2*(2*PI())^4*A16^-5/4/PI()/$S$5^4*EXP((-1/PI())*(2*PI()/$S$5)^4*A16^-4)) -> 4.6799636e+08
A17: ='3.M0_VBM_0'!A17 -> 0.36625 | B17: ='2.VBM_RAO'!N17 -> 728308.76 | D17: =$B$4*(B17^2)*($D$4^2*(2*PI())^4*A17^-5/4/PI()/$D$5^4*EXP((-1/PI())*(2*PI()/$D$5)^4*A17^-4)) -> 7.6803485e-69 | E17: =$B$4*(B17^2)*($D$4^2*(2*PI())^4*A17^-5/4/PI()/$E$5^4*EXP((-1/PI())*(2*PI()/$E$5)^4*A17^-4)) -> 1.1022401e-18 | F17: =$B$4*(B17^2)*($D$4^2*(2*PI())^4*A17^-5/4/PI()/$F$5^4*EXP((-1/PI())*(2*PI()/$F$5)^4*A17^-4)) -> 0.0064388802 | G17: =$B$4*(B17^2)*($D$4^2*(2*PI())^4*A17^-5/4/PI()/$G$5^4*EXP((-1/PI())*(2*PI()/$G$5)^4*A17^-4)) -> 7874.5339 | H17: =$B$4*(B17^2)*($D$4^2*(2*PI())^4*A17^-5/4/PI()/$H$5^4*EXP((-1/PI())*(2*PI()/$H$5)^4*A17^-4)) -> 3725409.9 | I17: =$B$4*(B17^2)*($D$4^2*(2*PI())^4*A17^-5/4/PI()/$I$5^4*EXP((-1/PI())*(2*PI()/$I$5)^4*A17^-4)) -> 69869979 | J17: =$B$4*(B17^2)*($D$4^2*(2*PI())^4*A17^-5/4/PI()/$J$5^4*EXP((-1/PI())*(2*PI()/$J$5)^4*A17^-4)) -> 2.9842067e+08 | K17: =$B$4*(B17^2)*($D$4^2*(2*PI())^4*A17^-5/4/PI()/$K$5^4*EXP((-1/PI())*(2*PI()/$K$5)^4*A17^-4)) -> 6.1088558e+08 | L17: =$B$4*(B17^2)*($D$4^2*(2*PI())^4*A17^-5/4/PI()/$L$5^4*EXP((-1/PI())*(2*PI()/$L$5)^4*A17^-4)) -> 8.4803772e+08 | M17: =$B$4*(B17^2)*($D$4^2*(2*PI())^4*A17^-5/4/PI()/$M$5^4*EXP((-1/PI())*(2*PI()/$M$5)^4*A17^-4)) -> 9.5001534e+08 | N17: =$B$4*(B17^2)*($D$4^2*(2*PI())^4*A17^-5/4/PI()/$N$5^4*EXP((-1/PI())*(2*PI()/$N$5)^4*A17^-4)) -> 9.4187393e+08 | O17: =$B$4*(B17^2)*($D$4^2*(2*PI())^4*A17^-5/4/PI()/$O$5^4*EXP((-1/PI())*(2*PI()/$O$5)^4*A17^-4)) -> 8.6992505e+08 | P17: =$B$4*(B17^2)*($D$4^2*(2*PI())^4*A17^-5/4/PI()/$P$5^4*EXP((-1/PI())*(2*PI()/$P$5)^4*A17^-4)) -> 7.7099591e+08 | Q17: =$B$4*(B17^2)*($D$4^2*(2*PI())^4*A17^-5/4/PI()/$Q$5^4*EXP((-1/PI())*(2*PI()/$Q$5)^4*A17^-4)) -> 6.6733569e+08 | R17: =$B$4*(B17^2)*($D$4^2*(2*PI())^4*A17^-5/4/PI()/$R$5^4*EXP((-1/PI())*(2*PI()/$R$5)^4*A17^-4)) -> 5.7017411e+08 | S17: =$B$4*(B17^2)*($D$4^2*(2*PI())^4*A17^-5/4/PI()/$S$5^4*EXP((-1/PI())*(2*PI()/$S$5)^4*A17^-4)) -> 4.8408164e+08
... A46: ='3.M0_VBM_0'!A46 -> 1.2 | B46: ='2.VBM_RAO'!N46 -> 54689.852 | D46: =$B$4*(B46^2)*($D$4^2*(2*PI())^4*A46^-5/4/PI()/$D$5^4*EXP((-1/PI())*(2*PI()/$D$5)^4*A46^-4)) -> 1449849.9 | E46: =$B$4*(B46^2)*($D$4^2*(2*PI())^4*A46^-5/4/PI()/$E$5^4*EXP((-1/PI())*(2*PI()/$E$5)^4*A46^-4)) -> 1458011.2 | F46: =$B$4*(B46^2)*($D$4^2*(2*PI())^4*A46^-5/4/PI()/$F$5^4*EXP((-1/PI())*(2*PI()/$F$5)^4*A46^-4)) -> 901563.5 | G46: =$B$4*(B46^2)*($D$4^2*(2*PI())^4*A46^-5/4/PI()/$G$5^4*EXP((-1/PI())*(2*PI()/$G$5)^4*A46^-4)) -> 524969.74 | H46: =$B$4*(B46^2)*($D$4^2*(2*PI())^4*A46^-5/4/PI()/$H$5^4*EXP((-1/PI())*(2*PI()/$H$5)^4*A46^-4)) -> 313986.62 | I46: =$B$4*(B46^2)*($D$4^2*(2*PI())^4*A46^-5/4/PI()/$I$5^4*EXP((-1/PI())*(2*PI()/$I$5)^4*A46^-4)) -> 196071.49 | J46: =$B$4*(B46^2)*($D$4^2*(2*PI())^4*A46^-5/4/PI()/$J$5^4*EXP((-1/PI())*(2*PI()/$J$5)^4*A46^-4)) -> 127744.95 | K46: =$B$4*(B46^2)*($D$4^2*(2*PI())^4*A46^-5/4/PI()/$K$5^4*EXP((-1/PI())*(2*PI()/$K$5)^4*A46^-4)) -> 86434.952 | L46: =$B$4*(B46^2)*($D$4^2*(2*PI())^4*A46^-5/4/PI()/$L$5^4*EXP((-1/PI())*(2*PI()/$L$5)^4*A46^-4)) -> 60431.403 | M46: =$B$4*(B46^2)*($D$4^2*(2*PI())^4*A46^-5/4/PI()/$M$5^4*EXP((-1/PI())*(2*PI()/$M$5)^4*A46^-4)) -> 43460.909 | N46: =$B$4*(B46^2)*($D$4^2*(2*PI())^4*A46^-5/4/PI()/$N$5^4*EXP((-1/PI())*(2*PI()/$N$5)^4*A46^-4)) -> 32028.121 | O46: =$B$4*(B46^2)*($D$4^2*(2*PI())^4*A46^-5/4/PI()/$O$5^4*EXP((-1/PI())*(2*PI()/$O$5)^4*A46^-4)) -> 24108.614 | P46: =$B$4*(B46^2)*($D$4^2*(2*PI())^4*A46^-5/4/PI()/$P$5^4*EXP((-1/PI())*(2*PI()/$P$5)^4*A46^-4)) -> 18487.059 | Q46: =$B$4*(B46^2)*($D$4^2*(2*PI())^4*A46^-5/4/PI()/$Q$5^4*EXP((-1/PI())*(2*PI()/$Q$5)^4*A46^-4)) -> 14409.773 | R46: =$B$4*(B46^2)*($D$4^2*(2*PI())^4*A46^-5/4/PI()/$R$5^4*EXP((-1/PI())*(2*PI()/$R$5)^4*A46^-4)) -> 11395.535 | S46: =$B$4*(B46^2)*($D$4^2*(2*PI())^4*A46^-5/4/PI()/$S$5^4*EXP((-1/PI())*(2*PI()/$S$5)^4*A46^-4)) -> 9128.949
C47: sum | D47: =SUM(D6:D46) -> 38638348 | E47: =SUM(E6:E46) -> 1.8483732e+08 | F47: =SUM(F6:F46) -> 5.8172627e+08 | G47: =SUM(G6:G46) -> 1.4832186e+09 | H47: =SUM(H6:H46) -> 2.9329162e+09 | I47: =SUM(I6:I46) -> 4.5956729e+09 | J47: =SUM(J6:J46) -> 5.9763927e+09 | K47: =SUM(K6:K46) -> 6.7929426e+09 | ... S47: =SUM(S6:S46) -> 3.4164915e+09
A48: w0 | B48: =A51-A50 -> 0.02875 | C48: Hs | D48: 1.5
A49: w | B49: RAO(0) | C49: Tz | D49: 3.5 | E49: 4.5 | F49: 5.5 | G49: 6.5 | H49: 7.5 | I49: 8.5 | J49: 9.5 | K49: 10.5 | L49: 11.5 | M49: 12.5 | N49: 13.5 | O49: 14.5 | P49: 15.5 | Q49: 16.5 | R49: 17.5 | S49: 18.5
A50: ='3.M0_VBM_0'!A50 -> 0.05 | B50: =B6 -> 0 | D50: =$B$4*(B50^2)*($D$48^2*(2*PI())^4*A50^-5/4/PI()/$D$5^4*EXP((-1/PI())*(2*PI()/$D$5)^4*A50^-4)) -> 0 | E50: =$B$4*(B50^2)*($D$48^2*(2*PI())^4*A50^-5/4/PI()/$E$5^4*EXP((-1/PI())*(2*PI()/$E$5)^4*A50^-4)) -> 0 | F50: =$B$4*(B50^2)*($D$48^2*(2*PI())^4*A50^-5/4/PI()/$F$5^4*EXP((-1/PI())*(2*PI()/$F$5)^4*A50^-4)) -> 0 | G50: =$B$4*(B50^2)*($D$48^2*(2*PI())^4*A50^-5/4/PI()/$G$5^4*EXP((-1/PI())*(2*PI()/$G$5)^4*A50^-4)) -> 0 | H50: =$B$4*(B50^2)*($D$48^2*(2*PI())^4*A50^-5/4/PI()/$H$5^4*EXP((-1/PI())*(2*PI()/$H$5)^4*A50^-4)) -> 0 | I50: =$B$4*(B50^2)*($D$48^2*(2*PI())^4*A50^-5/4/PI()/$I$5^4*EXP((-1/PI())*(2*PI()/$I$5)^4*A50^-4)) -> 0 | J50: =$B$4*(B50^2)*($D$48^2*(2*PI())^4*A50^-5/4/PI()/$J$5^4*EXP((-1/PI())*(2*PI()/$J$5)^4*A50^-4)) -> 0 | K50: =$B$4*(B50^2)*($D$48^2*(2*PI())^4*A50^-5/4/PI()/$K$5^4*EXP((-1/PI())*(2*PI()/$K$5)^4*A50^-4)) -> 0 | L50: =$B$4*(B50^2)*($D$48^2*(2*PI())^4*A50^-5/4/PI()/$L$5^4*EXP((-1/PI())*(2*PI()/$L$5)^4*A50^-4)) -> 0 | M50: =$B$4*(B50^2)*($D$48^2*(2*PI())^4*A50^-5/4/PI()/$M$5^4*EXP((-1/PI())*(2*PI()/$M$5)^4*A50^-4)) -> 0 | N50: =$B$4*(B50^2)*($D$48^2*(2*PI())^4*A50^-5/4/PI()/$N$5^4*EXP((-1/PI())*(2*PI()/$N$5)^4*A50^-4)) -> 0 | O50: =$B$4*(B50^2)*($D$48^2*(2*PI())^4*A50^-5/4/PI()/$O$5^4*EXP((-1/PI())*(2*PI()/$O$5)^4*A50^-4)) -> 0 | P50: =$B$4*(B50^2)*($D$48^2*(2*PI())^4*A50^-5/4/PI()/$P$5^4*EXP((-1/PI())*(2*PI()/$P$5)^4*A50^-4)) -> 0 | Q50: =$B$4*(B50^2)*($D$48^2*(2*PI())^4*A50^-5/4/PI()/$Q$5^4*EXP((-1/PI())*(2*PI()/$Q$5)^4*A50^-4)) -> 0 | R50: =$B$4*(B50^2)*($D$48^2*(2*PI())^4*A50^-5/4/PI()/$R$5^4*EXP((-1/PI())*(2*PI()/$R$5)^4*A50^-4)) -> 0 | S50: =$B$4*(B50^2)*($D$48^2*(2*PI())^4*A50^-5/4/PI()/$S$5^4*EXP((-1/PI())*(2*PI()/$S$5)^4*A50^-4)) -> 0
A51: ='3.M0_VBM_0'!A51 -> 0.07875 | B51: =B7 -> 2000.8482 | D51: =$B$4*(B51^2)*($D$48^2*(2*PI())^4*A51^-5/4/PI()/$D$5^4*EXP((-1/PI())*(2*PI()/$D$5)^4*A51^-4)) -> 0 | E51: =$B$4*(B51^2)*($D$48^2*(2*PI())^4*A51^-5/4/PI()/$E$5^4*EXP((-1/PI())*(2*PI()/$E$5)^4*A51^-4)) -> 0 | F51: =$B$4*(B51^2)*($D$48^2*(2*PI())^4*A51^-5/4/PI()/$F$5^4*EXP((-1/PI())*(2*PI()/$F$5)^4*A51^-4)) -> 0 | G51: =$B$4*(B51^2)*($D$48^2*(2*PI())^4*A51^-5/4/PI()/$G$5^4*EXP((-1/PI())*(2*PI()/$G$5)^4*A51^-4)) -> 0 | H51: =$B$4*(B51^2)*($D$48^2*(2*PI())^4*A51^-5/4/PI()/$H$5^4*EXP((-1/PI())*(2*PI()/$H$5)^4*A51^-4)) -> 0 | I51: =$B$4*(B51^2)*($D$48^2*(2*PI())^4*A51^-5/4/PI()/$I$5^4*EXP((-1/PI())*(2*PI()/$I$5)^4*A51^-4)) -> 0 | J51: =$B$4*(B51^2)*($D$48^2*(2*PI())^4*A51^-5/4/PI()/$J$5^4*EXP((-1/PI())*(2*PI()/$J$5)^4*A51^-4)) -> 0 | K51: =$B$4*(B51^2)*($D$48^2*(2*PI())^4*A51^-5/4/PI()/$K$5^4*EXP((-1/PI())*(2*PI()/$K$5)^4*A51^-4)) -> 0 | L51: =$B$4*(B51^2)*($D$48^2*(2*PI())^4*A51^-5/4/PI()/$L$5^4*EXP((-1/PI())*(2*PI()/$L$5)^4*A51^-4)) -> 0 | M51: =$B$4*(B51^2)*($D$48^2*(2*PI())^4*A51^-5/4/PI()/$M$5^4*EXP((-1/PI())*(2*PI()/$M$5)^4*A51^-4)) -> 1.4976969e-221 | N51: =$B$4*(B51^2)*($D$48^2*(2*PI())^4*A51^-5/4/PI()/$N$5^4*EXP((-1/PI())*(2*PI()/$N$5)^4*A51^-4)) -> 6.957061e-161 | O51: =$B$4*(B51^2)*($D$48^2*(2*PI())^4*A51^-5/4/PI()/$O$5^4*EXP((-1/PI())*(2*PI()/$O$5)^4*A51^-4)) -> 4.4665246e-119 | P51: =$B$4*(B51^2)*($D$48^2*(2*PI())^4*A51^-5/4/PI()/$P$5^4*EXP((-1/PI())*(2*PI()/$P$5)^4*A51^-4)) -> 1.6129624e-89 | Q51: =$B$4*(B51^2)*($D$48^2*(2*PI())^4*A51^-5/4/PI()/$Q$5^4*EXP((-1/PI())*(2*PI()/$Q$5)^4*A51^-4)) -> 3.7497628e-68 | R51: =$B$4*(B51^2)*($D$48^2*(2*PI())^4*A51^-5/4/PI()/$R$5^4*EXP((-1/PI())*(2*PI()/$R$5)^4*A51^-4)) -> 2.1008596e-52 | S51: =$B$4*(B51^2)*($D$48^2*(2*PI())^4*A51^-5/4/PI()/$S$5^4*EXP((-1/PI())*(2*PI()/$S$5)^4*A51^-4)) -> 1.3512717e-40
A52: ='3.M0_VBM_0'!A52 -> 0.1075 | B52: =B8 -> 8670.3424 | D52: =$B$4*(B52^2)*($D$48^2*(2*PI())^4*A52^-5/4/PI()/$D$5^4*EXP((-1/PI())*(2*PI()/$D$5)^4*A52^-4)) -> 0 | E52: =$B$4*(B52^2)*($D$48^2*(2*PI())^4*A52^-5/4/PI()/$E$5^4*EXP((-1/PI())*(2*PI()/$E$5)^4*A52^-4)) -> 0 | F52: =$B$4*(B52^2)*($D$48^2*(2*PI())^4*A52^-5/4/PI()/$F$5^4*EXP((-1/PI())*(2*PI()/$F$5)^4*A52^-4)) -> 0 | G52: =$B$4*(B52^2)*($D$48^2*(2*PI())^4*A52^-5/4/PI()/$G$5^4*EXP((-1/PI())*(2*PI()/$G$5)^4*A52^-4)) -> 0 | H52: =$B$4*(B52^2)*($D$48^2*(2*PI())^4*A52^-5/4/PI()/$H$5^4*EXP((-1/PI())*(2*PI()/$H$5)^4*A52^-4)) -> 0 | I52: =$B$4*(B52^2)*($D$48^2*(2*PI())^4*A52^-5/4/PI()/$I$5^4*EXP((-1/PI())*(2*PI()/$I$5)^4*A52^-4)) -> 6.991656e-300 | J52: =$B$4*(B52^2)*($D$48^2*(2*PI())^4*A52^-5/4/PI()/$J$5^4*EXP((-1/PI())*(2*PI()/$J$5)^4*A52^-4)) -> 4.3581691e-189 | K52: =$B$4*(B52^2)*($D$48^2*(2*PI())^4*A52^-5/4/PI()/$K$5^4*EXP((-1/PI())*(2*PI()/$K$5)^4*A52^-4)) -> 6.4641093e-124 | L52: =$B$4*(B52^2)*($D$48^2*(2*PI())^4*A52^-5/4/PI()/$L$5^4*EXP((-1/PI())*(2*PI()/$L$5)^4*A52^-4)) -> 1.3758543e-83 | M52: =$B$4*(B52^2)*($D$48^2*(2*PI())^4*A52^-5/4/PI()/$M$5^4*EXP((-1/PI())*(2*PI()/$M$5)^4*A52^-4)) -> 1.4262751e-57 | N52: =$B$4*(B52^2)*($D$48^2*(2*PI())^4*A52^-5/4/PI()/$N$5^4*EXP((-1/PI())*(2*PI()/$N$5)^4*A52^-4)) -> 3.3895146e-40 | O52: =$B$4*(B52^2)*($D$48^2*(2*PI())^4*A52^-5/4/PI()/$O$5^4*EXP((-1/PI())*(2*PI()/$O$5)^4*A52^-4)) -> 3.0314798e-28 | P52: =$B$4*(B52^2)*($D$48^2*(2*PI())^4*A52^-5/4/PI()/$P$5^4*EXP((-1/PI())*(2*PI()/$P$5)^4*A52^-4)) -> 8.1526059e-20 | Q52: =$B$4*(B52^2)*($D$48^2*(2*PI())^4*A52^-5/4/PI()/$Q$5^4*EXP((-1/PI())*(2*PI()/$Q$5)^4*A52^-4)) -> 9.708252e-14 | R52: =$B$4*(B52^2)*($D$48^2*(2*PI())^4*A52^-5/4/PI()/$R$5^4*EXP((-1/PI())*(2*PI()/$R$5)^4*A52^-4)) -> 2.8160927e-09 | S52: =$B$4*(B52^2)*($D$48^2*(2*PI())^4*A52^-5/4/PI()/$S$5^4*EXP((-1/PI())*(2*PI()/$S$5)^4*A52^-4)) -> 6.0468271e-06
A53: ='3.M0_VBM_0'!A53 -> 0.13625 | B53: =B9 -> 23343.23 | D53: =$B$4*(B53^2)*($D$48^2*(2*PI())^4*A53^-5/4/PI()/$D$5^4*EXP((-1/PI())*(2*PI()/$D$5)^4*A53^-4)) -> 0 | E53: =$B$4*(B53^2)*($D$48^2*(2*PI())^4*A53^-5/4/PI()/$E$5^4*EXP((-1/PI())*(2*PI()/$E$5)^4*A53^-4)) -> 0 | F53: =$B$4*(B53^2)*($D$48^2*(2*PI())^4*A53^-5/4/PI()/$F$5^4*EXP((-1/PI())*(2*PI()/$F$5)^4*A53^-4)) -> 0 | G53: =$B$4*(B53^2)*($D$48^2*(2*PI())^4*A53^-5/4/PI()/$G$5^4*EXP((-1/PI())*(2*PI()/$G$5)^4*A53^-4)) -> 0 | H53: =$B$4*(B53^2)*($D$48^2*(2*PI())^4*A53^-5/4/PI()/$H$5^4*EXP((-1/PI())*(2*PI()/$H$5)^4*A53^-4)) -> 7.5805525e-188 | I53: =$B$4*(B53^2)*($D$48^2*(2*PI())^4*A53^-5/4/PI()/$I$5^4*EXP((-1/PI())*(2*PI()/$I$5)^4*A53^-4)) -> 3.0596663e-110 | J53: =$B$4*(B53^2)*($D$48^2*(2*PI())^4*A53^-5/4/PI()/$J$5^4*EXP((-1/PI())*(2*PI()/$J$5)^4*A53^-4)) -> 2.0039099e-67 | K53: =$B$4*(B53^2)*($D$48^2*(2*PI())^4*A53^-5/4/PI()/$K$5^4*EXP((-1/PI())*(2*PI()/$K$5)^4*A53^-4)) -> 2.8194742e-42 | L53: =$B$4*(B53^2)*($D$48^2*(2*PI())^4*A53^-5/4/PI()/$L$5^4*EXP((-1/PI())*(2*PI()/$L$5)^4*A53^-4)) -> 9.573676e-27 | M53: =$B$4*(B53^2)*($D$48^2*(2*PI())^4*A53^-5/4/PI()/$M$5^4*EXP((-1/PI())*(2*PI()/$M$5)^4*A53^-4)) -> 9.4143821e-17 | N53: =$B$4*(B53^2)*($D$48^2*(2*PI())^4*A53^-5/4/PI()/$N$5^4*EXP((-1/PI())*(2*PI()/$N$5)^4*A53^-4)) -> 4.2201682e-10 | O53: =$B$4*(B53^2)*($D$48^2*(2*PI())^4*A53^-5/4/PI()/$O$5^4*EXP((-1/PI())*(2*PI()/$O$5)^4*A53^-4)) -> 1.5159411e-05 | P53: =$B$4*(B53^2)*($D$48^2*(2*PI())^4*A53^-5/4/PI()/$P$5^4*EXP((-1/PI())*(2*PI()/$P$5)^4*A53^-4)) -> 0.023786485 | Q53: =$B$4*(B53^2)*($D$48^2*(2*PI())^4*A53^-5/4/PI()/$Q$5^4*EXP((-1/PI())*(2*PI()/$Q$5)^4*A53^-4)) -> 4.6162139 | R53: =$B$4*(B53^2)*($D$48^2*(2*PI())^4*A53^-5/4/PI()/$R$5^4*EXP((-1/PI())*(2*PI()/$R$5)^4*A53^-4)) -> 214.27179 | S53: =$B$4*(B53^2)*($D$48^2*(2*PI())^4*A53^-5/4/PI()/$S$5^4*EXP((-1/PI())*(2*PI()/$S$5)^4*A53^-4)) -> 3655.8679
A54: ='3.M0_VBM_0'!A54 -> 0.165 | B54: =B10 -> 51355.105 | D54: =$B$4*(B54^2)*($D$48^2*(2*PI())^4*A54^-5/4/PI()/$D$5^4*EXP((-1/PI())*(2*PI()/$D$5)^4*A54^-4)) -> 0 | E54: =$B$4*(B54^2)*($D$48^2*(2*PI())^4*A54^-5/4/PI()/$E$5^4*EXP((-1/PI())*(2*PI()/$E$5)^4*A54^-4)) -> 0 | F54: =$B$4*(B54^2)*($D$48^2*(2*PI())^4*A54^-5/4/PI()/$F$5^4*EXP((-1/PI())*(2*PI()/$F$5)^4*A54^-4)) -> 0 | G54: =$B$4*(B54^2)*($D$48^2*(2*PI())^4*A54^-5/4/PI()/$G$5^4*EXP((-1/PI())*(2*PI()/$G$5)^4*A54^-4)) -> 1.3965891e-152 | H54: =$B$4*(B54^2)*($D$48^2*(2*PI())^4*A54^-5/4/PI()/$H$5^4*EXP((-1/PI())*(2*PI()/$H$5)^4*A54^-4)) -> 7.3784769e-82 | I54: =$B$4*(B54^2)*($D$48^2*(2*PI())^4*A54^-5/4/PI()/$I$5^4*EXP((-1/PI())*(2*PI()/$I$5)^4*A54^-4)) -> 6.8369468e-46 | J54: =$B$4*(B54^2)*($D$48^2*(2*PI())^4*A54^-5/4/PI()/$J$5^4*EXP((-1/PI())*(2*PI()/$J$5)^4*A54^-4)) -> 4.3557155e-26 | K54: =$B$4*(B54^2)*($D$48^2*(2*PI())^4*A54^-5/4/PI()/$K$5^4*EXP((-1/PI())*(2*PI()/$K$5)^4*A54^-4)) -> 1.7331672e-14 | L54: =$B$4*(B54^2)*($D$48^2*(2*PI())^4*A54^-5/4/PI()/$L$5^4*EXP((-1/PI())*(2*PI()/$L$5)^4*A54^-4)) -> 2.3738245e-07 | M54: =$B$4*(B54^2)*($D$48^2*(2*PI())^4*A54^-5/4/PI()/$M$5^4*EXP((-1/PI())*(2*PI()/$M$5)^4*A54^-4)) -> 0.0087923071 | N54: =$B$4*(B54^2)*($D$48^2*(2*PI())^4*A54^-5/4/PI()/$N$5^4*EXP((-1/PI())*(2*PI()/$N$5)^4*A54^-4)) -> 9.2306239 | O54: =$B$4*(B54^2)*($D$48^2*(2*PI())^4*A54^-5/4/PI()/$O$5^4*EXP((-1/PI())*(2*PI()/$O$5)^4*A54^-4)) -> 1039.544 | P54: =$B$4*(B54^2)*($D$48^2*(2*PI())^4*A54^-5/4/PI()/$P$5^4*EXP((-1/PI())*(2*PI()/$P$5)^4*A54^-4)) -> 27585.796 | Q54: =$B$4*(B54^2)*($D$48^2*(2*PI())^4*A54^-5/4/PI()/$Q$5^4*EXP((-1/PI())*(2*PI()/$Q$5)^4*A54^-4)) -> 279492.12 | R54: =$B$4*(B54^2)*($D$48^2*(2*PI())^4*A54^-5/4/PI()/$R$5^4*EXP((-1/PI())*(2*PI()/$R$5)^4*A54^-4)) -> 1467603.4 | S54: =$B$4*(B54^2)*($D$48^2*(2*PI())^4*A54^-5/4/PI()/$S$5^4*EXP((-1/PI())*(2*PI()/$S$5)^4*A54^-4)) -> 4872970.5
