Workbook

Sheet Wave spectrum(mo_sample)
A1: Hs | B1: 1
A2: Tz | B2: 3.5
A3: w0 | B3: Wave spetrum | C3: RAO^2 | D3: Respone spectrum | E3: Mo
A4: 0.05 | B4: =$B$1^2*(2*PI())^4*A4^-5/4/PI()/$B$2^4*EXP((-1/PI())*(2*PI()/$B$2)^4*A4^-4) -> 0 | C4: =VBM_RAO!D6^2 -> 2.8561e-06 | D4: =B4*C4 -> 0 | E4: =D4*(A5-A4) -> 0
A5: 0.07875 | B5: =$B$1^2*(2*PI())^4*A5^-5/4/PI()/$B$2^4*EXP((-1/PI())*(2*PI()/$B$2)^4*A5^-4) -> 0 | C5: =VBM_RAO!D7^2 -> 1.74724e-05 | D5: =B5*C5 -> 0 | E5: =D5*(A6-A5) -> 0
A6: 0.1075 | B6: =$B$1^2*(2*PI())^4*A6^-5/4/PI()/$B$2^4*EXP((-1/PI())*(2*PI()/$B$2)^4*A6^-4) -> 0 | C6: =VBM_RAO!D8^2 -> 6.60969e-05 | D6: =B6*C6 -> 0 | E6: =D6*(A7-A6) -> 0
A7: 0.13625 | B7: =$B$1^2*(2*PI())^4*A7^-5/4/PI()/$B$2^4*EXP((-1/PI())*(2*PI()/$B$2)^4*A7^-4) -> 0 | C7: =VBM_RAO!D9^2 -> 0.0001478656 | D7: =B7*C7 -> 0 | E7: =D7*(A8-A7) -> 0
A8: 0.165 | B8: =$B$1^2*(2*PI())^4*A8^-5/4/PI()/$B$2^4*EXP((-1/PI())*(2*PI()/$B$2)^4*A8^-4) -> 0 | C8: =VBM_RAO!D10^2 -> 0.0001846881 | D8: =B8*C8 -> 0 | E8: =D8*(A9-A8) -> 0
A9: 0.19375 | B9: =$B$1^2*(2*PI())^4*A9^-5/4/PI()/$B$2^4*EXP((-1/PI())*(2*PI()/$B$2)^4*A9^-4) -> 0 | C9: =VBM_RAO!D11^2 -> 0.0001026169 | D9: =B9*C9 -> 0 | E9: =D9*(A10-A9) -> 0
A10: 0.2225 | B10: =$B$1^2*(2*PI())^4*A10^-5/4/PI()/$B$2^4*EXP((-1/PI())*(2*PI()/$B$2)^4*A10^-4) -> 0 | C10: =VBM_RAO!D12^2 -> 8.4681e-06 | D10: =B10*C10 -> 0 | E10: =D10*(A11-A10) -> 0
A11: 0.25125 | B11: =$B$1^2*(2*PI())^4*A11^-5/4/PI()/$B$2^4*EXP((-1/PI())*(2*PI()/$B$2)^4*A11^-4) -> 0 | C11: =VBM_RAO!D13^2 -> 1.56816e-05 | D11: =B11*C11 -> 0 | E11: =D11*(A12-A11) -> 0
A12: 0.28 | B12: =$B$1^2*(2*PI())^4*A12^-5/4/PI()/$B$2^4*EXP((-1/PI())*(2*PI()/$B$2)^4*A12^-4) -> 1.2414852e-231 | C12: =VBM_RAO!D14^2 -> 2.16225e-05 | D12: =B12*C12 -> 2.6844013e-236 | E12: =D12*(A13-A12) -> 7.7176538e-238
A13: 0.30875 | B13: =$B$1^2*(2*PI())^4*A13^-5/4/PI()/$B$2^4*EXP((-1/PI())*(2*PI()/$B$2)^4*A13^-4) -> 2.9537457e-156 | C13: =VBM_RAO!D15^2 -> 6.5025e-06 | D13: =B13*C13 -> 1.9206732e-161 | E13: =D13*(A14-A13) -> 5.5219354e-163
A14: 0.3375 | B14: =$B$1^2*(2*PI())^4*A14^-5/4/PI()/$B$2^4*EXP((-1/PI())*(2*PI()/$B$2)^4*A14^-4) -> 4.1390238e-109 | C14: =VBM_RAO!D16^2 -> 1.03041e-05 | D14: =B14*C14 -> 4.2648915e-114 | E14: =D14*(A15-A14) -> 1.2261563e-115
A15: 0.36625 | B15: =$B$1^2*(2*PI())^4*A15^-5/4/PI()/$B$2^4*EXP((-1/PI())*(2*PI()/$B$2)^4*A15^-4) -> 2.0145219e-78 | C15: =VBM_RAO!D17^2 -> 5.1984e-06 | D15: =B15*C15 -> 1.0472291e-83 | E15: =D15*(A16-A15) -> 3.0107836e-85
... A19: 0.48125 | B19: =$B$1^2*(2*PI())^4*A19^-5/4/PI()/$B$2^4*EXP((-1/PI())*(2*PI()/$B$2)^4*A19^-4) -> 5.4757209e-26 | C19: =VBM_RAO!D21^2 -> 2.1904e-06 | D19: =B19*C19 -> 1.1994019e-31 | E19: =D19*(A20-A19) -> 3.4482805e-33
A20: 0.51 | B20: =$B$1^2*(2*PI())^4*A20^-5/4/PI()/$B$2^4*EXP((-1/PI())*(2*PI()/$B$2)^4*A20^-4) -> 1.43439e-20 | C20: =VBM_RAO!D22^2 -> 1.2769e-06 | D20: =B20*C20 -> 1.8315725e-26 | E20: =D20*(A21-A20) -> 5.2657711e-28 | Q20: World wide wave scatter diagram
A21: 0.53875 | B21: =$B$1^2*(2*PI())^4*A21^-5/4/PI()/$B$2^4*EXP((-1/PI())*(2*PI()/$B$2)^4*A21^-4) -> 1.6513096e-16 | C21: =VBM_RAO!D23^2 -> 1.0609e-06 | D21: =B21*C21 -> 1.7518744e-22 | E21: =D21*(A22-A21) -> 5.0366389e-24 | R21: 3.5 | S21: 4.5 | T21: 5.5 | U21: 6.5 | V21: 7.5 | W21: 8.5 | X21: 9.5 | Y21: 10.5 | Z21: 11.5 | AA21: 12.5 | AB21: 13.5 | AC21: 14.5 | AD21: 15.5 | AE21: 16.5 | AF21: 17.5
A22: 0.5675 | B22: =$B$1^2*(2*PI())^4*A22^-5/4/PI()/$B$2^4*EXP((-1/PI())*(2*PI()/$B$2)^4*A22^-4) -> 2.0173856e-13 | C22: =VBM_RAO!D24^2 -> 5.625e-07 | D22: =B22*C22 -> 1.1347794e-19 | E22: =D22*(A23-A22) -> 3.2624909e-21 | Q22: 1 | R22: 311 | S22: 2734 | T22: 6402 | U22: 7132 | V22: 5071 | W22: 2711 | X22: 1202 | Y22: 470 | Z22: 169 | AA22: 57 | AB22: 19 | AC22: 6 | AD22: 2 | AE22: 1 | AF22: 0
A23: 0.59625 | B23: =$B$1^2*(2*PI())^4*A23^-5/4/PI()/$B$2^4*EXP((-1/PI())*(2*PI()/$B$2)^4*A23^-4) -> 4.790285e-11 | C23: =VBM_RAO!D25^2 -> 1.764e-07 | D23: =B23*C23 -> 8.4500628e-18 | E23: =D23*(A24-A23) -> 2.4293931e-19 | Q23: 2 | R23: 20 | S23: 764 | T23: 4453 | U23: 8841 | V23: 9045 | W23: 6020 | X23: 3000 | Y23: 1225 | Z23: 435 | AA23: 140 | AB23: 42 | AC23: 12 | AD23: 3 | AE23: 1 | AF23: 0
A24: 0.625 | B24: =$B$1^2*(2*PI())^4*A24^-5/4/PI()/$B$2^4*EXP((-1/PI())*(2*PI()/$B$2)^4*A24^-4) -> 3.3763161e-09 | C24: =VBM_RAO!D26^2 -> 4.41e-08 | D24: =B24*C24 -> 1.4889554e-16 | E24: =D24*(A25-A24) -> 4.2807468e-18 | Q24: 3 | R24: 0 | S24: 57 | T24: 902 | U24: 3474 | V24: 5549 | W24: 4973 | X24: 3004 | Y24: 1377 | Z24: 518 | AA24: 169 | AB24: 50 | AC24: 14 | AD24: 4 | AE24: 1 | AF24: 0
A25: 0.65375 | B25: =$B$1^2*(2*PI())^4*A25^-5/4/PI()/$B$2^4*EXP((-1/PI())*(2*PI()/$B$2)^4*A25^-4) -> 9.5489329e-08 | C25: =VBM_RAO!D27^2 -> 2.89e-08 | D25: =B25*C25 -> 2.7596416e-15 | E25: =D25*(A26-A25) -> 7.9339696e-17 | Q25: 4 | R25: 0 | S25: 4 | T25: 150 | U25: 1007 | V25: 2401 | W25: 2881 | X25: 2156 | Y25: 1154 | Z25: 485 | AA25: 171 | AB25: 53 | AC25: 15 | AD25: 4 | AE25: 1 | AF25: 0
A26: 0.6825 | B26: =$B$1^2*(2*PI())^4*A26^-5/4/PI()/$B$2^4*EXP((-1/PI())*(2*PI()/$B$2)^4*A26^-4) -> 1.3476346e-06 | C26: =VBM_RAO!D28^2 -> 3.24e-08 | D26: =B26*C26 -> 4.366336e-14 | E26: =D26*(A27-A26) -> 1.2553216e-15 | Q26: 5 | R26: 0 | S26: 0 | T26: 25 | U26: 258 | V26: 859 | W26: 1338 | X26: 1230 | Y26: 776 | Z26: 372 | AA26: 146 | AB26: 49 | AC26: 15 | AD26: 4 | AE26: 1 | AF26: 0
A27: 0.71125 | B27: =$B$1^2*(2*PI())^4*A27^-5/4/PI()/$B$2^4*EXP((-1/PI())*(2*PI()/$B$2)^4*A27^-4) -> 1.1136319e-05 | C27: =VBM_RAO!D29^2 -> 2.89e-08 | D27: =B27*C27 -> 3.2183961e-13 | E27: =D27*(A28-A27) -> 9.2528888e-15 | Q27: 6 | R27: 0 | S27: 0 | T27: 4 | U27: 63 | V27: 277 | W27: 540 | X27: 597 | Y27: 440 | Z27: 240 | AA27: 105 | AB27: 39 | AC27: 13 | AD27: 4 | AE27: 1 | AF27: 0
A28: 0.74 | B28: =$B$1^2*(2*PI())^4*A28^-5/4/PI()/$B$2^4*EXP((-1/PI())*(2*PI()/$B$2)^4*A28^-4) -> 6.0683548e-05 | C28: =VBM_RAO!D30^2 -> 2.56e-08 | D28: =B28*C28 -> 1.5534988e-12 | E28: =D28*(A29-A28) -> 4.4663091e-14 | Q28: 7 | R28: 0 | S28: 0 | T28: 1 | U28: 15 | V28: 84 | W28: 198 | X28: 258 | Y28: 219 | Z28: 136 | AA28: 66 | AB28: 27 | AC28: 10 | AD28: 3 | AE28: 1 | AF28: 0
A29: 0.76875 | B29: =$B$1^2*(2*PI())^4*A29^-5/4/PI()/$B$2^4*EXP((-1/PI())*(2*PI()/$B$2)^4*A29^-4) -> 0.00023843556 | C29: =VBM_RAO!D31^2 -> 2.56e-08 | D29: =B29*C29 -> 6.1039502e-12 | E29: =D29*(A30-A29) -> 1.7548857e-13 | Q29: 8 | R29: 0 | S29: 0 | T29: 0 | U29: 4 | V29: 25 | W29: 69 | X29: 103 | Y29: 99 | Z29: 69 | AA29: 37 | AB29: 17 | AC29: 6 | AD29: 2 | AE29: 1 | AF29: 0
A30: 0.7975 | B30: =$B$1^2*(2*PI())^4*A30^-5/4/PI()/$B$2^4*EXP((-1/PI())*(2*PI()/$B$2)^4*A30^-4) -> 0.00072302131 | C30: =VBM_RAO!D32^2 -> 2.56e-08 | D30: =B30*C30 -> 1.8509345e-11 | E30: =D30*(A31-A30) -> 5.3214368e-13 | Q30: 9 | R30: 0 | S30: 0 | T30: 0 | U30: 1 | V30: 7 | W30: 23 | X30: 39 | Y30: 42 | Z30: 32 | AA30: 19 | AB30: 9 | AC30: 4 | AD30: 1 | AE30: 1 | AF30: 0
A31: 0.82625 | B31: =$B$1^2*(2*PI())^4*A31^-5/4/PI()/$B$2^4*EXP((-1/PI())*(2*PI()/$B$2)^4*A31^-4) -> 0.0017826919 | C31: =VBM_RAO!D33^2 -> 3.6e-09 | D31: =B31*C31 -> 6.4176907e-12 | E31: =D31*(A32-A31) -> 1.8450861e-13 | Q31: 10 | R31: 0 | S31: 0 | T31: 0 | U31: 0 | V31: 2 | W31: 7 | X31: 14 | Y31: 16 | Z31: 14 | AA31: 9 | AB31: 5 | AC31: 2 | AD31: 1 | AE31: 0 | AF31: 0
A32: 0.855 | B32: =$B$1^2*(2*PI())^4*A32^-5/4/PI()/$B$2^4*EXP((-1/PI())*(2*PI()/$B$2)^4*A32^-4) -> 0.003721505 | C32: =VBM_RAO!D34^2 -> 1.69e-08 | D32: =B32*C32 -> 6.2893435e-11 | E32: =D32*(A33-A32) -> 1.8081863e-12 | Q32: 11 | R32: 0 | S32: 0 | T32: 0 | U32: 0 | V32: 1 | W32: 2 | X32: 5 | Y32: 6 | Z32: 6 | AA32: 4 | AB32: 2 | AC32: 1 | AD32: 1 | AE32: 0 | AF32: 0
A33: 0.88375 | B33: =$B$1^2*(2*PI())^4*A33^-5/4/PI()/$B$2^4*EXP((-1/PI())*(2*PI()/$B$2)^4*A33^-4) -> 0.0067892262 | C33: =VBM_RAO!D35^2 -> 4.41e-08 | D33: =B33*C33 -> 2.9940487e-10 | E33: =D33*(A34-A33) -> 8.6078901e-12 | Q33: 12 | R33: 0 | S33: 0 | T33: 0 | U33: 0 | V33: 0 | W33: 1 | X33: 2 | Y33: 2 | Z33: 2 | AA33: 2 | AB33: 1 | AC33: 1 | AD33: 0 | AE33: 0 | AF33: 0
... A35: 0.94125 | B35: =$B$1^2*(2*PI())^4*A35^-5/4/PI()/$B$2^4*EXP((-1/PI())*(2*PI()/$B$2)^4*A35^-4) -> 0.016577156 | C35: =VBM_RAO!D37^2 -> 1.764e-07 | D35: =B35*C35 -> 2.9242103e-09 | E35: =D35*(A36-A35) -> 8.4071046e-11 | Q35: 14 | R35: 0 | S35: 0 | T35: 0 | U35: 0 | V35: 0 | W35: 0 | X35: 0 | Y35: 0 | Z35: 1 | AA35: 0 | AB35: 0 | AC35: 0 | AD35: 0 | AE35: 0 | AF35: 0
A36: 0.97 | B36: =$B$1^2*(2*PI())^4*A36^-5/4/PI()/$B$2^4*EXP((-1/PI())*(2*PI()/$B$2)^4*A36^-4) -> 0.0229926 | C36: =VBM_RAO!D38^2 -> 4.356e-07 | D36: =B36*C36 -> 1.0015577e-08 | E36: =D36*(A37-A36) -> 2.8794783e-10
A37: 0.99875 | B37: =$B$1^2*(2*PI())^4*A37^-5/4/PI()/$B$2^4*EXP((-1/PI())*(2*PI()/$B$2)^4*A37^-4) -> 0.029991112 | C37: =VBM_RAO!D39^2 -> 1.21e-06 | D37: =B37*C37 -> 3.6289245e-08 | E37: =D37*(A38-A37) -> 1.0433158e-09
A38: 1.0275 | B38: =$B$1^2*(2*PI())^4*A38^-5/4/PI()/$B$2^4*EXP((-1/PI())*(2*PI()/$B$2)^4*A38^-4) -> 0.03717183 | C38: =VBM_RAO!D40^2 -> 4.225e-07 | D38: =B38*C38 -> 1.5705098e-08 | E38: =D38*(A39-A38) -> 4.5152158e-10
A39: 1.05625 | B39: =$B$1^2*(2*PI())^4*A39^-5/4/PI()/$B$2^4*EXP((-1/PI())*(2*PI()/$B$2)^4*A39^-4) -> 0.04414801 | C39: =VBM_RAO!D41^2 -> 8.836e-07 | D39: =B39*C39 -> 3.9009182e-08 | E39: =D39*(A40-A39) -> 1.121514e-09
A40: 1.085 | B40: =$B$1^2*(2*PI())^4*A40^-5/4/PI()/$B$2^4*EXP((-1/PI())*(2*PI()/$B$2)^4*A40^-4) -> 0.050591962 | C40: =VBM_RAO!D42^2 -> 4.9e-07 | D40: =B40*C40 -> 2.4790061e-08 | E40: =D40*(A41-A40) -> 7.1271426e-10
A41: 1.11375 | B41: =$B$1^2*(2*PI())^4*A41^-5/4/PI()/$B$2^4*EXP((-1/PI())*(2*PI()/$B$2)^4*A41^-4) -> 0.056259141 | C41: =VBM_RAO!D43^2 -> 3.249e-07 | D41: =B41*C41 -> 1.8278595e-08 | E41: =D41*(A42-A41) -> 5.255096e-10
A42: 1.1425 | B42: =$B$1^2*(2*PI())^4*A42^-5/4/PI()/$B$2^4*EXP((-1/PI())*(2*PI()/$B$2)^4*A42^-4) -> 0.06099407 | C42: =VBM_RAO!D44^2 -> 3.844e-07 | D42: =B42*C42 -> 2.3446121e-08 | E42: =D42*(A43-A42) -> 6.7407597e-10
A43: 1.17125 | B43: =$B$1^2*(2*PI())^4*A43^-5/4/PI()/$B$2^4*EXP((-1/PI())*(2*PI()/$B$2)^4*A43^-4) -> 0.064723475 | C43: =VBM_RAO!D45^2 -> 1.681e-07 | D43: =B43*C43 -> 1.0880016e-08 | E43: =D43*(A44-A43) -> 3.1280046e-10
A44: 1.2 | B44: =$B$1^2*(2*PI())^4*A44^-5/4/PI()/$B$2^4*EXP((-1/PI())*(2*PI()/$B$2)^4*A44^-4) -> 0.067442195 | C44: =VBM_RAO!D46^2 -> 1.681e-07 | D44: =B44*C44 -> 1.1337033e-08 | E44: =D44*(A45-A44) -> 3.259397e-10
A45: 1.22875 | D45: sum | E45: =SUM(E4:E44) -> 5.5794878e-09

Sheet VBM_RAO
A1: 9 | B1: Vertical | C1: Bending | D1: Moment(14 | E1: Station)
A3: A. | B3: Non | C3: Dimensional | D3: Amplitude | E3: per | F3: Unit | G3: Wave | H3: Amplitude(/rho*g*L**2*B | I3: /a) | M3: 차원화(=RAO*rho*g*L^2*B)
B4: ****************************************************************************************************
B5: NO | C5: Wo(rad/sec) | D5: 0 | E5: 30 | F5: 60 | G5: 90 | H5: 120 | I5: 150 | J5: 180 | M5: 0 | N5: 30 | O5: 60 | P5: 90 | Q5: 120 | R5: 150 | S5: 180
B6: 1 | C6: 0.2 | D6: 0.00169 | E6: 0.00132 | F6: 0.00057 | G6: 0.00017 | H6: 0.00058 | I6: 0.00133 | J6: 0.0017 | L6: =C6 -> 0.2 | M6: =D6*1.024*9.81*286^2*48.2 -> 66932.15 | N6: =E6*1.024*9.81*286^2*48.2 -> 52278.365 | O6: =F6*1.024*9.81*286^2*48.2 -> 22574.749 | P6: =G6*1.024*9.81*286^2*48.2 -> 6732.8198 | Q6: =H6*1.024*9.81*286^2*48.2 -> 22970.797 | R6: =I6*1.024*9.81*286^2*48.2 -> 52674.414 | S6: =J6*1.024*9.81*286^2*48.2 -> 67328.198
B7: 2 | C7: 0.26542 | D7: 0.00418 | E7: 0.00318 | F7: 0.00112 | G7: 2e-05 | H7: 0.00113 | I7: 0.00314 | J7: 0.0041 | L7: =C7 -> 0.26542 | M7: =D7*1.024*9.81*286^2*48.2 -> 165548.16 | N7: =E7*1.024*9.81*286^2*48.2 -> 125943.33 | O7: =F7*1.024*9.81*286^2*48.2 -> 44357.401 | P7: =G7*1.024*9.81*286^2*48.2 -> 792.09645 | Q7: =H7*1.024*9.81*286^2*48.2 -> 44753.449 | R7: =I7*1.024*9.81*286^2*48.2 -> 124359.14 | S7: =J7*1.024*9.81*286^2*48.2 -> 162379.77
B8: 3 | C8: 0.33083 | D8: 0.00813 | E8: 0.00625 | F8: 0.00215 | G8: 0.00011 | H8: 0.00211 | I8: 0.00598 | J8: 0.00774 | L8: =C8 -> 0.33083 | M8: =D8*1.024*9.81*286^2*48.2 -> 321987.2 | N8: =E8*1.024*9.81*286^2*48.2 -> 247530.14 | O8: =F8*1.024*9.81*286^2*48.2 -> 85150.368 | P8: =G8*1.024*9.81*286^2*48.2 -> 4356.5304 | Q8: =H8*1.024*9.81*286^2*48.2 -> 83566.175 | R8: =I8*1.024*9.81*286^2*48.2 -> 236836.84 | S8: =J8*1.024*9.81*286^2*48.2 -> 306541.32
B9: 4 | C9: 0.39625 | D9: 0.01216 | E9: 0.00966 | F9: 0.00356 | G9: 0.00016 | H9: 0.00364 | I9: 0.01036 | J9: 0.01318 | L9: =C9 -> 0.39625 | M9: =D9*1.024*9.81*286^2*48.2 -> 481594.64 | N9: =E9*1.024*9.81*286^2*48.2 -> 382582.58 | O9: =F9*1.024*9.81*286^2*48.2 -> 140993.17 | P9: =G9*1.024*9.81*286^2*48.2 -> 6336.7716 | Q9: =H9*1.024*9.81*286^2*48.2 -> 144161.55 | R9: =I9*1.024*9.81*286^2*48.2 -> 410305.96 | S9: =J9*1.024*9.81*286^2*48.2 -> 521991.56
B10: 5 | C10: 0.46167 | D10: 0.01359 | E10: 0.01151 | F10: 0.00511 | G10: 0.00011 | H10: 0.00651 | I10: 0.0157 | J10: 0.01821 | L10: =C10 -> 0.46167 | M10: =D10*1.024*9.81*286^2*48.2 -> 538229.53 | N10: =E10*1.024*9.81*286^2*48.2 -> 455851.5 | O10: =F10*1.024*9.81*286^2*48.2 -> 202380.64 | P10: =G10*1.024*9.81*286^2*48.2 -> 4356.5304 | Q10: =H10*1.024*9.81*286^2*48.2 -> 257827.39 | R10: =I10*1.024*9.81*286^2*48.2 -> 621795.71 | S10: =J10*1.024*9.81*286^2*48.2 -> 721203.81
B11: 6 | C11: 0.52708 | D11: 0.01013 | E11: 0.00992 | F11: 0.00673 | G11: 0.00031 | H11: 0.01029 | I11: 0.01751 | J11: 0.01759 | L11: =C11 -> 0.52708 | M11: =D11*1.024*9.81*286^2*48.2 -> 401196.85 | N11: =E11*1.024*9.81*286^2*48.2 -> 392879.84 | O11: =F11*1.024*9.81*286^2*48.2 -> 266540.45 | P11: =G11*1.024*9.81*286^2*48.2 -> 12277.495 | Q11: =H11*1.024*9.81*286^2*48.2 -> 407533.62 | R11: =I11*1.024*9.81*286^2*48.2 -> 693480.44 | S11: =J11*1.024*9.81*286^2*48.2 -> 696648.82
B12: 7 | C12: 0.5925 | D12: 0.00291 | E12: 0.00491 | F12: 0.00855 | G12: 0.00155 | H12: 0.01196 | I12: 0.01452 | J12: 0.01199 | L12: =C12 -> 0.5925 | M12: =D12*1.024*9.81*286^2*48.2 -> 115250.03 | N12: =E12*1.024*9.81*286^2*48.2 -> 194459.68 | O12: =F12*1.024*9.81*286^2*48.2 -> 338621.23 | P12: =G12*1.024*9.81*286^2*48.2 -> 61387.474 | Q12: =H12*1.024*9.81*286^2*48.2 -> 473673.67 | R12: =I12*1.024*9.81*286^2*48.2 -> 575062.02 | S12: =J12*1.024*9.81*286^2*48.2 -> 474861.82
B13: 8 | C13: 0.65792 | D13: 0.00396 | E13: 0.00271 | F13: 0.01056 | G13: 0.00373 | H13: 0.01104 | I13: 0.00848 | J13: 0.00522 | L13: =C13 -> 0.65792 | M13: =D13*1.024*9.81*286^2*48.2 -> 156835.1 | N13: =E13*1.024*9.81*286^2*48.2 -> 107329.07 | O13: =F13*1.024*9.81*286^2*48.2 -> 418226.92 | P13: =G13*1.024*9.81*286^2*48.2 -> 147725.99 | Q13: =H13*1.024*9.81*286^2*48.2 -> 437237.24 | R13: =I13*1.024*9.81*286^2*48.2 -> 335848.89 | S13: =J13*1.024*9.81*286^2*48.2 -> 206737.17
B14: 9 | C14: 0.72333 | D14: 0.00465 | E14: 0.00546 | F14: 0.01217 | G14: 0.00506 | H14: 0.00972 | I14: 0.00476 | J14: 0.00596 | L14: =C14 -> 0.72333 | M14: =D14*1.024*9.81*286^2*48.2 -> 184162.42 | N14: =E14*1.024*9.81*286^2*48.2 -> 216242.33 | O14: =F14*1.024*9.81*286^2*48.2 -> 481990.69 | P14: =G14*1.024*9.81*286^2*48.2 -> 200400.4 | Q14: =H14*1.024*9.81*286^2*48.2 -> 384958.87 | R14: =I14*1.024*9.81*286^2*48.2 -> 188518.95 | S14: =J14*1.024*9.81*286^2*48.2 -> 236044.74
B15: 10 | C15: 0.78875 | D15: 0.00255 | E15: 0.00409 | F15: 0.01206 | G15: 0.00515 | H15: 0.00767 | I15: 0.00513 | J15: 0.00374 | L15: =C15 -> 0.78875 | M15: =D15*1.024*9.81*286^2*48.2 -> 100992.3 | N15: =E15*1.024*9.81*286^2*48.2 -> 161983.72 | O15: =F15*1.024*9.81*286^2*48.2 -> 477634.16 | P15: =G15*1.024*9.81*286^2*48.2 -> 203964.83 | Q15: =H15*1.024*9.81*286^2*48.2 -> 303768.99 | R15: =I15*1.024*9.81*286^2*48.2 -> 203172.74 | S15: =J15*1.024*9.81*286^2*48.2 -> 148122.04
B16: 11 | C16: 0.85417 | D16: 0.00321 | E16: 0.00345 | F16: 0.00981 | G16: 0.00487 | H16: 0.00544 | I16: 0.00259 | J16: 0.00187 | L16: =C16 -> 0.85417 | M16: =D16*1.024*9.81*286^2*48.2 -> 127131.48 | N16: =E16*1.024*9.81*286^2*48.2 -> 136636.64 | O16: =F16*1.024*9.81*286^2*48.2 -> 388523.31 | P16: =G16*1.024*9.81*286^2*48.2 -> 192875.48 | Q16: =H16*1.024*9.81*286^2*48.2 -> 215450.23 | R16: =I16*1.024*9.81*286^2*48.2 -> 102576.49 | S16: =J16*1.024*9.81*286^2*48.2 -> 74061.018
B17: 12 | C17: 0.91958 | D17: 0.00228 | E17: 0.0037 | F17: 0.00578 | G17: 0.00443 | H17: 0.00501 | I17: 0.0026 | J17: 0.0017 | L17: =C17 -> 0.91958 | M17: =D17*1.024*9.81*286^2*48.2 -> 90298.995 | N17: =E17*1.024*9.81*286^2*48.2 -> 146537.84 | O17: =F17*1.024*9.81*286^2*48.2 -> 228915.87 | P17: =G17*1.024*9.81*286^2*48.2 -> 175449.36 | Q17: =H17*1.024*9.81*286^2*48.2 -> 198420.16 | R17: =I17*1.024*9.81*286^2*48.2 -> 102972.54 | S17: =J17*1.024*9.81*286^2*48.2 -> 67328.198
... B54: 49 | C54: 3.34 | D54: 0.00011 | E54: 0.00055 | F54: 0.0003 | G54: 0.00014 | H54: 0.00137 | I54: 0.00158 | J54: 0.00215 | L54: =C54 -> 3.34 | M54: =D54*1.024*9.81*286^2*48.2 -> 4356.5304 | N54: =E54*1.024*9.81*286^2*48.2 -> 21782.652 | O54: =F54*1.024*9.81*286^2*48.2 -> 11881.447 | P54: =G54*1.024*9.81*286^2*48.2 -> 5544.6751 | Q54: =H54*1.024*9.81*286^2*48.2 -> 54258.606 | R54: =I54*1.024*9.81*286^2*48.2 -> 62575.619 | S54: =J54*1.024*9.81*286^2*48.2 -> 85150.368

Sheet Short_VBM_0
B2: VBM_RAO
A3: dw | B3: =B4/2 -> 0.013889718
A4: w0 | B4: =A7-A6 -> 0.027779436 | C4: Hs | D4: 0.5
A5: w | B5: RAO(0) | C5: Tz | D5: 3.5 | E5: 4.5 | F5: 5.5 | G5: 6.5 | H5: 7.5 | I5: 8.5 | J5: 9.5 | K5: 10.5 | L5: 11.5 | M5: 12.5 | N5: 13.5 | O5: 14.5 | P5: 15.5 | Q5: 16.5 | R5: 17.5 | S5: 18.5
A6: 0.04934449 | B6: =VBM_RAO!M6 -> 66932.15 | D6: =$B$4*(B6^2)*($D$4^2*(2*PI())^4*A6^-5/4/PI()/$D$5^4*EXP((-1/PI())*(2*PI()/$D$5)^4*A6^-4)) -> 0 | E6: =$B$4*(B6^2)*($D$4^2*(2*PI())^4*A6^-5/4/PI()/$E$5^4*EXP((-1/PI())*(2*PI()/$E$5)^4*A6^-4)) -> 0 | F6: =$B$4*(B6^2)*($D$4^2*(2*PI())^4*A6^-5/4/PI()/$F$5^4*EXP((-1/PI())*(2*PI()/$F$5)^4*A6^-4)) -> 0 | G6: =$B$4*(B6^2)*($D$4^2*(2*PI())^4*A6^-5/4/PI()/$G$5^4*EXP((-1/PI())*(2*PI()/$G$5)^4*A6^-4)) -> 0 | H6: =$B$4*(B6^2)*($D$4^2*(2*PI())^4*A6^-5/4/PI()/$H$5^4*EXP((-1/PI())*(2*PI()/$H$5)^4*A6^-4)) -> 0 | I6: =$B$4*(B6^2)*($D$4^2*(2*PI())^4*A6^-5/4/PI()/$I$5^4*EXP((-1/PI())*(2*PI()/$I$5)^4*A6^-4)) -> 0 | J6: =$B$4*(B6^2)*($D$4^2*(2*PI())^4*A6^-5/4/PI()/$J$5^4*EXP((-1/PI())*(2*PI()/$J$5)^4*A6^-4)) -> 0 | K6: =$B$4*(B6^2)*($D$4^2*(2*PI())^4*A6^-5/4/PI()/$K$5^4*EXP((-1/PI())*(2*PI()/$K$5)^4*A6^-4)) -> 0 | L6: =$B$4*(B6^2)*($D$4^2*(2*PI())^4*A6^-5/4/PI()/$L$5^4*EXP((-1/PI())*(2*PI()/$L$5)^4*A6^-4)) -> 0 | M6: =$B$4*(B6^2)*($D$4^2*(2*PI())^4*A6^-5/4/PI()/$M$5^4*EXP((-1/PI())*(2*PI()/$M$5)^4*A6^-4)) -> 0 | N6: =$B$4*(B6^2)*($D$4^2*(2*PI())^4*A6^-5/4/PI()/$N$5^4*EXP((-1/PI())*(2*PI()/$N$5)^4*A6^-4)) -> 0 | O6: =$B$4*(B6^2)*($D$4^2*(2*PI())^4*A6^-5/4/PI()/$O$5^4*EXP((-1/PI())*(2*PI()/$O$5)^4*A6^-4)) -> 0 | P6: =$B$4*(B6^2)*($D$4^2*(2*PI())^4*A6^-5/4/PI()/$P$5^4*EXP((-1/PI())*(2*PI()/$P$5)^4*A6^-4)) -> 0 | Q6: =$B$4*(B6^2)*($D$4^2*(2*PI())^4*A6^-5/4/PI()/$Q$5^4*EXP((-1/PI())*(2*PI()/$Q$5)^4*A6^-4)) -> 0 | R6: =$B$4*(B6^2)*($D$4^2*(2*PI())^4*A6^-5/4/PI()/$R$5^4*EXP((-1/PI())*(2*PI()/$R$5)^4*A6^-4)) -> 0 | S6: =$B$4*(B6^2)*($D$4^2*(2*PI())^4*A6^-5/4/PI()/$S$5^4*EXP((-1/PI())*(2*PI()/$S$5)^4*A6^-4)) -> 6.3267069e-300
A7: 0.077123926 | B7: =VBM_RAO!M7 -> 165548.16 | D7: =$B$4*(B7^2)*($D$4^2*(2*PI())^4*A7^-5/4/PI()/$D$5^4*EXP((-1/PI())*(2*PI()/$D$5)^4*A7^-4)) -> 0 | E7: =$B$4*(B7^2)*($D$4^2*(2*PI())^4*A7^-5/4/PI()/$E$5^4*EXP((-1/PI())*(2*PI()/$E$5)^4*A7^-4)) -> 0 | F7: =$B$4*(B7^2)*($D$4^2*(2*PI())^4*A7^-5/4/PI()/$F$5^4*EXP((-1/PI())*(2*PI()/$F$5)^4*A7^-4)) -> 0 | G7: =$B$4*(B7^2)*($D$4^2*(2*PI())^4*A7^-5/4/PI()/$G$5^4*EXP((-1/PI())*(2*PI()/$G$5)^4*A7^-4)) -> 0 | H7: =$B$4*(B7^2)*($D$4^2*(2*PI())^4*A7^-5/4/PI()/$H$5^4*EXP((-1/PI())*(2*PI()/$H$5)^4*A7^-4)) -> 0 | I7: =$B$4*(B7^2)*($D$4^2*(2*PI())^4*A7^-5/4/PI()/$I$5^4*EXP((-1/PI())*(2*PI()/$I$5)^4*A7^-4)) -> 0 | J7: =$B$4*(B7^2)*($D$4^2*(2*PI())^4*A7^-5/4/PI()/$J$5^4*EXP((-1/PI())*(2*PI()/$J$5)^4*A7^-4)) -> 0 | K7: =$B$4*(B7^2)*($D$4^2*(2*PI())^4*A7^-5/4/PI()/$K$5^4*EXP((-1/PI())*(2*PI()/$K$5)^4*A7^-4)) -> 0 | L7: =$B$4*(B7^2)*($D$4^2*(2*PI())^4*A7^-5/4/PI()/$L$5^4*EXP((-1/PI())*(2*PI()/$L$5)^4*A7^-4)) -> 0 | M7: =$B$4*(B7^2)*($D$4^2*(2*PI())^4*A7^-5/4/PI()/$M$5^4*EXP((-1/PI())*(2*PI()/$M$5)^4*A7^-4)) -> 1.3015719e-238 | N7: =$B$4*(B7^2)*($D$4^2*(2*PI())^4*A7^-5/4/PI()/$N$5^4*EXP((-1/PI())*(2*PI()/$N$5)^4*A7^-4)) -> 1.1846588e-172 | O7: =$B$4*(B7^2)*($D$4^2*(2*PI())^4*A7^-5/4/PI()/$O$5^4*EXP((-1/PI())*(2*PI()/$O$5)^4*A7^-4)) -> 3.3954068e-127 | P7: =$B$4*(B7^2)*($D$4^2*(2*PI())^4*A7^-5/4/PI()/$P$5^4*EXP((-1/PI())*(2*PI()/$P$5)^4*A7^-4)) -> 4.6918435e-95 | Q7: =$B$4*(B7^2)*($D$4^2*(2*PI())^4*A7^-5/4/PI()/$Q$5^4*EXP((-1/PI())*(2*PI()/$Q$5)^4*A7^-4)) -> 8.0708055e-72 | R7: =$B$4*(B7^2)*($D$4^2*(2*PI())^4*A7^-5/4/PI()/$R$5^4*EXP((-1/PI())*(2*PI()/$R$5)^4*A7^-4)) -> 1.083815e-54 | S7: =$B$4*(B7^2)*($D$4^2*(2*PI())^4*A7^-5/4/PI()/$S$5^4*EXP((-1/PI())*(2*PI()/$S$5)^4*A7^-4)) -> 7.5771795e-42
A8: 0.10446991 | B8: =VBM_RAO!M8 -> 321987.2 | D8: =$B$4*(B8^2)*($D$4^2*(2*PI())^4*A8^-5/4/PI()/$D$5^4*EXP((-1/PI())*(2*PI()/$D$5)^4*A8^-4)) -> 0 | E8: =$B$4*(B8^2)*($D$4^2*(2*PI())^4*A8^-5/4/PI()/$E$5^4*EXP((-1/PI())*(2*PI()/$E$5)^4*A8^-4)) -> 0 | F8: =$B$4*(B8^2)*($D$4^2*(2*PI())^4*A8^-5/4/PI()/$F$5^4*EXP((-1/PI())*(2*PI()/$F$5)^4*A8^-4)) -> 0 | G8: =$B$4*(B8^2)*($D$4^2*(2*PI())^4*A8^-5/4/PI()/$G$5^4*EXP((-1/PI())*(2*PI()/$G$5)^4*A8^-4)) -> 0 | H8: =$B$4*(B8^2)*($D$4^2*(2*PI())^4*A8^-5/4/PI()/$H$5^4*EXP((-1/PI())*(2*PI()/$H$5)^4*A8^-4)) -> 0 | I8: =$B$4*(B8^2)*($D$4^2*(2*PI())^4*A8^-5/4/PI()/$I$5^4*EXP((-1/PI())*(2*PI()/$I$5)^4*A8^-4)) -> 0 | J8: =$B$4*(B8^2)*($D$4^2*(2*PI())^4*A8^-5/4/PI()/$J$5^4*EXP((-1/PI())*(2*PI()/$J$5)^4*A8^-4)) -> 7.4569021e-211 | K8: =$B$4*(B8^2)*($D$4^2*(2*PI())^4*A8^-5/4/PI()/$K$5^4*EXP((-1/PI())*(2*PI()/$K$5)^4*A8^-4)) -> 9.145639e-138 | L8: =$B$4*(B8^2)*($D$4^2*(2*PI())^4*A8^-5/4/PI()/$L$5^4*EXP((-1/PI())*(2*PI()/$L$5)^4*A8^-4)) -> 1.5657548e-92 | M8: =$B$4*(B8^2)*($D$4^2*(2*PI())^4*A8^-5/4/PI()/$M$5^4*EXP((-1/PI())*(2*PI()/$M$5)^4*A8^-4)) -> 2.3991392e-63 | N8: =$B$4*(B8^2)*($D$4^2*(2*PI())^4*A8^-5/4/PI()/$N$5^4*EXP((-1/PI())*(2*PI()/$N$5)^4*A8^-4)) -> 7.5426048e-44 | O8: =$B$4*(B8^2)*($D$4^2*(2*PI())^4*A8^-5/4/PI()/$O$5^4*EXP((-1/PI())*(2*PI()/$O$5)^4*A8^-4)) -> 1.9596098e-30 | P8: =$B$4*(B8^2)*($D$4^2*(2*PI())^4*A8^-5/4/PI()/$P$5^4*EXP((-1/PI())*(2*PI()/$P$5)^4*A8^-4)) -> 5.7176224e-21 | Q8: =$B$4*(B8^2)*($D$4^2*(2*PI())^4*A8^-5/4/PI()/$Q$5^4*EXP((-1/PI())*(2*PI()/$Q$5)^4*A8^-4)) -> 3.8228866e-14 | R8: =$B$4*(B8^2)*($D$4^2*(2*PI())^4*A8^-5/4/PI()/$R$5^4*EXP((-1/PI())*(2*PI()/$R$5)^4*A8^-4)) -> 3.9625616e-09 | S8: =$B$4*(B8^2)*($D$4^2*(2*PI())^4*A8^-5/4/PI()/$S$5^4*EXP((-1/PI())*(2*PI()/$S$5)^4*A8^-4)) -> 2.2144005e-05
A9: 0.13138243 | B9: =VBM_RAO!M9 -> 481594.64 | D9: =$B$4*(B9^2)*($D$4^2*(2*PI())^4*A9^-5/4/PI()/$D$5^4*EXP((-1/PI())*(2*PI()/$D$5)^4*A9^-4)) -> 0 | E9: =$B$4*(B9^2)*($D$4^2*(2*PI())^4*A9^-5/4/PI()/$E$5^4*EXP((-1/PI())*(2*PI()/$E$5)^4*A9^-4)) -> 0 | F9: =$B$4*(B9^2)*($D$4^2*(2*PI())^4*A9^-5/4/PI()/$F$5^4*EXP((-1/PI())*(2*PI()/$F$5)^4*A9^-4)) -> 0 | G9: =$B$4*(B9^2)*($D$4^2*(2*PI())^4*A9^-5/4/PI()/$G$5^4*EXP((-1/PI())*(2*PI()/$G$5)^4*A9^-4)) -> 0 | H9: =$B$4*(B9^2)*($D$4^2*(2*PI())^4*A9^-5/4/PI()/$H$5^4*EXP((-1/PI())*(2*PI()/$H$5)^4*A9^-4)) -> 4.6659483e-217 | I9: =$B$4*(B9^2)*($D$4^2*(2*PI())^4*A9^-5/4/PI()/$I$5^4*EXP((-1/PI())*(2*PI()/$I$5)^4*A9^-4)) -> 2.9167162e-127 | J9: =$B$4*(B9^2)*($D$4^2*(2*PI())^4*A9^-5/4/PI()/$J$5^4*EXP((-1/PI())*(2*PI()/$J$5)^4*A9^-4)) -> 1.0421764e-77 | K9: =$B$4*(B9^2)*($D$4^2*(2*PI())^4*A9^-5/4/PI()/$K$5^4*EXP((-1/PI())*(2*PI()/$K$5)^4*A9^-4)) -> 1.3570725e-48 | L9: =$B$4*(B9^2)*($D$4^2*(2*PI())^4*A9^-5/4/PI()/$L$5^4*EXP((-1/PI())*(2*PI()/$L$5)^4*A9^-4)) -> 1.321217e-30 | M9: =$B$4*(B9^2)*($D$4^2*(2*PI())^4*A9^-5/4/PI()/$M$5^4*EXP((-1/PI())*(2*PI()/$M$5)^4*A9^-4)) -> 5.0303574e-19 | N9: =$B$4*(B9^2)*($D$4^2*(2*PI())^4*A9^-5/4/PI()/$N$5^4*EXP((-1/PI())*(2*PI()/$N$5)^4*A9^-4)) -> 2.6058627e-11 | O9: =$B$4*(B9^2)*($D$4^2*(2*PI())^4*A9^-5/4/PI()/$O$5^4*EXP((-1/PI())*(2*PI()/$O$5)^4*A9^-4)) -> 5.0615401e-06 | P9: =$B$4*(B9^2)*($D$4^2*(2*PI())^4*A9^-5/4/PI()/$P$5^4*EXP((-1/PI())*(2*PI()/$P$5)^4*A9^-4)) -> 0.026219996 | Q9: =$B$4*(B9^2)*($D$4^2*(2*PI())^4*A9^-5/4/PI()/$Q$5^4*EXP((-1/PI())*(2*PI()/$Q$5)^4*A9^-4)) -> 12.077516 | R9: =$B$4*(B9^2)*($D$4^2*(2*PI())^4*A9^-5/4/PI()/$R$5^4*EXP((-1/PI())*(2*PI()/$R$5)^4*A9^-4)) -> 1061.0362 | S9: =$B$4*(B9^2)*($D$4^2*(2*PI())^4*A9^-5/4/PI()/$S$5^4*EXP((-1/PI())*(2*PI()/$S$5)^4*A9^-4)) -> 29231.873
A10: 0.1578615 | B10: =VBM_RAO!M10 -> 538229.53 | D10: =$B$4*(B10^2)*($D$4^2*(2*PI())^4*A10^-5/4/PI()/$D$5^4*EXP((-1/PI())*(2*PI()/$D$5)^4*A10^-4)) -> 0 | E10: =$B$4*(B10^2)*($D$4^2*(2*PI())^4*A10^-5/4/PI()/$E$5^4*EXP((-1/PI())*(2*PI()/$E$5)^4*A10^-4)) -> 0 | F10: =$B$4*(B10^2)*($D$4^2*(2*PI())^4*A10^-5/4/PI()/$F$5^4*EXP((-1/PI())*(2*PI()/$F$5)^4*A10^-4)) -> 0 | G10: =$B$4*(B10^2)*($D$4^2*(2*PI())^4*A10^-5/4/PI()/$G$5^4*EXP((-1/PI())*(2*PI()/$G$5)^4*A10^-4)) -> 6.296958e-183 | H10: =$B$4*(B10^2)*($D$4^2*(2*PI())^4*A10^-5/4/PI()/$H$5^4*EXP((-1/PI())*(2*PI()/$H$5)^4*A10^-4)) -> 1.8057673e-98 | I10: =$B$4*(B10^2)*($D$4^2*(2*PI())^4*A10^-5/4/PI()/$I$5^4*EXP((-1/PI())*(2*PI()/$I$5)^4*A10^-4)) -> 1.6829276e-55 | J10: =$B$4*(B10^2)*($D$4^2*(2*PI())^4*A10^-5/4/PI()/$J$5^4*EXP((-1/PI())*(2*PI()/$J$5)^4*A10^-4)) -> 7.9474451e-32 | K10: =$B$4*(B10^2)*($D$4^2*(2*PI())^4*A10^-5/4/PI()/$K$5^4*EXP((-1/PI())*(2*PI()/$K$5)^4*A10^-4)) -> 6.0045744e-18 | L10: =$B$4*(B10^2)*($D$4^2*(2*PI())^4*A10^-5/4/PI()/$L$5^4*EXP((-1/PI())*(2*PI()/$L$5)^4*A10^-4)) -> 2.122136e-09 | M10: =$B$4*(B10^2)*($D$4^2*(2*PI())^4*A10^-5/4/PI()/$M$5^4*EXP((-1/PI())*(2*PI()/$M$5)^4*A10^-4)) -> 0.0006420958 | N10: =$B$4*(B10^2)*($D$4^2*(2*PI())^4*A10^-5/4/PI()/$N$5^4*EXP((-1/PI())*(2*PI()/$N$5)^4*A10^-4)) -> 2.7495376 | O10: =$B$4*(B10^2)*($D$4^2*(2*PI())^4*A10^-5/4/PI()/$O$5^4*EXP((-1/PI())*(2*PI()/$O$5)^4*A10^-4)) -> 816.44972 | P10: =$B$4*(B10^2)*($D$4^2*(2*PI())^4*A10^-5/4/PI()/$P$5^4*EXP((-1/PI())*(2*PI()/$P$5)^4*A10^-4)) -> 43026.828 | Q10: =$B$4*(B10^2)*($D$4^2*(2*PI())^4*A10^-5/4/PI()/$Q$5^4*EXP((-1/PI())*(2*PI()/$Q$5)^4*A10^-4)) -> 716250.56 | R10: =$B$4*(B10^2)*($D$4^2*(2*PI())^4*A10^-5/4/PI()/$R$5^4*EXP((-1/PI())*(2*PI()/$R$5)^4*A10^-4)) -> 5425857.6 | S10: =$B$4*(B10^2)*($D$4^2*(2*PI())^4*A10^-5/4/PI()/$S$5^4*EXP((-1/PI())*(2*PI()/$S$5)^4*A10^-4)) -> 23724474
A11: 0.18390711 | B11: =VBM_RAO!M11 -> 401196.85 | D11: =$B$4*(B11^2)*($D$4^2*(2*PI())^4*A11^-5/4/PI()/$D$5^4*EXP((-1/PI())*(2*PI()/$D$5)^4*A11^-4)) -> 0 | E11: =$B$4*(B11^2)*($D$4^2*(2*PI())^4*A11^-5/4/PI()/$E$5^4*EXP((-1/PI())*(2*PI()/$E$5)^4*A11^-4)) -> 0 | F11: =$B$4*(B11^2)*($D$4^2*(2*PI())^4*A11^-5/4/PI()/$F$5^4*EXP((-1/PI())*(2*PI()/$F$5)^4*A11^-4)) -> 1.0647934e-194 | G11: =$B$4*(B11^2)*($D$4^2*(2*PI())^4*A11^-5/4/PI()/$G$5^4*EXP((-1/PI())*(2*PI()/$G$5)^4*A11^-4)) -> 1.1327701e-94 | H11: =$B$4*(B11^2)*($D$4^2*(2*PI())^4*A11^-5/4/PI()/$H$5^4*EXP((-1/PI())*(2*PI()/$H$5)^4*A11^-4)) -> 6.1879399e-49 | I11: =$B$4*(B11^2)*($D$4^2*(2*PI())^4*A11^-5/4/PI()/$I$5^4*EXP((-1/PI())*(2*PI()/$I$5)^4*A11^-4)) -> 1.0465484e-25 | J11: =$B$4*(B11^2)*($D$4^2*(2*PI())^4*A11^-5/4/PI()/$J$5^4*EXP((-1/PI())*(2*PI()/$J$5)^4*A11^-4)) -> 6.0795539e-13 | K11: =$B$4*(B11^2)*($D$4^2*(2*PI())^4*A11^-5/4/PI()/$K$5^4*EXP((-1/PI())*(2*PI()/$K$5)^4*A11^-4)) -> 1.7327846e-05 | L11: =$B$4*(B11^2)*($D$4^2*(2*PI())^4*A11^-5/4/PI()/$L$5^4*EXP((-1/PI())*(2*PI()/$L$5)^4*A11^-4)) -> 0.64161701 | M11: =$B$4*(B11^2)*($D$4^2*(2*PI())^4*A11^-5/4/PI()/$M$5^4*EXP((-1/PI())*(2*PI()/$M$5)^4*A11^-4)) -> 520.64616 | N11: =$B$4*(B11^2)*($D$4^2*(2*PI())^4*A11^-5/4/PI()/$N$5^4*EXP((-1/PI())*(2*PI()/$N$5)^4*A11^-4)) -> 42365.878 | O11: =$B$4*(B11^2)*($D$4^2*(2*PI())^4*A11^-5/4/PI()/$O$5^4*EXP((-1/PI())*(2*PI()/$O$5)^4*A11^-4)) -> 817817.27 | P11: =$B$4*(B11^2)*($D$4^2*(2*PI())^4*A11^-5/4/PI()/$P$5^4*EXP((-1/PI())*(2*PI()/$P$5)^4*A11^-4)) -> 6229437.8 | Q11: =$B$4*(B11^2)*($D$4^2*(2*PI())^4*A11^-5/4/PI()/$Q$5^4*EXP((-1/PI())*(2*PI()/$Q$5)^4*A11^-4)) -> 25576808 | R11: =$B$4*(B11^2)*($D$4^2*(2*PI())^4*A11^-5/4/PI()/$R$5^4*EXP((-1/PI())*(2*PI()/$R$5)^4*A11^-4)) -> 68950946 | S11: =$B$4*(B11^2)*($D$4^2*(2*PI())^4*A11^-5/4/PI()/$S$5^4*EXP((-1/PI())*(2*PI()/$S$5)^4*A11^-4)) -> 1.3875774e+08
A12: 0.20951927 | B12: =VBM_RAO!M12 -> 115250.03 | D12: =$B$4*(B12^2)*($D$4^2*(2*PI())^4*A12^-5/4/PI()/$D$5^4*EXP((-1/PI())*(2*PI()/$D$5)^4*A12^-4)) -> 0 | E12: =$B$4*(B12^2)*($D$4^2*(2*PI())^4*A12^-5/4/PI()/$E$5^4*EXP((-1/PI())*(2*PI()/$E$5)^4*A12^-4)) -> 1.5414679e-262 | F12: =$B$4*(B12^2)*($D$4^2*(2*PI())^4*A12^-5/4/PI()/$F$5^4*EXP((-1/PI())*(2*PI()/$F$5)^4*A12^-4)) -> 2.0364485e-112 | G12: =$B$4*(B12^2)*($D$4^2*(2*PI())^4*A12^-5/4/PI()/$G$5^4*EXP((-1/PI())*(2*PI()/$G$5)^4*A12^-4)) -> 3.6938725e-53 | H12: =$B$4*(B12^2)*($D$4^2*(2*PI())^4*A12^-5/4/PI()/$H$5^4*EXP((-1/PI())*(2*PI()/$H$5)^4*A12^-4)) -> 4.1347501e-26 | I12: =$B$4*(B12^2)*($D$4^2*(2*PI())^4*A12^-5/4/PI()/$I$5^4*EXP((-1/PI())*(2*PI()/$I$5)^4*A12^-4)) -> 2.0724851e-12 | J12: =$B$4*(B12^2)*($D$4^2*(2*PI())^4*A12^-5/4/PI()/$J$5^4*EXP((-1/PI())*(2*PI()/$J$5)^4*A12^-4)) -> 6.5286147e-05 | K12: =$B$4*(B12^2)*($D$4^2*(2*PI())^4*A12^-5/4/PI()/$K$5^4*EXP((-1/PI())*(2*PI()/$K$5)^4*A12^-4)) -> 1.4771372 | L12: =$B$4*(B12^2)*($D$4^2*(2*PI())^4*A12^-5/4/PI()/$L$5^4*EXP((-1/PI())*(2*PI()/$L$5)^4*A12^-4)) -> 656.3022 | M12: =$B$4*(B12^2)*($D$4^2*(2*PI())^4*A12^-5/4/PI()/$M$5^4*EXP((-1/PI())*(2*PI()/$M$5)^4*A12^-4)) -> 30563.014 | N12: =$B$4*(B12^2)*($D$4^2*(2*PI())^4*A12^-5/4/PI()/$N$5^4*EXP((-1/PI())*(2*PI()/$N$5)^4*A12^-4)) -> 367224.54 | O12: =$B$4*(B12^2)*($D$4^2*(2*PI())^4*A12^-5/4/PI()/$O$5^4*EXP((-1/PI())*(2*PI()/$O$5)^4*A12^-4)) -> 1895163.7 | P12: =$B$4*(B12^2)*($D$4^2*(2*PI())^4*A12^-5/4/PI()/$P$5^4*EXP((-1/PI())*(2*PI()/$P$5)^4*A12^-4)) -> 5675463.2 | Q12: =$B$4*(B12^2)*($D$4^2*(2*PI())^4*A12^-5/4/PI()/$Q$5^4*EXP((-1/PI())*(2*PI()/$Q$5)^4*A12^-4)) -> 11857131 | R12: =$B$4*(B12^2)*($D$4^2*(2*PI())^4*A12^-5/4/PI()/$R$5^4*EXP((-1/PI())*(2*PI()/$R$5)^4*A12^-4)) -> 19413414 | S12: =$B$4*(B12^2)*($D$4^2*(2*PI())^4*A12^-5/4/PI()/$S$5^4*EXP((-1/PI())*(2*PI()/$S$5)^4*A12^-4)) -> 26863276
A13: 0.23469797 | B13: =VBM_RAO!M13 -> 156835.1 | D13: =$B$4*(B13^2)*($D$4^2*(2*PI())^4*A13^-5/4/PI()/$D$5^4*EXP((-1/PI())*(2*PI()/$D$5)^4*A13^-4)) -> 0 | E13: =$B$4*(B13^2)*($D$4^2*(2*PI())^4*A13^-5/4/PI()/$E$5^4*EXP((-1/PI())*(2*PI()/$E$5)^4*A13^-4)) -> 4.9329935e-163 | F13: =$B$4*(B13^2)*($D$4^2*(2*PI())^4*A13^-5/4/PI()/$F$5^4*EXP((-1/PI())*(2*PI()/$F$5)^4*A13^-4)) -> 8.1532466e-68 | G13: =$B$4*(B13^2)*($D$4^2*(2*PI())^4*A13^-5/4/PI()/$G$5^4*EXP((-1/PI())*(2*PI()/$G$5)^4*A13^-4)) -> 2.7669986e-30 | H13: =$B$4*(B13^2)*($D$4^2*(2*PI())^4*A13^-5/4/PI()/$H$5^4*EXP((-1/PI())*(2*PI()/$H$5)^4*A13^-4)) -> 3.3943221e-13 | I13: =$B$4*(B13^2)*($D$4^2*(2*PI())^4*A13^-5/4/PI()/$I$5^4*EXP((-1/PI())*(2*PI()/$I$5)^4*A13^-4)) -> 0.00014211628 | J13: =$B$4*(B13^2)*($D$4^2*(2*PI())^4*A13^-5/4/PI()/$J$5^4*EXP((-1/PI())*(2*PI()/$J$5)^4*A13^-4)) -> 6.9905656 | K13: =$B$4*(B13^2)*($D$4^2*(2*PI())^4*A13^-5/4/PI()/$K$5^4*EXP((-1/PI())*(2*PI()/$K$5)^4*A13^-4)) -> 3521.9643 | L13: =$B$4*(B13^2)*($D$4^2*(2*PI())^4*A13^-5/4/PI()/$L$5^4*EXP((-1/PI())*(2*PI()/$L$5)^4*A13^-4)) -> 148159.4 | M13: =$B$4*(B13^2)*($D$4^2*(2*PI())^4*A13^-5/4/PI()/$M$5^4*EXP((-1/PI())*(2*PI()/$M$5)^4*A13^-4)) -> 1504260 | N13: =$B$4*(B13^2)*($D$4^2*(2*PI())^4*A13^-5/4/PI()/$N$5^4*EXP((-1/PI())*(2*PI()/$N$5)^4*A13^-4)) -> 6520888.7 | O13: =$B$4*(B13^2)*($D$4^2*(2*PI())^4*A13^-5/4/PI()/$O$5^4*EXP((-1/PI())*(2*PI()/$O$5)^4*A13^-4)) -> 16659986 | P13: =$B$4*(B13^2)*($D$4^2*(2*PI())^4*A13^-5/4/PI()/$P$5^4*EXP((-1/PI())*(2*PI()/$P$5)^4*A13^-4)) -> 30335158 | Q13: =$B$4*(B13^2)*($D$4^2*(2*PI())^4*A13^-5/4/PI()/$Q$5^4*EXP((-1/PI())*(2*PI()/$Q$5)^4*A13^-4)) -> 44212327 | R13: =$B$4*(B13^2)*($D$4^2*(2*PI())^4*A13^-5/4/PI()/$R$5^4*EXP((-1/PI())*(2*PI()/$R$5)^4*A13^-4)) -> 55493392 | S13: =$B$4*(B13^2)*($D$4^2*(2*PI())^4*A13^-5/4/PI()/$S$5^4*EXP((-1/PI())*(2*PI()/$S$5)^4*A13^-4)) -> 62893650
A14: 0.25944322 | B14: =VBM_RAO!M14 -> 184162.42 | D14: =$B$4*(B14^2)*($D$4^2*(2*PI())^4*A14^-5/4/PI()/$D$5^4*EXP((-1/PI())*(2*PI()/$D$5)^4*A14^-4)) -> 0 | E14: =$B$4*(B14^2)*($D$4^2*(2*PI())^4*A14^-5/4/PI()/$E$5^4*EXP((-1/PI())*(2*PI()/$E$5)^4*A14^-4)) -> 6.5384042e-106 | F14: =$B$4*(B14^2)*($D$4^2*(2*PI())^4*A14^-5/4/PI()/$F$5^4*EXP((-1/PI())*(2*PI()/$F$5)^4*A14^-4)) -> 2.9252792e-42 | G14: =$B$4*(B14^2)*($D$4^2*(2*PI())^4*A14^-5/4/PI()/$G$5^4*EXP((-1/PI())*(2*PI()/$G$5)^4*A14^-4)) -> 3.1907657e-17 | H14: =$B$4*(B14^2)*($D$4^2*(2*PI())^4*A14^-5/4/PI()/$H$5^4*EXP((-1/PI())*(2*PI()/$H$5)^4*A14^-4)) -> 7.341585e-06 | I14: =$B$4*(B14^2)*($D$4^2*(2*PI())^4*A14^-5/4/PI()/$I$5^4*EXP((-1/PI())*(2*PI()/$I$5)^4*A14^-4)) -> 3.6973106 | J14: =$B$4*(B14^2)*($D$4^2*(2*PI())^4*A14^-5/4/PI()/$J$5^4*EXP((-1/PI())*(2*PI()/$J$5)^4*A14^-4)) -> 4427.0855 | K14: =$B$4*(B14^2)*($D$4^2*(2*PI())^4*A14^-5/4/PI()/$K$5^4*EXP((-1/PI())*(2*PI()/$K$5)^4*A14^-4)) -> 250235.4 | L14: =$B$4*(B14^2)*($D$4^2*(2*PI())^4*A14^-5/4/PI()/$L$5^4*EXP((-1/PI())*(2*PI()/$L$5)^4*A14^-4)) -> 2714387.8 | M14: =$B$4*(B14^2)*($D$4^2*(2*PI())^4*A14^-5/4/PI()/$M$5^4*EXP((-1/PI())*(2*PI()/$M$5)^4*A14^-4)) -> 11479486 | N14: =$B$4*(B14^2)*($D$4^2*(2*PI())^4*A14^-5/4/PI()/$N$5^4*EXP((-1/PI())*(2*PI()/$N$5)^4*A14^-4)) -> 27690866 | O14: =$B$4*(B14^2)*($D$4^2*(2*PI())^4*A14^-5/4/PI()/$O$5^4*EXP((-1/PI())*(2*PI()/$O$5)^4*A14^-4)) -> 47221343 | P14: =$B$4*(B14^2)*($D$4^2*(2*PI())^4*A14^-5/4/PI()/$P$5^4*EXP((-1/PI())*(2*PI()/$P$5)^4*A14^-4)) -> 64590449 | Q14: =$B$4*(B14^2)*($D$4^2*(2*PI())^4*A14^-5/4/PI()/$Q$5^4*EXP((-1/PI())*(2*PI()/$Q$5)^4*A14^-4)) -> 76533329 | R14: =$B$4*(B14^2)*($D$4^2*(2*PI())^4*A14^-5/4/PI()/$R$5^4*EXP((-1/PI())*(2*PI()/$R$5)^4*A14^-4)) -> 82448491 | S14: =$B$4*(B14^2)*($D$4^2*(2*PI())^4*A14^-5/4/PI()/$S$5^4*EXP((-1/PI())*(2*PI()/$S$5)^4*A14^-4)) -> 83311133
A15: 0.28375501 | B15: =VBM_RAO!M15 -> 100992.3 | D15: =$B$4*(B15^2)*($D$4^2*(2*PI())^4*A15^-5/4/PI()/$D$5^4*EXP((-1/PI())*(2*PI()/$D$5)^4*A15^-4)) -> 1.0876325e-211 | E15: =$B$4*(B15^2)*($D$4^2*(2*PI())^4*A15^-5/4/PI()/$E$5^4*EXP((-1/PI())*(2*PI()/$E$5)^4*A15^-4)) -> 1.0484033e-71 | F15: =$B$4*(B15^2)*($D$4^2*(2*PI())^4*A15^-5/4/PI()/$F$5^4*EXP((-1/PI())*(2*PI()/$F$5)^4*A15^-4)) -> 2.5060359e-27 | G15: =$B$4*(B15^2)*($D$4^2*(2*PI())^4*A15^-5/4/PI()/$G$5^4*EXP((-1/PI())*(2*PI()/$G$5)^4*A15^-4)) -> 6.4515543e-10 | H15: =$B$4*(B15^2)*($D$4^2*(2*PI())^4*A15^-5/4/PI()/$H$5^4*EXP((-1/PI())*(2*PI()/$H$5)^4*A15^-4)) -> 0.047344566 | I15: =$B$4*(B15^2)*($D$4^2*(2*PI())^4*A15^-5/4/PI()/$I$5^4*EXP((-1/PI())*(2*PI()/$I$5)^4*A15^-4)) -> 393.37545 | J15: =$B$4*(B15^2)*($D$4^2*(2*PI())^4*A15^-5/4/PI()/$J$5^4*EXP((-1/PI())*(2*PI()/$J$5)^4*A15^-4)) -> 48741.705 | K15: =$B$4*(B15^2)*($D$4^2*(2*PI())^4*A15^-5/4/PI()/$K$5^4*EXP((-1/PI())*(2*PI()/$K$5)^4*A15^-4)) -> 724641.34 | L15: =$B$4*(B15^2)*($D$4^2*(2*PI())^4*A15^-5/4/PI()/$L$5^4*EXP((-1/PI())*(2*PI()/$L$5)^4*A15^-4)) -> 3436277.1 | M15: =$B$4*(B15^2)*($D$4^2*(2*PI())^4*A15^-5/4/PI()/$M$5^4*EXP((-1/PI())*(2*PI()/$M$5)^4*A15^-4)) -> 8514047.4 | N15: =$B$4*(B15^2)*($D$4^2*(2*PI())^4*A15^-5/4/PI()/$N$5^4*EXP((-1/PI())*(2*PI()/$N$5)^4*A15^-4)) -> 14359297 | O15: =$B$4*(B15^2)*($D$4^2*(2*PI())^4*A15^-5/4/PI()/$O$5^4*EXP((-1/PI())*(2*PI()/$O$5)^4*A15^-4)) -> 19131562 | P15: =$B$4*(B15^2)*($D$4^2*(2*PI())^4*A15^-5/4/PI()/$P$5^4*EXP((-1/PI())*(2*PI()/$P$5)^4*A15^-4)) -> 21975048 | Q15: =$B$4*(B15^2)*($D$4^2*(2*PI())^4*A15^-5/4/PI()/$Q$5^4*EXP((-1/PI())*(2*PI()/$Q$5)^4*A15^-4)) -> 22946603 | R15: =$B$4*(B15^2)*($D$4^2*(2*PI())^4*A15^-5/4/PI()/$R$5^4*EXP((-1/PI())*(2*PI()/$R$5)^4*A15^-4)) -> 22518198 | S15: =$B$4*(B15^2)*($D$4^2*(2*PI())^4*A15^-5/4/PI()/$S$5^4*EXP((-1/PI())*(2*PI()/$S$5)^4*A15^-4)) -> 21214024
A16: 0.30763334 | B16: =VBM_RAO!M16 -> 127131.48 | D16: =$B$4*(B16^2)*($D$4^2*(2*PI())^4*A16^-5/4/PI()/$D$5^4*EXP((-1/PI())*(2*PI()/$D$5)^4*A16^-4)) -> 1.6666621e-150 | E16: =$B$4*(B16^2)*($D$4^2*(2*PI())^4*A16^-5/4/PI()/$E$5^4*EXP((-1/PI())*(2*PI()/$E$5)^4*A16^-4)) -> 2.6721062e-49 | F16: =$B$4*(B16^2)*($D$4^2*(2*PI())^4*A16^-5/4/PI()/$F$5^4*EXP((-1/PI())*(2*PI()/$F$5)^4*A16^-4)) -> 2.8401076e-17 | G16: =$B$4*(B16^2)*($D$4^2*(2*PI())^4*A16^-5/4/PI()/$G$5^4*EXP((-1/PI())*(2*PI()/$G$5)^4*A16^-4)) -> 9.4553225e-05 | H16: =$B$4*(B16^2)*($D$4^2*(2*PI())^4*A16^-5/4/PI()/$H$5^4*EXP((-1/PI())*(2*PI()/$H$5)^4*A16^-4)) -> 39.850852 | I16: =$B$4*(B16^2)*($D$4^2*(2*PI())^4*A16^-5/4/PI()/$I$5^4*EXP((-1/PI())*(2*PI()/$I$5)^4*A16^-4)) -> 23850.394 | J16: =$B$4*(B16^2)*($D$4^2*(2*PI())^4*A16^-5/4/PI()/$J$5^4*EXP((-1/PI())*(2*PI()/$J$5)^4*A16^-4)) -> 690546.96 | K16: =$B$4*(B16^2)*($D$4^2*(2*PI())^4*A16^-5/4/PI()/$K$5^4*EXP((-1/PI())*(2*PI()/$K$5)^4*A16^-4)) -> 4361904.2 | L16: =$B$4*(B16^2)*($D$4^2*(2*PI())^4*A16^-5/4/PI()/$L$5^4*EXP((-1/PI())*(2*PI()/$L$5)^4*A16^-4)) -> 12170856 | M16: =$B$4*(B16^2)*($D$4^2*(2*PI())^4*A16^-5/4/PI()/$M$5^4*EXP((-1/PI())*(2*PI()/$M$5)^4*A16^-4)) -> 21406491 | N16: =$B$4*(B16^2)*($D$4^2*(2*PI())^4*A16^-5/4/PI()/$N$5^4*EXP((-1/PI())*(2*PI()/$N$5)^4*A16^-4)) -> 28703352 | O16: =$B$4*(B16^2)*($D$4^2*(2*PI())^4*A16^-5/4/PI()/$O$5^4*EXP((-1/PI())*(2*PI()/$O$5)^4*A16^-4)) -> 32647735 | P16: =$B$4*(B16^2)*($D$4^2*(2*PI())^4*A16^-5/4/PI()/$P$5^4*EXP((-1/PI())*(2*PI()/$P$5)^4*A16^-4)) -> 33528819 | Q16: =$B$4*(B16^2)*($D$4^2*(2*PI())^4*A16^-5/4/PI()/$Q$5^4*EXP((-1/PI())*(2*PI()/$Q$5)^4*A16^-4)) -> 32286746 | R16: =$B$4*(B16^2)*($D$4^2*(2*PI())^4*A16^-5/4/PI()/$R$5^4*EXP((-1/PI())*(2*PI()/$R$5)^4*A16^-4)) -> 29844989 | S16: =$B$4*(B16^2)*($D$4^2*(2*PI())^4*A16^-5/4/PI()/$S$5^4*EXP((-1/PI())*(2*PI()/$S$5)^4*A16^-4)) -> 26881719
A17: 0.33107822 | B17: =VBM_RAO!M17 -> 90298.995 | D17: =$B$4*(B17^2)*($D$4^2*(2*PI())^4*A17^-5/4/PI()/$D$5^4*EXP((-1/PI())*(2*PI()/$D$5)^4*A17^-4)) -> 3.7409517e-110 | E17: =$B$4*(B17^2)*($D$4^2*(2*PI())^4*A17^-5/4/PI()/$E$5^4*EXP((-1/PI())*(2*PI()/$E$5)^4*A17^-4)) -> 8.0138308e-35 | F17: =$B$4*(B17^2)*($D$4^2*(2*PI())^4*A17^-5/4/PI()/$F$5^4*EXP((-1/PI())*(2*PI()/$F$5)^4*A17^-4)) -> 4.8846738e-11 | G17: =$B$4*(B17^2)*($D$4^2*(2*PI())^4*A17^-5/4/PI()/$G$5^4*EXP((-1/PI())*(2*PI()/$G$5)^4*A17^-4)) -> 0.089039409 | H17: =$B$4*(B17^2)*($D$4^2*(2*PI())^4*A17^-5/4/PI()/$H$5^4*EXP((-1/PI())*(2*PI()/$H$5)^4*A17^-4)) -> 1200.0723 | I17: =$B$4*(B17^2)*($D$4^2*(2*PI())^4*A17^-5/4/PI()/$I$5^4*EXP((-1/PI())*(2*PI()/$I$5)^4*A17^-4)) -> 124159.66 | J17: =$B$4*(B17^2)*($D$4^2*(2*PI())^4*A17^-5/4/PI()/$J$5^4*EXP((-1/PI())*(2*PI()/$J$5)^4*A17^-4)) -> 1362693.9 | K17: =$B$4*(B17^2)*($D$4^2*(2*PI())^4*A17^-5/4/PI()/$K$5^4*EXP((-1/PI())*(2*PI()/$K$5)^4*A17^-4)) -> 4862383.7 | L17: =$B$4*(B17^2)*($D$4^2*(2*PI())^4*A17^-5/4/PI()/$L$5^4*EXP((-1/PI())*(2*PI()/$L$5)^4*A17^-4)) -> 9524014.9 | M17: =$B$4*(B17^2)*($D$4^2*(2*PI())^4*A17^-5/4/PI()/$M$5^4*EXP((-1/PI())*(2*PI()/$M$5)^4*A17^-4)) -> 13327430 | N17: =$B$4*(B17^2)*($D$4^2*(2*PI())^4*A17^-5/4/PI()/$N$5^4*EXP((-1/PI())*(2*PI()/$N$5)^4*A17^-4)) -> 15334577 | O17: =$B$4*(B17^2)*($D$4^2*(2*PI())^4*A17^-5/4/PI()/$O$5^4*EXP((-1/PI())*(2*PI()/$O$5)^4*A17^-4)) -> 15694821 | P17: =$B$4*(B17^2)*($D$4^2*(2*PI())^4*A17^-5/4/PI()/$P$5^4*EXP((-1/PI())*(2*PI()/$P$5)^4*A17^-4)) -> 14958402 | Q17: =$B$4*(B17^2)*($D$4^2*(2*PI())^4*A17^-5/4/PI()/$Q$5^4*EXP((-1/PI())*(2*PI()/$Q$5)^4*A17^-4)) -> 13646357 | R17: =$B$4*(B17^2)*($D$4^2*(2*PI())^4*A17^-5/4/PI()/$R$5^4*EXP((-1/PI())*(2*PI()/$R$5)^4*A17^-4)) -> 12120971 | S17: =$B$4*(B17^2)*($D$4^2*(2*PI())^4*A17^-5/4/PI()/$S$5^4*EXP((-1/PI())*(2*PI()/$S$5)^4*A17^-4)) -> 10595213
... A46: 0.82242642 | B46: =VBM_RAO!M46 -> 16237.977 | D46: =$B$4*(B46^2)*($D$4^2*(2*PI())^4*A46^-5/4/PI()/$D$5^4*EXP((-1/PI())*(2*PI()/$D$5)^4*A46^-4)) -> 2925.4066 | E46: =$B$4*(B46^2)*($D$4^2*(2*PI())^4*A46^-5/4/PI()/$E$5^4*EXP((-1/PI())*(2*PI()/$E$5)^4*A46^-4)) -> 104578.45 | F46: =$B$4*(B46^2)*($D$4^2*(2*PI())^4*A46^-5/4/PI()/$F$5^4*EXP((-1/PI())*(2*PI()/$F$5)^4*A46^-4)) -> 201672.81 | G46: =$B$4*(B46^2)*($D$4^2*(2*PI())^4*A46^-5/4/PI()/$G$5^4*EXP((-1/PI())*(2*PI()/$G$5)^4*A46^-4)) -> 184193.98 | H46: =$B$4*(B46^2)*($D$4^2*(2*PI())^4*A46^-5/4/PI()/$H$5^4*EXP((-1/PI())*(2*PI()/$H$5)^4*A46^-4)) -> 135414.83 | I46: =$B$4*(B46^2)*($D$4^2*(2*PI())^4*A46^-5/4/PI()/$I$5^4*EXP((-1/PI())*(2*PI()/$I$5)^4*A46^-4)) -> 93941.736 | J46: =$B$4*(B46^2)*($D$4^2*(2*PI())^4*A46^-5/4/PI()/$J$5^4*EXP((-1/PI())*(2*PI()/$J$5)^4*A46^-4)) -> 64869.135 | K46: =$B$4*(B46^2)*($D$4^2*(2*PI())^4*A46^-5/4/PI()/$K$5^4*EXP((-1/PI())*(2*PI()/$K$5)^4*A46^-4)) -> 45420.307 | L46: =$B$4*(B46^2)*($D$4^2*(2*PI())^4*A46^-5/4/PI()/$L$5^4*EXP((-1/PI())*(2*PI()/$L$5)^4*A46^-4)) -> 32436.509 | M46: =$B$4*(B46^2)*($D$4^2*(2*PI())^4*A46^-5/4/PI()/$M$5^4*EXP((-1/PI())*(2*PI()/$M$5)^4*A46^-4)) -> 23649.494 | N46: =$B$4*(B46^2)*($D$4^2*(2*PI())^4*A46^-5/4/PI()/$N$5^4*EXP((-1/PI())*(2*PI()/$N$5)^4*A46^-4)) -> 17588.874 | O46: =$B$4*(B46^2)*($D$4^2*(2*PI())^4*A46^-5/4/PI()/$O$5^4*EXP((-1/PI())*(2*PI()/$O$5)^4*A46^-4)) -> 13323.738 | P46: =$B$4*(B46^2)*($D$4^2*(2*PI())^4*A46^-5/4/PI()/$P$5^4*EXP((-1/PI())*(2*PI()/$P$5)^4*A46^-4)) -> 10262.798 | Q46: =$B$4*(B46^2)*($D$4^2*(2*PI())^4*A46^-5/4/PI()/$Q$5^4*EXP((-1/PI())*(2*PI()/$Q$5)^4*A46^-4)) -> 8025.3152 | R46: =$B$4*(B46^2)*($D$4^2*(2*PI())^4*A46^-5/4/PI()/$R$5^4*EXP((-1/PI())*(2*PI()/$R$5)^4*A46^-4)) -> 6361.7728 | S46: =$B$4*(B46^2)*($D$4^2*(2*PI())^4*A46^-5/4/PI()/$S$5^4*EXP((-1/PI())*(2*PI()/$S$5)^4*A46^-4)) -> 5105.5698
C47: sum | D47: =SUM(D6:D46) -> 15103.112 | E47: =SUM(E6:E46) -> 1644768.2 | F47: =SUM(F6:F46) -> 5423628.6 | G47: =SUM(G6:G46) -> 6726987.3 | H47: =SUM(H6:H46) -> 8322234.4 | I47: =SUM(I6:I46) -> 15040386 | J47: =SUM(J6:J46) -> 29154780 | K47: =SUM(K6:K46) -> 49939385 | ... S47: =SUM(S6:S46) -> 4.1732282e+08 | T47: =SUM(D47:S47) -> 1.8309456e+09
A48: w0 | B48: =A51-A50 -> 0.027779436 | C48: Hs | D48: 1.5
A49: w | B49: RAO(0) | C49: Tz | D49: 3.5 | E49: 4.5 | F49: 5.5 | G49: 6.5 | H49: 7.5 | I49: 8.5 | J49: 9.5 | K49: 10.5 | L49: 11.5 | M49: 12.5 | N49: 13.5 | O49: 14.5 | P49: 15.5 | Q49: 16.5 | R49: 17.5 | S49: 18.5
A50: =A6 -> 0.04934449 | B50: =B6 -> 66932.15 | D50: =$B$4*(B50^2)*($D$48^2*(2*PI())^4*A50^-5/4/PI()/$D$5^4*EXP((-1/PI())*(2*PI()/$D$5)^4*A50^-4)) -> 0 | E50: =$B$4*(B50^2)*($D$48^2*(2*PI())^4*A50^-5/4/PI()/$E$5^4*EXP((-1/PI())*(2*PI()/$E$5)^4*A50^-4)) -> 0 | F50: =$B$4*(B50^2)*($D$48^2*(2*PI())^4*A50^-5/4/PI()/$F$5^4*EXP((-1/PI())*(2*PI()/$F$5)^4*A50^-4)) -> 0 | G50: =$B$4*(B50^2)*($D$48^2*(2*PI())^4*A50^-5/4/PI()/$G$5^4*EXP((-1/PI())*(2*PI()/$G$5)^4*A50^-4)) -> 0 | H50: =$B$4*(B50^2)*($D$48^2*(2*PI())^4*A50^-5/4/PI()/$H$5^4*EXP((-1/PI())*(2*PI()/$H$5)^4*A50^-4)) -> 0 | I50: =$B$4*(B50^2)*($D$48^2*(2*PI())^4*A50^-5/4/PI()/$I$5^4*EXP((-1/PI())*(2*PI()/$I$5)^4*A50^-4)) -> 0 | J50: =$B$4*(B50^2)*($D$48^2*(2*PI())^4*A50^-5/4/PI()/$J$5^4*EXP((-1/PI())*(2*PI()/$J$5)^4*A50^-4)) -> 0 | K50: =$B$4*(B50^2)*($D$48^2*(2*PI())^4*A50^-5/4/PI()/$K$5^4*EXP((-1/PI())*(2*PI()/$K$5)^4*A50^-4)) -> 0 | L50: =$B$4*(B50^2)*($D$48^2*(2*PI())^4*A50^-5/4/PI()/$L$5^4*EXP((-1/PI())*(2*PI()/$L$5)^4*A50^-4)) -> 0 | M50: =$B$4*(B50^2)*($D$48^2*(2*PI())^4*A50^-5/4/PI()/$M$5^4*EXP((-1/PI())*(2*PI()/$M$5)^4*A50^-4)) -> 0 | N50: =$B$4*(B50^2)*($D$48^2*(2*PI())^4*A50^-5/4/PI()/$N$5^4*EXP((-1/PI())*(2*PI()/$N$5)^4*A50^-4)) -> 0 | O50: =$B$4*(B50^2)*($D$48^2*(2*PI())^4*A50^-5/4/PI()/$O$5^4*EXP((-1/PI())*(2*PI()/$O$5)^4*A50^-4)) -> 0 | P50: =$B$4*(B50^2)*($D$48^2*(2*PI())^4*A50^-5/4/PI()/$P$5^4*EXP((-1/PI())*(2*PI()/$P$5)^4*A50^-4)) -> 0 | Q50: =$B$4*(B50^2)*($D$48^2*(2*PI())^4*A50^-5/4/PI()/$Q$5^4*EXP((-1/PI())*(2*PI()/$Q$5)^4*A50^-4)) -> 0 | R50: =$B$4*(B50^2)*($D$48^2*(2*PI())^4*A50^-5/4/PI()/$R$5^4*EXP((-1/PI())*(2*PI()/$R$5)^4*A50^-4)) -> 0 | S50: =$B$4*(B50^2)*($D$48^2*(2*PI())^4*A50^-5/4/PI()/$S$5^4*EXP((-1/PI())*(2*PI()/$S$5)^4*A50^-4)) -> 5.6940362e-299
A51: =A7 -> 0.077123926 | B51: =B7 -> 165548.16 | D51: =$B$4*(B51^2)*($D$48^2*(2*PI())^4*A51^-5/4/PI()/$D$5^4*EXP((-1/PI())*(2*PI()/$D$5)^4*A51^-4)) -> 0 | E51: =$B$4*(B51^2)*($D$48^2*(2*PI())^4*A51^-5/4/PI()/$E$5^4*EXP((-1/PI())*(2*PI()/$E$5)^4*A51^-4)) -> 0 | F51: =$B$4*(B51^2)*($D$48^2*(2*PI())^4*A51^-5/4/PI()/$F$5^4*EXP((-1/PI())*(2*PI()/$F$5)^4*A51^-4)) -> 0 | G51: =$B$4*(B51^2)*($D$48^2*(2*PI())^4*A51^-5/4/PI()/$G$5^4*EXP((-1/PI())*(2*PI()/$G$5)^4*A51^-4)) -> 0 | H51: =$B$4*(B51^2)*($D$48^2*(2*PI())^4*A51^-5/4/PI()/$H$5^4*EXP((-1/PI())*(2*PI()/$H$5)^4*A51^-4)) -> 0 | I51: =$B$4*(B51^2)*($D$48^2*(2*PI())^4*A51^-5/4/PI()/$I$5^4*EXP((-1/PI())*(2*PI()/$I$5)^4*A51^-4)) -> 0 | J51: =$B$4*(B51^2)*($D$48^2*(2*PI())^4*A51^-5/4/PI()/$J$5^4*EXP((-1/PI())*(2*PI()/$J$5)^4*A51^-4)) -> 0 | K51: =$B$4*(B51^2)*($D$48^2*(2*PI())^4*A51^-5/4/PI()/$K$5^4*EXP((-1/PI())*(2*PI()/$K$5)^4*A51^-4)) -> 0 | L51: =$B$4*(B51^2)*($D$48^2*(2*PI())^4*A51^-5/4/PI()/$L$5^4*EXP((-1/PI())*(2*PI()/$L$5)^4*A51^-4)) -> 0 | M51: =$B$4*(B51^2)*($D$48^2*(2*PI())^4*A51^-5/4/PI()/$M$5^4*EXP((-1/PI())*(2*PI()/$M$5)^4*A51^-4)) -> 1.1714147e-237 | N51: =$B$4*(B51^2)*($D$48^2*(2*PI())^4*A51^-5/4/PI()/$N$5^4*EXP((-1/PI())*(2*PI()/$N$5)^4*A51^-4)) -> 1.0661929e-171 | O51: =$B$4*(B51^2)*($D$48^2*(2*PI())^4*A51^-5/4/PI()/$O$5^4*EXP((-1/PI())*(2*PI()/$O$5)^4*A51^-4)) -> 3.0558661e-126 | P51: =$B$4*(B51^2)*($D$48^2*(2*PI())^4*A51^-5/4/PI()/$P$5^4*EXP((-1/PI())*(2*PI()/$P$5)^4*A51^-4)) -> 4.2226591e-94 | Q51: =$B$4*(B51^2)*($D$48^2*(2*PI())^4*A51^-5/4/PI()/$Q$5^4*EXP((-1/PI())*(2*PI()/$Q$5)^4*A51^-4)) -> 7.263725e-71 | R51: =$B$4*(B51^2)*($D$48^2*(2*PI())^4*A51^-5/4/PI()/$R$5^4*EXP((-1/PI())*(2*PI()/$R$5)^4*A51^-4)) -> 9.7543351e-54 | S51: =$B$4*(B51^2)*($D$48^2*(2*PI())^4*A51^-5/4/PI()/$S$5^4*EXP((-1/PI())*(2*PI()/$S$5)^4*A51^-4)) -> 6.8194615e-41
A52: =A8 -> 0.10446991 | B52: =B8 -> 321987.2 | D52: =$B$4*(B52^2)*($D$48^2*(2*PI())^4*A52^-5/4/PI()/$D$5^4*EXP((-1/PI())*(2*PI()/$D$5)^4*A52^-4)) -> 0 | E52: =$B$4*(B52^2)*($D$48^2*(2*PI())^4*A52^-5/4/PI()/$E$5^4*EXP((-1/PI())*(2*PI()/$E$5)^4*A52^-4)) -> 0 | F52: =$B$4*(B52^2)*($D$48^2*(2*PI())^4*A52^-5/4/PI()/$F$5^4*EXP((-1/PI())*(2*PI()/$F$5)^4*A52^-4)) -> 0 | G52: =$B$4*(B52^2)*($D$48^2*(2*PI())^4*A52^-5/4/PI()/$G$5^4*EXP((-1/PI())*(2*PI()/$G$5)^4*A52^-4)) -> 0 | H52: =$B$4*(B52^2)*($D$48^2*(2*PI())^4*A52^-5/4/PI()/$H$5^4*EXP((-1/PI())*(2*PI()/$H$5)^4*A52^-4)) -> 0 | I52: =$B$4*(B52^2)*($D$48^2*(2*PI())^4*A52^-5/4/PI()/$I$5^4*EXP((-1/PI())*(2*PI()/$I$5)^4*A52^-4)) -> 0 | J52: =$B$4*(B52^2)*($D$48^2*(2*PI())^4*A52^-5/4/PI()/$J$5^4*EXP((-1/PI())*(2*PI()/$J$5)^4*A52^-4)) -> 6.7112118e-210 | K52: =$B$4*(B52^2)*($D$48^2*(2*PI())^4*A52^-5/4/PI()/$K$5^4*EXP((-1/PI())*(2*PI()/$K$5)^4*A52^-4)) -> 8.2310751e-137 | L52: =$B$4*(B52^2)*($D$48^2*(2*PI())^4*A52^-5/4/PI()/$L$5^4*EXP((-1/PI())*(2*PI()/$L$5)^4*A52^-4)) -> 1.4091793e-91 | M52: =$B$4*(B52^2)*($D$48^2*(2*PI())^4*A52^-5/4/PI()/$M$5^4*EXP((-1/PI())*(2*PI()/$M$5)^4*A52^-4)) -> 2.1592253e-62 | N52: =$B$4*(B52^2)*($D$48^2*(2*PI())^4*A52^-5/4/PI()/$N$5^4*EXP((-1/PI())*(2*PI()/$N$5)^4*A52^-4)) -> 6.7883443e-43 | O52: =$B$4*(B52^2)*($D$48^2*(2*PI())^4*A52^-5/4/PI()/$O$5^4*EXP((-1/PI())*(2*PI()/$O$5)^4*A52^-4)) -> 1.7636488e-29 | P52: =$B$4*(B52^2)*($D$48^2*(2*PI())^4*A52^-5/4/PI()/$P$5^4*EXP((-1/PI())*(2*PI()/$P$5)^4*A52^-4)) -> 5.1458602e-20 | Q52: =$B$4*(B52^2)*($D$48^2*(2*PI())^4*A52^-5/4/PI()/$Q$5^4*EXP((-1/PI())*(2*PI()/$Q$5)^4*A52^-4)) -> 3.440598e-13 | R52: =$B$4*(B52^2)*($D$48^2*(2*PI())^4*A52^-5/4/PI()/$R$5^4*EXP((-1/PI())*(2*PI()/$R$5)^4*A52^-4)) -> 3.5663054e-08 | S52: =$B$4*(B52^2)*($D$48^2*(2*PI())^4*A52^-5/4/PI()/$S$5^4*EXP((-1/PI())*(2*PI()/$S$5)^4*A52^-4)) -> 0.00019929604
A53: =A9 -> 0.13138243 | B53: =B9 -> 481594.64 | D53: =$B$4*(B53^2)*($D$48^2*(2*PI())^4*A53^-5/4/PI()/$D$5^4*EXP((-1/PI())*(2*PI()/$D$5)^4*A53^-4)) -> 0 | E53: =$B$4*(B53^2)*($D$48^2*(2*PI())^4*A53^-5/4/PI()/$E$5^4*EXP((-1/PI())*(2*PI()/$E$5)^4*A53^-4)) -> 0 | F53: =$B$4*(B53^2)*($D$48^2*(2*PI())^4*A53^-5/4/PI()/$F$5^4*EXP((-1/PI())*(2*PI()/$F$5)^4*A53^-4)) -> 0 | G53: =$B$4*(B53^2)*($D$48^2*(2*PI())^4*A53^-5/4/PI()/$G$5^4*EXP((-1/PI())*(2*PI()/$G$5)^4*A53^-4)) -> 0 | H53: =$B$4*(B53^2)*($D$48^2*(2*PI())^4*A53^-5/4/PI()/$H$5^4*EXP((-1/PI())*(2*PI()/$H$5)^4*A53^-4)) -> 4.1993535e-216 | I53: =$B$4*(B53^2)*($D$48^2*(2*PI())^4*A53^-5/4/PI()/$I$5^4*EXP((-1/PI())*(2*PI()/$I$5)^4*A53^-4)) -> 2.6250446e-126 | J53: =$B$4*(B53^2)*($D$48^2*(2*PI())^4*A53^-5/4/PI()/$J$5^4*EXP((-1/PI())*(2*PI()/$J$5)^4*A53^-4)) -> 9.3795877e-77 | K53: =$B$4*(B53^2)*($D$48^2*(2*PI())^4*A53^-5/4/PI()/$K$5^4*EXP((-1/PI())*(2*PI()/$K$5)^4*A53^-4)) -> 1.2213653e-47 | L53: =$B$4*(B53^2)*($D$48^2*(2*PI())^4*A53^-5/4/PI()/$L$5^4*EXP((-1/PI())*(2*PI()/$L$5)^4*A53^-4)) -> 1.1890953e-29 | M53: =$B$4*(B53^2)*($D$48^2*(2*PI())^4*A53^-5/4/PI()/$M$5^4*EXP((-1/PI())*(2*PI()/$M$5)^4*A53^-4)) -> 4.5273217e-18 | N53: =$B$4*(B53^2)*($D$48^2*(2*PI())^4*A53^-5/4/PI()/$N$5^4*EXP((-1/PI())*(2*PI()/$N$5)^4*A53^-4)) -> 2.3452764e-10 | O53: =$B$4*(B53^2)*($D$48^2*(2*PI())^4*A53^-5/4/PI()/$O$5^4*EXP((-1/PI())*(2*PI()/$O$5)^4*A53^-4)) -> 4.5553861e-05 | P53: =$B$4*(B53^2)*($D$48^2*(2*PI())^4*A53^-5/4/PI()/$P$5^4*EXP((-1/PI())*(2*PI()/$P$5)^4*A53^-4)) -> 0.23597997 | Q53: =$B$4*(B53^2)*($D$48^2*(2*PI())^4*A53^-5/4/PI()/$Q$5^4*EXP((-1/PI())*(2*PI()/$Q$5)^4*A53^-4)) -> 108.69765 | R53: =$B$4*(B53^2)*($D$48^2*(2*PI())^4*A53^-5/4/PI()/$R$5^4*EXP((-1/PI())*(2*PI()/$R$5)^4*A53^-4)) -> 9549.3261 | S53: =$B$4*(B53^2)*($D$48^2*(2*PI())^4*A53^-5/4/PI()/$S$5^4*EXP((-1/PI())*(2*PI()/$S$5)^4*A53^-4)) -> 263086.86
A54: =A10 -> 0.1578615 | B54: =B10 -> 538229.53 | D54: =$B$4*(B54^2)*($D$48^2*(2*PI())^4*A54^-5/4/PI()/$D$5^4*EXP((-1/PI())*(2*PI()/$D$5)^4*A54^-4)) -> 0 | E54: =$B$4*(B54^2)*($D$48^2*(2*PI())^4*A54^-5/4/PI()/$E$5^4*EXP((-1/PI())*(2*PI()/$E$5)^4*A54^-4)) -> 0 | F54: =$B$4*(B54^2)*($D$48^2*(2*PI())^4*A54^-5/4/PI()/$F$5^4*EXP((-1/PI())*(2*PI()/$F$5)^4*A54^-4)) -> 0 | G54: =$B$4*(B54^2)*($D$48^2*(2*PI())^4*A54^-5/4/PI()/$G$5^4*EXP((-1/PI())*(2*PI()/$G$5)^4*A54^-4)) -> 5.6672622e-182 | H54: =$B$4*(B54^2)*($D$48^2*(2*PI())^4*A54^-5/4/PI()/$H$5^4*EXP((-1/PI())*(2*PI()/$H$5)^4*A54^-4)) -> 1.6251905e-97 | I54: =$B$4*(B54^2)*($D$48^2*(2*PI())^4*A54^-5/4/PI()/$I$5^4*EXP((-1/PI())*(2*PI()/$I$5)^4*A54^-4)) -> 1.5146348e-54 | J54: =$B$4*(B54^2)*($D$48^2*(2*PI())^4*A54^-5/4/PI()/$J$5^4*EXP((-1/PI())*(2*PI()/$J$5)^4*A54^-4)) -> 7.1527006e-31 | K54: =$B$4*(B54^2)*($D$48^2*(2*PI())^4*A54^-5/4/PI()/$K$5^4*EXP((-1/PI())*(2*PI()/$K$5)^4*A54^-4)) -> 5.404117e-17 | L54: =$B$4*(B54^2)*($D$48^2*(2*PI())^4*A54^-5/4/PI()/$L$5^4*EXP((-1/PI())*(2*PI()/$L$5)^4*A54^-4)) -> 1.9099224e-08 | M54: =$B$4*(B54^2)*($D$48^2*(2*PI())^4*A54^-5/4/PI()/$M$5^4*EXP((-1/PI())*(2*PI()/$M$5)^4*A54^-4)) -> 0.0057788622 | N54: =$B$4*(B54^2)*($D$48^2*(2*PI())^4*A54^-5/4/PI()/$N$5^4*EXP((-1/PI())*(2*PI()/$N$5)^4*A54^-4)) -> 24.745838 | O54: =$B$4*(B54^2)*($D$48^2*(2*PI())^4*A54^-5/4/PI()/$O$5^4*EXP((-1/PI())*(2*PI()/$O$5)^4*A54^-4)) -> 7348.0475 | P54: =$B$4*(B54^2)*($D$48^2*(2*PI())^4*A54^-5/4/PI()/$P$5^4*EXP((-1/PI())*(2*PI()/$P$5)^4*A54^-4)) -> 387241.45 | Q54: =$B$4*(B54^2)*($D$48^2*(2*PI())^4*A54^-5/4/PI()/$Q$5^4*EXP((-1/PI())*(2*PI()/$Q$5)^4*A54^-4)) -> 6446255.1 | R54: =$B$4*(B54^2)*($D$48^2*(2*PI())^4*A54^-5/4/PI()/$R$5^4*EXP((-1/PI())*(2*PI()/$R$5)^4*A54^-4)) -> 48832718 | S54: =$B$4*(B54^2)*($D$48^2*(2*PI())^4*A54^-5/4/PI()/$S$5^4*EXP((-1/PI())*(2*PI()/$S$5)^4*A54^-4)) -> 2.1352026e+08
A55: =A11 -> 0.18390711 | B55: =B11 -> 401196.85 | D55: =$B$4*(B55^2)*($D$48^2*(2*PI())^4*A55^-5/4/PI()/$D$5^4*EXP((-1/PI())*(2*PI()/$D$5)^4*A55^-4)) -> 0 | E55: =$B$4*(B55^2)*($D$48^2*(2*PI())^4*A55^-5/4/PI()/$E$5^4*EXP((-1/PI())*(2*PI()/$E$5)^4*A55^-4)) -> 0 | F55: =$B$4*(B55^2)*($D$48^2*(2*PI())^4*A55^-5/4/PI()/$F$5^4*EXP((-1/PI())*(2*PI()/$F$5)^4*A55^-4)) -> 9.5831409e-194 | G55: =$B$4*(B55^2)*($D$48^2*(2*PI())^4*A55^-5/4/PI()/$G$5^4*EXP((-1/PI())*(2*PI()/$G$5)^4*A55^-4)) -> 1.0194931e-93 | H55: =$B$4*(B55^2)*($D$48^2*(2*PI())^4*A55^-5/4/PI()/$H$5^4*EXP((-1/PI())*(2*PI()/$H$5)^4*A55^-4)) -> 5.5691459e-48 | I55: =$B$4*(B55^2)*($D$48^2*(2*PI())^4*A55^-5/4/PI()/$I$5^4*EXP((-1/PI())*(2*PI()/$I$5)^4*A55^-4)) -> 9.4189357e-25 | J55: =$B$4*(B55^2)*($D$48^2*(2*PI())^4*A55^-5/4/PI()/$J$5^4*EXP((-1/PI())*(2*PI()/$J$5)^4*A55^-4)) -> 5.4715985e-12 | K55: =$B$4*(B55^2)*($D$48^2*(2*PI())^4*A55^-5/4/PI()/$K$5^4*EXP((-1/PI())*(2*PI()/$K$5)^4*A55^-4)) -> 0.00015595061 | L55: =$B$4*(B55^2)*($D$48^2*(2*PI())^4*A55^-5/4/PI()/$L$5^4*EXP((-1/PI())*(2*PI()/$L$5)^4*A55^-4)) -> 5.7745531 | M55: =$B$4*(B55^2)*($D$48^2*(2*PI())^4*A55^-5/4/PI()/$M$5^4*EXP((-1/PI())*(2*PI()/$M$5)^4*A55^-4)) -> 4685.8155 | N55: =$B$4*(B55^2)*($D$48^2*(2*PI())^4*A55^-5/4/PI()/$N$5^4*EXP((-1/PI())*(2*PI()/$N$5)^4*A55^-4)) -> 381292.91 | O55: =$B$4*(B55^2)*($D$48^2*(2*PI())^4*A55^-5/4/PI()/$O$5^4*EXP((-1/PI())*(2*PI()/$O$5)^4*A55^-4)) -> 7360355.4 | P55: =$B$4*(B55^2)*($D$48^2*(2*PI())^4*A55^-5/4/PI()/$P$5^4*EXP((-1/PI())*(2*PI()/$P$5)^4*A55^-4)) -> 56064940 | Q55: =$B$4*(B55^2)*($D$48^2*(2*PI())^4*A55^-5/4/PI()/$Q$5^4*EXP((-1/PI())*(2*PI()/$Q$5)^4*A55^-4)) -> 2.3019127e+08 | R55: =$B$4*(B55^2)*($D$48^2*(2*PI())^4*A55^-5/4/PI()/$R$5^4*EXP((-1/PI())*(2*PI()/$R$5)^4*A55^-4)) -> 6.2055851e+08 | S55: =$B$4*(B55^2)*($D$48^2*(2*PI())^4*A55^-5/4/PI()/$S$5^4*EXP((-1/PI())*(2*PI()/$S$5)^4*A55^-4)) -> 1.2488196e+09
A56: =A12 -> 0.20951927 | B56: =B12 -> 115250.03 | D56: =$B$4*(B56^2)*($D$48^2*(2*PI())^4*A56^-5/4/PI()/$D$5^4*EXP((-1/PI())*(2*PI()/$D$5)^4*A56^-4)) -> 0 | E56: =$B$4*(B56^2)*($D$48^2*(2*PI())^4*A56^-5/4/PI()/$E$5^4*EXP((-1/PI())*(2*PI()/$E$5)^4*A56^-4)) -> 1.3873211e-261 | F56: =$B$4*(B56^2)*($D$48^2*(2*PI())^4*A56^-5/4/PI()/$F$5^4*EXP((-1/PI())*(2*PI()/$F$5)^4*A56^-4)) -> 1.8328037e-111 | G56: =$B$4*(B56^2)*($D$48^2*(2*PI())^4*A56^-5/4/PI()/$G$5^4*EXP((-1/PI())*(2*PI()/$G$5)^4*A56^-4)) -> 3.3244852e-52 | H56: =$B$4*(B56^2)*($D$48^2*(2*PI())^4*A56^-5/4/PI()/$H$5^4*EXP((-1/PI())*(2*PI()/$H$5)^4*A56^-4)) -> 3.7212751e-25 | I56: =$B$4*(B56^2)*($D$48^2*(2*PI())^4*A56^-5/4/PI()/$I$5^4*EXP((-1/PI())*(2*PI()/$I$5)^4*A56^-4)) -> 1.8652366e-11 | J56: =$B$4*(B56^2)*($D$48^2*(2*PI())^4*A56^-5/4/PI()/$J$5^4*EXP((-1/PI())*(2*PI()/$J$5)^4*A56^-4)) -> 0.00058757532 | K56: =$B$4*(B56^2)*($D$48^2*(2*PI())^4*A56^-5/4/PI()/$K$5^4*EXP((-1/PI())*(2*PI()/$K$5)^4*A56^-4)) -> 13.294235 | L56: =$B$4*(B56^2)*($D$48^2*(2*PI())^4*A56^-5/4/PI()/$L$5^4*EXP((-1/PI())*(2*PI()/$L$5)^4*A56^-4)) -> 5906.7198 | M56: =$B$4*(B56^2)*($D$48^2*(2*PI())^4*A56^-5/4/PI()/$M$5^4*EXP((-1/PI())*(2*PI()/$M$5)^4*A56^-4)) -> 275067.12 | N56: =$B$4*(B56^2)*($D$48^2*(2*PI())^4*A56^-5/4/PI()/$N$5^4*EXP((-1/PI())*(2*PI()/$N$5)^4*A56^-4)) -> 3305020.9 | O56: =$B$4*(B56^2)*($D$48^2*(2*PI())^4*A56^-5/4/PI()/$O$5^4*EXP((-1/PI())*(2*PI()/$O$5)^4*A56^-4)) -> 17056473 | P56: =$B$4*(B56^2)*($D$48^2*(2*PI())^4*A56^-5/4/PI()/$P$5^4*EXP((-1/PI())*(2*PI()/$P$5)^4*A56^-4)) -> 51079169 | Q56: =$B$4*(B56^2)*($D$48^2*(2*PI())^4*A56^-5/4/PI()/$Q$5^4*EXP((-1/PI())*(2*PI()/$Q$5)^4*A56^-4)) -> 1.0671418e+08 | R56: =$B$4*(B56^2)*($D$48^2*(2*PI())^4*A56^-5/4/PI()/$R$5^4*EXP((-1/PI())*(2*PI()/$R$5)^4*A56^-4)) -> 1.7472073e+08 | S56: =$B$4*(B56^2)*($D$48^2*(2*PI())^4*A56^-5/4/PI()/$S$5^4*EXP((-1/PI())*(2*PI()/$S$5)^4*A56^-4)) -> 2.4176949e+08
A57: =A13 -> 0.23469797 | B57: =B13 -> 156835.1 | D57: =$B$4*(B57^2)*($D$48^2*(2*PI())^4*A57^-5/4/PI()/$D$5^4*EXP((-1/PI())*(2*PI()/$D$5)^4*A57^-4)) -> 0 | E57: =$B$4*(B57^2)*($D$48^2*(2*PI())^4*A57^-5/4/PI()/$E$5^4*EXP((-1/PI())*(2*PI()/$E$5)^4*A57^-4)) -> 4.4396942e-162 | F57: =$B$4*(B57^2)*($D$48^2*(2*PI())^4*A57^-5/4/PI()/$F$5^4*EXP((-1/PI())*(2*PI()/$F$5)^4*A57^-4)) -> 7.337922e-67 | G57: =$B$4*(B57^2)*($D$48^2*(2*PI())^4*A57^-5/4/PI()/$G$5^4*EXP((-1/PI())*(2*PI()/$G$5)^4*A57^-4)) -> 2.4902987e-29 | H57: =$B$4*(B57^2)*($D$48^2*(2*PI())^4*A57^-5/4/PI()/$H$5^4*EXP((-1/PI())*(2*PI()/$H$5)^4*A57^-4)) -> 3.0548899e-12 | I57: =$B$4*(B57^2)*($D$48^2*(2*PI())^4*A57^-5/4/PI()/$I$5^4*EXP((-1/PI())*(2*PI()/$I$5)^4*A57^-4)) -> 0.0012790465 | J57: =$B$4*(B57^2)*($D$48^2*(2*PI())^4*A57^-5/4/PI()/$J$5^4*EXP((-1/PI())*(2*PI()/$J$5)^4*A57^-4)) -> 62.91509 | K57: =$B$4*(B57^2)*($D$48^2*(2*PI())^4*A57^-5/4/PI()/$K$5^4*EXP((-1/PI())*(2*PI()/$K$5)^4*A57^-4)) -> 31697.678 | L57: =$B$4*(B57^2)*($D$48^2*(2*PI())^4*A57^-5/4/PI()/$L$5^4*EXP((-1/PI())*(2*PI()/$L$5)^4*A57^-4)) -> 1333434.6 | M57: =$B$4*(B57^2)*($D$48^2*(2*PI())^4*A57^-5/4/PI()/$M$5^4*EXP((-1/PI())*(2*PI()/$M$5)^4*A57^-4)) -> 13538340 | N57: =$B$4*(B57^2)*($D$48^2*(2*PI())^4*A57^-5/4/PI()/$N$5^4*EXP((-1/PI())*(2*PI()/$N$5)^4*A57^-4)) -> 58687998 | O57: =$B$4*(B57^2)*($D$48^2*(2*PI())^4*A57^-5/4/PI()/$O$5^4*EXP((-1/PI())*(2*PI()/$O$5)^4*A57^-4)) -> 1.4993988e+08 | P57: =$B$4*(B57^2)*($D$48^2*(2*PI())^4*A57^-5/4/PI()/$P$5^4*EXP((-1/PI())*(2*PI()/$P$5)^4*A57^-4)) -> 2.7301642e+08 | Q57: =$B$4*(B57^2)*($D$48^2*(2*PI())^4*A57^-5/4/PI()/$Q$5^4*EXP((-1/PI())*(2*PI()/$Q$5)^4*A57^-4)) -> 3.9791095e+08 | R57: =$B$4*(B57^2)*($D$48^2*(2*PI())^4*A57^-5/4/PI()/$R$5^4*EXP((-1/PI())*(2*PI()/$R$5)^4*A57^-4)) -> 4.9944053e+08 | S57: =$B$4*(B57^2)*($D$48^2*(2*PI())^4*A57^-5/4/PI()/$S$5^4*EXP((-1/PI())*(2*PI()/$S$5)^4*A57^-4)) -> 5.6604285e+08
A58: =A14 -> 0.25944322 | B58: =B14 -> 184162.42 | D58: =$B$4*(B58^2)*($D$48^2*(2*PI())^4*A58^-5/4/PI()/$D$5^4*EXP((-1/PI())*(2*PI()/$D$5)^4*A58^-4)) -> 0 | E58: =$B$4*(B58^2)*($D$48^2*(2*PI())^4*A58^-5/4/PI()/$E$5^4*EXP((-1/PI())*(2*PI()/$E$5)^4*A58^-4)) -> 5.8845638e-105 | F58: =$B$4*(B58^2)*($D$48^2*(2*PI())^4*A58^-5/4/PI()/$F$5^4*EXP((-1/PI())*(2*PI()/$F$5)^4*A58^-4)) -> 2.6327513e-41 | G58: =$B$4*(B58^2)*($D$48^2*(2*PI())^4*A58^-5/4/PI()/$G$5^4*EXP((-1/PI())*(2*PI()/$G$5)^4*A58^-4)) -> 2.8716891e-16 | H58: =$B$4*(B58^2)*($D$48^2*(2*PI())^4*A58^-5/4/PI()/$H$5^4*EXP((-1/PI())*(2*PI()/$H$5)^4*A58^-4)) -> 6.6074265e-05 | I58: =$B$4*(B58^2)*($D$48^2*(2*PI())^4*A58^-5/4/PI()/$I$5^4*EXP((-1/PI())*(2*PI()/$I$5)^4*A58^-4)) -> 33.275795 | J58: =$B$4*(B58^2)*($D$48^2*(2*PI())^4*A58^-5/4/PI()/$J$5^4*EXP((-1/PI())*(2*PI()/$J$5)^4*A58^-4)) -> 39843.77 | K58: =$B$4*(B58^2)*($D$48^2*(2*PI())^4*A58^-5/4/PI()/$K$5^4*EXP((-1/PI())*(2*PI()/$K$5)^4*A58^-4)) -> 2252118.6 | L58: =$B$4*(B58^2)*($D$48^2*(2*PI())^4*A58^-5/4/PI()/$L$5^4*EXP((-1/PI())*(2*PI()/$L$5)^4*A58^-4)) -> 24429490 | M58: =$B$4*(B58^2)*($D$48^2*(2*PI())^4*A58^-5/4/PI()/$M$5^4*EXP((-1/PI())*(2*PI()/$M$5)^4*A58^-4)) -> 1.0331538e+08 | N58: =$B$4*(B58^2)*($D$48^2*(2*PI())^4*A58^-5/4/PI()/$N$5^4*EXP((-1/PI())*(2*PI()/$N$5)^4*A58^-4)) -> 2.492178e+08 | O58: =$B$4*(B58^2)*($D$48^2*(2*PI())^4*A58^-5/4/PI()/$O$5^4*EXP((-1/PI())*(2*PI()/$O$5)^4*A58^-4)) -> 4.2499208e+08 | P58: =$B$4*(B58^2)*($D$48^2*(2*PI())^4*A58^-5/4/PI()/$P$5^4*EXP((-1/PI())*(2*PI()/$P$5)^4*A58^-4)) -> 5.8131404e+08 | Q58: =$B$4*(B58^2)*($D$48^2*(2*PI())^4*A58^-5/4/PI()/$Q$5^4*EXP((-1/PI())*(2*PI()/$Q$5)^4*A58^-4)) -> 6.8879996e+08 | R58: =$B$4*(B58^2)*($D$48^2*(2*PI())^4*A58^-5/4/PI()/$R$5^4*EXP((-1/PI())*(2*PI()/$R$5)^4*A58^-4)) -> 7.4203642e+08 | S58: =$B$4*(B58^2)*($D$48^2*(2*PI())^4*A58^-5/4/PI()/$S$5^4*EXP((-1/PI())*(2*PI()/$S$5)^4*A58^-4)) -> 7.498002e+08
A59: =A15 -> 0.28375501 | B59: =B15 -> 100992.3 | D59: =$B$4*(B59^2)*($D$48^2*(2*PI())^4*A59^-5/4/PI()/$D$5^4*EXP((-1/PI())*(2*PI()/$D$5)^4*A59^-4)) -> 9.7886924e-211 | E59: =$B$4*(B59^2)*($D$48^2*(2*PI())^4*A59^-5/4/PI()/$E$5^4*EXP((-1/PI())*(2*PI()/$E$5)^4*A59^-4)) -> 9.4356294e-71 | F59: =$B$4*(B59^2)*($D$48^2*(2*PI())^4*A59^-5/4/PI()/$F$5^4*EXP((-1/PI())*(2*PI()/$F$5)^4*A59^-4)) -> 2.2554323e-26 | G59: =$B$4*(B59^2)*($D$48^2*(2*PI())^4*A59^-5/4/PI()/$G$5^4*EXP((-1/PI())*(2*PI()/$G$5)^4*A59^-4)) -> 5.8063988e-09 | H59: =$B$4*(B59^2)*($D$48^2*(2*PI())^4*A59^-5/4/PI()/$H$5^4*EXP((-1/PI())*(2*PI()/$H$5)^4*A59^-4)) -> 0.42610109 | I59: =$B$4*(B59^2)*($D$48^2*(2*PI())^4*A59^-5/4/PI()/$I$5^4*EXP((-1/PI())*(2*PI()/$I$5)^4*A59^-4)) -> 3540.3791 | J59: =$B$4*(B59^2)*($D$48^2*(2*PI())^4*A59^-5/4/PI()/$J$5^4*EXP((-1/PI())*(2*PI()/$J$5)^4*A59^-4)) -> 438675.34 | K59: =$B$4*(B59^2)*($D$48^2*(2*PI())^4*A59^-5/4/PI()/$K$5^4*EXP((-1/PI())*(2*PI()/$K$5)^4*A59^-4)) -> 6521772.1 | L59: =$B$4*(B59^2)*($D$48^2*(2*PI())^4*A59^-5/4/PI()/$L$5^4*EXP((-1/PI())*(2*PI()/$L$5)^4*A59^-4)) -> 30926494 | M59: =$B$4*(B59^2)*($D$48^2*(2*PI())^4*A59^-5/4/PI()/$M$5^4*EXP((-1/PI())*(2*PI()/$M$5)^4*A59^-4)) -> 76626427 | N59: =$B$4*(B59^2)*($D$48^2*(2*PI())^4*A59^-5/4/PI()/$N$5^4*EXP((-1/PI())*(2*PI()/$N$5)^4*A59^-4)) -> 1.2923367e+08 | O59: =$B$4*(B59^2)*($D$48^2*(2*PI())^4*A59^-5/4/PI()/$O$5^4*EXP((-1/PI())*(2*PI()/$O$5)^4*A59^-4)) -> 1.7218406e+08 | P59: =$B$4*(B59^2)*($D$48^2*(2*PI())^4*A59^-5/4/PI()/$P$5^4*EXP((-1/PI())*(2*PI()/$P$5)^4*A59^-4)) -> 1.9777543e+08 | Q59: =$B$4*(B59^2)*($D$48^2*(2*PI())^4*A59^-5/4/PI()/$Q$5^4*EXP((-1/PI())*(2*PI()/$Q$5)^4*A59^-4)) -> 2.0651943e+08 | R59: =$B$4*(B59^2)*($D$48^2*(2*PI())^4*A59^-5/4/PI()/$R$5^4*EXP((-1/PI())*(2*PI()/$R$5)^4*A59^-4)) -> 2.0266379e+08 | S59: =$B$4*(B59^2)*($D$48^2*(2*PI())^4*A59^-5/4/PI()/$S$5^4*EXP((-1/PI())*(2*PI()/$S$5)^4*A59^-4)) -> 1.9092622e+08
A60: =A16 -> 0.30763334 | B60: =B16 -> 127131.48 | D60: =$B$4*(B60^2)*($D$48^2*(2*PI())^4*A60^-5/4/PI()/$D$5^4*EXP((-1/PI())*(2*PI()/$D$5)^4*A60^-4)) -> 1.4999959e-149 | E60: =$B$4*(B60^2)*($D$48^2*(2*PI())^4*A60^-5/4/PI()/$E$5^4*EXP((-1/PI())*(2*PI()/$E$5)^4*A60^-4)) -> 2.4048956e-48 | F60: =$B$4*(B60^2)*($D$48^2*(2*PI())^4*A60^-5/4/PI()/$F$5^4*EXP((-1/PI())*(2*PI()/$F$5)^4*A60^-4)) -> 2.5560969e-16 | G60: =$B$4*(B60^2)*($D$48^2*(2*PI())^4*A60^-5/4/PI()/$G$5^4*EXP((-1/PI())*(2*PI()/$G$5)^4*A60^-4)) -> 0.00085097903 | H60: =$B$4*(B60^2)*($D$48^2*(2*PI())^4*A60^-5/4/PI()/$H$5^4*EXP((-1/PI())*(2*PI()/$H$5)^4*A60^-4)) -> 358.65767 | I60: =$B$4*(B60^2)*($D$48^2*(2*PI())^4*A60^-5/4/PI()/$I$5^4*EXP((-1/PI())*(2*PI()/$I$5)^4*A60^-4)) -> 214653.54 | J60: =$B$4*(B60^2)*($D$48^2*(2*PI())^4*A60^-5/4/PI()/$J$5^4*EXP((-1/PI())*(2*PI()/$J$5)^4*A60^-4)) -> 6214922.6 | K60: =$B$4*(B60^2)*($D$48^2*(2*PI())^4*A60^-5/4/PI()/$K$5^4*EXP((-1/PI())*(2*PI()/$K$5)^4*A60^-4)) -> 39257138 | L60: =$B$4*(B60^2)*($D$48^2*(2*PI())^4*A60^-5/4/PI()/$L$5^4*EXP((-1/PI())*(2*PI()/$L$5)^4*A60^-4)) -> 1.095377e+08 | M60: =$B$4*(B60^2)*($D$48^2*(2*PI())^4*A60^-5/4/PI()/$M$5^4*EXP((-1/PI())*(2*PI()/$M$5)^4*A60^-4)) -> 1.9265842e+08 | N60: =$B$4*(B60^2)*($D$48^2*(2*PI())^4*A60^-5/4/PI()/$N$5^4*EXP((-1/PI())*(2*PI()/$N$5)^4*A60^-4)) -> 2.5833017e+08 | O60: =$B$4*(B60^2)*($D$48^2*(2*PI())^4*A60^-5/4/PI()/$O$5^4*EXP((-1/PI())*(2*PI()/$O$5)^4*A60^-4)) -> 2.9382962e+08 | P60: =$B$4*(B60^2)*($D$48^2*(2*PI())^4*A60^-5/4/PI()/$P$5^4*EXP((-1/PI())*(2*PI()/$P$5)^4*A60^-4)) -> 3.0175938e+08 | Q60: =$B$4*(B60^2)*($D$48^2*(2*PI())^4*A60^-5/4/PI()/$Q$5^4*EXP((-1/PI())*(2*PI()/$Q$5)^4*A60^-4)) -> 2.9058072e+08 | R60: =$B$4*(B60^2)*($D$48^2*(2*PI())^4*A60^-5/4/PI()/$R$5^4*EXP((-1/PI())*(2*PI()/$R$5)^4*A60^-4)) -> 2.686049e+08 | S60: =$B$4*(B60^2)*($D$48^2*(2*PI())^4*A60^-5/4/PI()/$S$5^4*EXP((-1/PI())*(2*PI()/$S$5)^4*A60^-4)) -> 2.4193547e+08
A61: =A17 -> 0.33107822 | B61: =B17 -> 90298.995 | D61: =$B$4*(B61^2)*($D$48^2*(2*PI())^4*A61^-5/4/PI()/$D$5^4*EXP((-1/PI())*(2*PI()/$D$5)^4*A61^-4)) -> 3.3668566e-109 | E61: =$B$4*(B61^2)*($D$48^2*(2*PI())^4*A61^-5/4/PI()/$E$5^4*EXP((-1/PI())*(2*PI()/$E$5)^4*A61^-4)) -> 7.2124478e-34 | F61: =$B$4*(B61^2)*($D$48^2*(2*PI())^4*A61^-5/4/PI()/$F$5^4*EXP((-1/PI())*(2*PI()/$F$5)^4*A61^-4)) -> 4.3962064e-10 | G61: =$B$4*(B61^2)*($D$48^2*(2*PI())^4*A61^-5/4/PI()/$G$5^4*EXP((-1/PI())*(2*PI()/$G$5)^4*A61^-4)) -> 0.80135468 | H61: =$B$4*(B61^2)*($D$48^2*(2*PI())^4*A61^-5/4/PI()/$H$5^4*EXP((-1/PI())*(2*PI()/$H$5)^4*A61^-4)) -> 10800.651 | I61: =$B$4*(B61^2)*($D$48^2*(2*PI())^4*A61^-5/4/PI()/$I$5^4*EXP((-1/PI())*(2*PI()/$I$5)^4*A61^-4)) -> 1117436.9 | J61: =$B$4*(B61^2)*($D$48^2*(2*PI())^4*A61^-5/4/PI()/$J$5^4*EXP((-1/PI())*(2*PI()/$J$5)^4*A61^-4)) -> 12264245 | K61: =$B$4*(B61^2)*($D$48^2*(2*PI())^4*A61^-5/4/PI()/$K$5^4*EXP((-1/PI())*(2*PI()/$K$5)^4*A61^-4)) -> 43761453 | L61: =$B$4*(B61^2)*($D$48^2*(2*PI())^4*A61^-5/4/PI()/$L$5^4*EXP((-1/PI())*(2*PI()/$L$5)^4*A61^-4)) -> 85716134 | M61: =$B$4*(B61^2)*($D$48^2*(2*PI())^4*A61^-5/4/PI()/$M$5^4*EXP((-1/PI())*(2*PI()/$M$5)^4*A61^-4)) -> 1.1994687e+08 | N61: =$B$4*(B61^2)*($D$48^2*(2*PI())^4*A61^-5/4/PI()/$N$5^4*EXP((-1/PI())*(2*PI()/$N$5)^4*A61^-4)) -> 1.3801119e+08 | O61: =$B$4*(B61^2)*($D$48^2*(2*PI())^4*A61^-5/4/PI()/$O$5^4*EXP((-1/PI())*(2*PI()/$O$5)^4*A61^-4)) -> 1.4125339e+08 | P61: =$B$4*(B61^2)*($D$48^2*(2*PI())^4*A61^-5/4/PI()/$P$5^4*EXP((-1/PI())*(2*PI()/$P$5)^4*A61^-4)) -> 1.3462562e+08 | Q61: =$B$4*(B61^2)*($D$48^2*(2*PI())^4*A61^-5/4/PI()/$Q$5^4*EXP((-1/PI())*(2*PI()/$Q$5)^4*A61^-4)) -> 1.2281721e+08 | R61: =$B$4*(B61^2)*($D$48^2*(2*PI())^4*A61^-5/4/PI()/$R$5^4*EXP((-1/PI())*(2*PI()/$R$5)^4*A61^-4)) -> 1.0908874e+08 | S61: =$B$4*(B61^2)*($D$48^2*(2*PI())^4*A61^-5/4/PI()/$S$5^4*EXP((-1/PI())*(2*PI()/$S$5)^4*A61^-4)) -> 95356921
... A90: =A46 -> 0.82242642 | B90: =B46 -> 16237.977 | D90: =$B$4*(B90^2)*($D$48^2*(2*PI())^4*A90^-5/4/PI()/$D$5^4*EXP((-1/PI())*(2*PI()/$D$5)^4*A90^-4)) -> 26328.659 | E90: =$B$4*(B90^2)*($D$48^2*(2*PI())^4*A90^-5/4/PI()/$E$5^4*EXP((-1/PI())*(2*PI()/$E$5)^4*A90^-4)) -> 941206.02 | F90: =$B$4*(B90^2)*($D$48^2*(2*PI())^4*A90^-5/4/PI()/$F$5^4*EXP((-1/PI())*(2*PI()/$F$5)^4*A90^-4)) -> 1815055.3 | G90: =$B$4*(B90^2)*($D$48^2*(2*PI())^4*A90^-5/4/PI()/$G$5^4*EXP((-1/PI())*(2*PI()/$G$5)^4*A90^-4)) -> 1657745.8 | H90: =$B$4*(B90^2)*($D$48^2*(2*PI())^4*A90^-5/4/PI()/$H$5^4*EXP((-1/PI())*(2*PI()/$H$5)^4*A90^-4)) -> 1218733.5 | I90: =$B$4*(B90^2)*($D$48^2*(2*PI())^4*A90^-5/4/PI()/$I$5^4*EXP((-1/PI())*(2*PI()/$I$5)^4*A90^-4)) -> 845475.63 | J90: =$B$4*(B90^2)*($D$48^2*(2*PI())^4*A90^-5/4/PI()/$J$5^4*EXP((-1/PI())*(2*PI()/$J$5)^4*A90^-4)) -> 583822.21 | K90: =$B$4*(B90^2)*($D$48^2*(2*PI())^4*A90^-5/4/PI()/$K$5^4*EXP((-1/PI())*(2*PI()/$K$5)^4*A90^-4)) -> 408782.76 | L90: =$B$4*(B90^2)*($D$48^2*(2*PI())^4*A90^-5/4/PI()/$L$5^4*EXP((-1/PI())*(2*PI()/$L$5)^4*A90^-4)) -> 291928.58 | M90: =$B$4*(B90^2)*($D$48^2*(2*PI())^4*A90^-5/4/PI()/$M$5^4*EXP((-1/PI())*(2*PI()/$M$5)^4*A90^-4)) -> 212845.45 | N90: =$B$4*(B90^2)*($D$48^2*(2*PI())^4*A90^-5/4/PI()/$N$5^4*EXP((-1/PI())*(2*PI()/$N$5)^4*A90^-4)) -> 158299.87 | O90: =$B$4*(B90^2)*($D$48^2*(2*PI())^4*A90^-5/4/PI()/$O$5^4*EXP((-1/PI())*(2*PI()/$O$5)^4*A90^-4)) -> 119913.64 | P90: =$B$4*(B90^2)*($D$48^2*(2*PI())^4*A90^-5/4/PI()/$P$5^4*EXP((-1/PI())*(2*PI()/$P$5)^4*A90^-4)) -> 92365.184 | Q90: =$B$4*(B90^2)*($D$48^2*(2*PI())^4*A90^-5/4/PI()/$Q$5^4*EXP((-1/PI())*(2*PI()/$Q$5)^4*A90^-4)) -> 72227.836 | R90: =$B$4*(B90^2)*($D$48^2*(2*PI())^4*A90^-5/4/PI()/$R$5^4*EXP((-1/PI())*(2*PI()/$R$5)^4*A90^-4)) -> 57255.955 | S90: =$B$4*(B90^2)*($D$48^2*(2*PI())^4*A90^-5/4/PI()/$S$5^4*EXP((-1/PI())*(2*PI()/$S$5)^4*A90^-4)) -> 45950.128
C91: sum | D91: =SUM(D50:D90) -> 135928.01 | E91: =SUM(E50:E90) -> 14802914 | F91: =SUM(F50:F90) -> 48812657 | G91: =SUM(G50:G90) -> 60542886 | H91: =SUM(H50:H90) -> 74900110 | I91: =SUM(I50:I90) -> 1.3536348e+08 | J91: =SUM(J50:J90) -> 2.6239302e+08 | K91: =SUM(K50:K90) -> 4.4945446e+08 | ... S91: =SUM(S50:S90) -> 3.7559054e+09 | T91: =SUM(D91:S91) -> 1.6478511e+10
A92: w0 | B92: =A95-A94 -> 0.027779436 | C92: Hs | D92: 2.5
A93: w | B93: RAO(0) | C93: Tz | D93: 3.5 | E93: 4.5 | F93: 5.5 | G93: 6.5 | H93: 7.5 | I93: 8.5 | J93: 9.5 | K93: 10.5 | L93: 11.5 | M93: 12.5 | N93: 13.5 | O93: 14.5 | P93: 15.5 | Q93: 16.5 | R93: 17.5 | S93: 18.5
A94: =A50 -> 0.04934449 | B94: =B50 -> 66932.15 | D94: =$B$4*(B94^2)*($D$92^2*(2*PI())^4*A94^-5/4/PI()/$D$5^4*EXP((-1/PI())*(2*PI()/$D$5)^4*A94^-4)) -> 0 | E94: =$B$4*(B94^2)*($D$92^2*(2*PI())^4*A94^-5/4/PI()/$E$5^4*EXP((-1/PI())*(2*PI()/$E$5)^4*A94^-4)) -> 0 | F94: =$B$4*(B94^2)*($D$92^2*(2*PI())^4*A94^-5/4/PI()/$F$5^4*EXP((-1/PI())*(2*PI()/$F$5)^4*A94^-4)) -> 0 | G94: =$B$4*(B94^2)*($D$92^2*(2*PI())^4*A94^-5/4/PI()/$G$5^4*EXP((-1/PI())*(2*PI()/$G$5)^4*A94^-4)) -> 0 | H94: =$B$4*(B94^2)*($D$92^2*(2*PI())^4*A94^-5/4/PI()/$H$5^4*EXP((-1/PI())*(2*PI()/$H$5)^4*A94^-4)) -> 0 | I94: =$B$4*(B94^2)*($D$92^2*(2*PI())^4*A94^-5/4/PI()/$I$5^4*EXP((-1/PI())*(2*PI()/$I$5)^4*A94^-4)) -> 0 | J94: =$B$4*(B94^2)*($D$92^2*(2*PI())^4*A94^-5/4/PI()/$J$5^4*EXP((-1/PI())*(2*PI()/$J$5)^4*A94^-4)) -> 0 | K94: =$B$4*(B94^2)*($D$92^2*(2*PI())^4*A94^-5/4/PI()/$K$5^4*EXP((-1/PI())*(2*PI()/$K$5)^4*A94^-4)) -> 0 | L94: =$B$4*(B94^2)*($D$92^2*(2*PI())^4*A94^-5/4/PI()/$L$5^4*EXP((-1/PI())*(2*PI()/$L$5)^4*A94^-4)) -> 0 | M94: =$B$4*(B94^2)*($D$92^2*(2*PI())^4*A94^-5/4/PI()/$M$5^4*EXP((-1/PI())*(2*PI()/$M$5)^4*A94^-4)) -> 0 | N94: =$B$4*(B94^2)*($D$92^2*(2*PI())^4*A94^-5/4/PI()/$N$5^4*EXP((-1/PI())*(2*PI()/$N$5)^4*A94^-4)) -> 0 | O94: =$B$4*(B94^2)*($D$92^2*(2*PI())^4*A94^-5/4/PI()/$O$5^4*EXP((-1/PI())*(2*PI()/$O$5)^4*A94^-4)) -> 0 | P94: =$B$4*(B94^2)*($D$92^2*(2*PI())^4*A94^-5/4/PI()/$P$5^4*EXP((-1/PI())*(2*PI()/$P$5)^4*A94^-4)) -> 0 | Q94: =$B$4*(B94^2)*($D$92^2*(2*PI())^4*A94^-5/4/PI()/$Q$5^4*EXP((-1/PI())*(2*PI()/$Q$5)^4*A94^-4)) -> 0 | R94: =$B$4*(B94^2)*($D$92^2*(2*PI())^4*A94^-5/4/PI()/$R$5^4*EXP((-1/PI())*(2*PI()/$R$5)^4*A94^-4)) -> 0 | S94: =$B$4*(B94^2)*($D$92^2*(2*PI())^4*A94^-5/4/PI()/$S$5^4*EXP((-1/PI())*(2*PI()/$S$5)^4*A94^-4)) -> 1.5816767e-298
A95: =A51 -> 0.077123926 | B95: =B51 -> 165548.16 | D95: =$B$4*(B95^2)*($D$92^2*(2*PI())^4*A95^-5/4/PI()/$D$5^4*EXP((-1/PI())*(2*PI()/$D$5)^4*A95^-4)) -> 0 | E95: =$B$4*(B95^2)*($D$92^2*(2*PI())^4*A95^-5/4/PI()/$E$5^4*EXP((-1/PI())*(2*PI()/$E$5)^4*A95^-4)) -> 0 | F95: =$B$4*(B95^2)*($D$92^2*(2*PI())^4*A95^-5/4/PI()/$F$5^4*EXP((-1/PI())*(2*PI()/$F$5)^4*A95^-4)) -> 0 | G95: =$B$4*(B95^2)*($D$92^2*(2*PI())^4*A95^-5/4/PI()/$G$5^4*EXP((-1/PI())*(2*PI()/$G$5)^4*A95^-4)) -> 0 | H95: =$B$4*(B95^2)*($D$92^2*(2*PI())^4*A95^-5/4/PI()/$H$5^4*EXP((-1/PI())*(2*PI()/$H$5)^4*A95^-4)) -> 0 | I95: =$B$4*(B95^2)*($D$92^2*(2*PI())^4*A95^-5/4/PI()/$I$5^4*EXP((-1/PI())*(2*PI()/$I$5)^4*A95^-4)) -> 0 | J95: =$B$4*(B95^2)*($D$92^2*(2*PI())^4*A95^-5/4/PI()/$J$5^4*EXP((-1/PI())*(2*PI()/$J$5)^4*A95^-4)) -> 0 | K95: =$B$4*(B95^2)*($D$92^2*(2*PI())^4*A95^-5/4/PI()/$K$5^4*EXP((-1/PI())*(2*PI()/$K$5)^4*A95^-4)) -> 0 | L95: =$B$4*(B95^2)*($D$92^2*(2*PI())^4*A95^-5/4/PI()/$L$5^4*EXP((-1/PI())*(2*PI()/$L$5)^4*A95^-4)) -> 0 | M95: =$B$4*(B95^2)*($D$92^2*(2*PI())^4*A95^-5/4/PI()/$M$5^4*EXP((-1/PI())*(2*PI()/$M$5)^4*A95^-4)) -> 3.2539297e-237 | N95: =$B$4*(B95^2)*($D$92^2*(2*PI())^4*A95^-5/4/PI()/$N$5^4*EXP((-1/PI())*(2*PI()/$N$5)^4*A95^-4)) -> 2.961647e-171 | O95: =$B$4*(B95^2)*($D$92^2*(2*PI())^4*A95^-5/4/PI()/$O$5^4*EXP((-1/PI())*(2*PI()/$O$5)^4*A95^-4)) -> 8.488517e-126 | P95: =$B$4*(B95^2)*($D$92^2*(2*PI())^4*A95^-5/4/PI()/$P$5^4*EXP((-1/PI())*(2*PI()/$P$5)^4*A95^-4)) -> 1.1729609e-93 | Q95: =$B$4*(B95^2)*($D$92^2*(2*PI())^4*A95^-5/4/PI()/$Q$5^4*EXP((-1/PI())*(2*PI()/$Q$5)^4*A95^-4)) -> 2.0177014e-70 | R95: =$B$4*(B95^2)*($D$92^2*(2*PI())^4*A95^-5/4/PI()/$R$5^4*EXP((-1/PI())*(2*PI()/$R$5)^4*A95^-4)) -> 2.7095375e-53 | S95: =$B$4*(B95^2)*($D$92^2*(2*PI())^4*A95^-5/4/PI()/$S$5^4*EXP((-1/PI())*(2*PI()/$S$5)^4*A95^-4)) -> 1.8942949e-40
A96: =A52 -> 0.10446991 | B96: =B52 -> 321987.2 | D96: =$B$4*(B96^2)*($D$92^2*(2*PI())^4*A96^-5/4/PI()/$D$5^4*EXP((-1/PI())*(2*PI()/$D$5)^4*A96^-4)) -> 0 | E96: =$B$4*(B96^2)*($D$92^2*(2*PI())^4*A96^-5/4/PI()/$E$5^4*EXP((-1/PI())*(2*PI()/$E$5)^4*A96^-4)) -> 0 | F96: =$B$4*(B96^2)*($D$92^2*(2*PI())^4*A96^-5/4/PI()/$F$5^4*EXP((-1/PI())*(2*PI()/$F$5)^4*A96^-4)) -> 0 | G96: =$B$4*(B96^2)*($D$92^2*(2*PI())^4*A96^-5/4/PI()/$G$5^4*EXP((-1/PI())*(2*PI()/$G$5)^4*A96^-4)) -> 0 | H96: =$B$4*(B96^2)*($D$92^2*(2*PI())^4*A96^-5/4/PI()/$H$5^4*EXP((-1/PI())*(2*PI()/$H$5)^4*A96^-4)) -> 0 | I96: =$B$4*(B96^2)*($D$92^2*(2*PI())^4*A96^-5/4/PI()/$I$5^4*EXP((-1/PI())*(2*PI()/$I$5)^4*A96^-4)) -> 0 | J96: =$B$4*(B96^2)*($D$92^2*(2*PI())^4*A96^-5/4/PI()/$J$5^4*EXP((-1/PI())*(2*PI()/$J$5)^4*A96^-4)) -> 1.8642255e-209 | K96: =$B$4*(B96^2)*($D$92^2*(2*PI())^4*A96^-5/4/PI()/$K$5^4*EXP((-1/PI())*(2*PI()/$K$5)^4*A96^-4)) -> 2.2864097e-136 | L96: =$B$4*(B96^2)*($D$92^2*(2*PI())^4*A96^-5/4/PI()/$L$5^4*EXP((-1/PI())*(2*PI()/$L$5)^4*A96^-4)) -> 3.914387e-91 | M96: =$B$4*(B96^2)*($D$92^2*(2*PI())^4*A96^-5/4/PI()/$M$5^4*EXP((-1/PI())*(2*PI()/$M$5)^4*A96^-4)) -> 5.997848e-62 | N96: =$B$4*(B96^2)*($D$92^2*(2*PI())^4*A96^-5/4/PI()/$N$5^4*EXP((-1/PI())*(2*PI()/$N$5)^4*A96^-4)) -> 1.8856512e-42 | O96: =$B$4*(B96^2)*($D$92^2*(2*PI())^4*A96^-5/4/PI()/$O$5^4*EXP((-1/PI())*(2*PI()/$O$5)^4*A96^-4)) -> 4.8990246e-29 | P96: =$B$4*(B96^2)*($D$92^2*(2*PI())^4*A96^-5/4/PI()/$P$5^4*EXP((-1/PI())*(2*PI()/$P$5)^4*A96^-4)) -> 1.4294056e-19 | Q96: =$B$4*(B96^2)*($D$92^2*(2*PI())^4*A96^-5/4/PI()/$Q$5^4*EXP((-1/PI())*(2*PI()/$Q$5)^4*A96^-4)) -> 9.5572166e-13 | R96: =$B$4*(B96^2)*($D$92^2*(2*PI())^4*A96^-5/4/PI()/$R$5^4*EXP((-1/PI())*(2*PI()/$R$5)^4*A96^-4)) -> 9.906404e-08 | S96: =$B$4*(B96^2)*($D$92^2*(2*PI())^4*A96^-5/4/PI()/$S$5^4*EXP((-1/PI())*(2*PI()/$S$5)^4*A96^-4)) -> 0.00055360012
A97: =A53 -> 0.13138243 | B97: =B53 -> 481594.64 | D97: =$B$4*(B97^2)*($D$92^2*(2*PI())^4*A97^-5/4/PI()/$D$5^4*EXP((-1/PI())*(2*PI()/$D$5)^4*A97^-4)) -> 0 | E97: =$B$4*(B97^2)*($D$92^2*(2*PI())^4*A97^-5/4/PI()/$E$5^4*EXP((-1/PI())*(2*PI()/$E$5)^4*A97^-4)) -> 0 | F97: =$B$4*(B97^2)*($D$92^2*(2*PI())^4*A97^-5/4/PI()/$F$5^4*EXP((-1/PI())*(2*PI()/$F$5)^4*A97^-4)) -> 0 | G97: =$B$4*(B97^2)*($D$92^2*(2*PI())^4*A97^-5/4/PI()/$G$5^4*EXP((-1/PI())*(2*PI()/$G$5)^4*A97^-4)) -> 0 | H97: =$B$4*(B97^2)*($D$92^2*(2*PI())^4*A97^-5/4/PI()/$H$5^4*EXP((-1/PI())*(2*PI()/$H$5)^4*A97^-4)) -> 1.1664871e-215 | I97: =$B$4*(B97^2)*($D$92^2*(2*PI())^4*A97^-5/4/PI()/$I$5^4*EXP((-1/PI())*(2*PI()/$I$5)^4*A97^-4)) -> 7.2917905e-126 | J97: =$B$4*(B97^2)*($D$92^2*(2*PI())^4*A97^-5/4/PI()/$J$5^4*EXP((-1/PI())*(2*PI()/$J$5)^4*A97^-4)) -> 2.605441e-76 | K97: =$B$4*(B97^2)*($D$92^2*(2*PI())^4*A97^-5/4/PI()/$K$5^4*EXP((-1/PI())*(2*PI()/$K$5)^4*A97^-4)) -> 3.3926813e-47 | L97: =$B$4*(B97^2)*($D$92^2*(2*PI())^4*A97^-5/4/PI()/$L$5^4*EXP((-1/PI())*(2*PI()/$L$5)^4*A97^-4)) -> 3.3030425e-29 | M97: =$B$4*(B97^2)*($D$92^2*(2*PI())^4*A97^-5/4/PI()/$M$5^4*EXP((-1/PI())*(2*PI()/$M$5)^4*A97^-4)) -> 1.2575893e-17 | N97: =$B$4*(B97^2)*($D$92^2*(2*PI())^4*A97^-5/4/PI()/$N$5^4*EXP((-1/PI())*(2*PI()/$N$5)^4*A97^-4)) -> 6.5146567e-10 | O97: =$B$4*(B97^2)*($D$92^2*(2*PI())^4*A97^-5/4/PI()/$O$5^4*EXP((-1/PI())*(2*PI()/$O$5)^4*A97^-4)) -> 0.0001265385 | P97: =$B$4*(B97^2)*($D$92^2*(2*PI())^4*A97^-5/4/PI()/$P$5^4*EXP((-1/PI())*(2*PI()/$P$5)^4*A97^-4)) -> 0.65549991 | Q97: =$B$4*(B97^2)*($D$92^2*(2*PI())^4*A97^-5/4/PI()/$Q$5^4*EXP((-1/PI())*(2*PI()/$Q$5)^4*A97^-4)) -> 301.93791 | R97: =$B$4*(B97^2)*($D$92^2*(2*PI())^4*A97^-5/4/PI()/$R$5^4*EXP((-1/PI())*(2*PI()/$R$5)^4*A97^-4)) -> 26525.906 | S97: =$B$4*(B97^2)*($D$92^2*(2*PI())^4*A97^-5/4/PI()/$S$5^4*EXP((-1/PI())*(2*PI()/$S$5)^4*A97^-4)) -> 730796.83
A98: =A54 -> 0.1578615 | B98: =B54 -> 538229.53 | D98: =$B$4*(B98^2)*($D$92^2*(2*PI())^4*A98^-5/4/PI()/$D$5^4*EXP((-1/PI())*(2*PI()/$D$5)^4*A98^-4)) -> 0 | E98: =$B$4*(B98^2)*($D$92^2*(2*PI())^4*A98^-5/4/PI()/$E$5^4*EXP((-1/PI())*(2*PI()/$E$5)^4*A98^-4)) -> 0 | F98: =$B$4*(B98^2)*($D$92^2*(2*PI())^4*A98^-5/4/PI()/$F$5^4*EXP((-1/PI())*(2*PI()/$F$5)^4*A98^-4)) -> 0 | G98: =$B$4*(B98^2)*($D$92^2*(2*PI())^4*A98^-5/4/PI()/$G$5^4*EXP((-1/PI())*(2*PI()/$G$5)^4*A98^-4)) -> 1.5742395e-181 | H98: =$B$4*(B98^2)*($D$92^2*(2*PI())^4*A98^-5/4/PI()/$H$5^4*EXP((-1/PI())*(2*PI()/$H$5)^4*A98^-4)) -> 4.5144181e-97 | I98: =$B$4*(B98^2)*($D$92^2*(2*PI())^4*A98^-5/4/PI()/$I$5^4*EXP((-1/PI())*(2*PI()/$I$5)^4*A98^-4)) -> 4.2073189e-54 | J98: =$B$4*(B98^2)*($D$92^2*(2*PI())^4*A98^-5/4/PI()/$J$5^4*EXP((-1/PI())*(2*PI()/$J$5)^4*A98^-4)) -> 1.9868613e-30 | K98: =$B$4*(B98^2)*($D$92^2*(2*PI())^4*A98^-5/4/PI()/$K$5^4*EXP((-1/PI())*(2*PI()/$K$5)^4*A98^-4)) -> 1.5011436e-16 | L98: =$B$4*(B98^2)*($D$92^2*(2*PI())^4*A98^-5/4/PI()/$L$5^4*EXP((-1/PI())*(2*PI()/$L$5)^4*A98^-4)) -> 5.3053401e-08 | M98: =$B$4*(B98^2)*($D$92^2*(2*PI())^4*A98^-5/4/PI()/$M$5^4*EXP((-1/PI())*(2*PI()/$M$5)^4*A98^-4)) -> 0.016052395 | N98: =$B$4*(B98^2)*($D$92^2*(2*PI())^4*A98^-5/4/PI()/$N$5^4*EXP((-1/PI())*(2*PI()/$N$5)^4*A98^-4)) -> 68.73844 | O98: =$B$4*(B98^2)*($D$92^2*(2*PI())^4*A98^-5/4/PI()/$O$5^4*EXP((-1/PI())*(2*PI()/$O$5)^4*A98^-4)) -> 20411.243 | P98: =$B$4*(B98^2)*($D$92^2*(2*PI())^4*A98^-5/4/PI()/$P$5^4*EXP((-1/PI())*(2*PI()/$P$5)^4*A98^-4)) -> 1075670.7 | Q98: =$B$4*(B98^2)*($D$92^2*(2*PI())^4*A98^-5/4/PI()/$Q$5^4*EXP((-1/PI())*(2*PI()/$Q$5)^4*A98^-4)) -> 17906264 | R98: =$B$4*(B98^2)*($D$92^2*(2*PI())^4*A98^-5/4/PI()/$R$5^4*EXP((-1/PI())*(2*PI()/$R$5)^4*A98^-4)) -> 1.3564644e+08 | S98: =$B$4*(B98^2)*($D$92^2*(2*PI())^4*A98^-5/4/PI()/$S$5^4*EXP((-1/PI())*(2*PI()/$S$5)^4*A98^-4)) -> 5.9311185e+08
A99: =A55 -> 0.18390711 | B99: =B55 -> 401196.85 | D99: =$B$4*(B99^2)*($D$92^2*(2*PI())^4*A99^-5/4/PI()/$D$5^4*EXP((-1/PI())*(2*PI()/$D$5)^4*A99^-4)) -> 0 | E99: =$B$4*(B99^2)*($D$92^2*(2*PI())^4*A99^-5/4/PI()/$E$5^4*EXP((-1/PI())*(2*PI()/$E$5)^4*A99^-4)) -> 0 | F99: =$B$4*(B99^2)*($D$92^2*(2*PI())^4*A99^-5/4/PI()/$F$5^4*EXP((-1/PI())*(2*PI()/$F$5)^4*A99^-4)) -> 2.6619836e-193 | G99: =$B$4*(B99^2)*($D$92^2*(2*PI())^4*A99^-5/4/PI()/$G$5^4*EXP((-1/PI())*(2*PI()/$G$5)^4*A99^-4)) -> 2.8319254e-93 | H99: =$B$4*(B99^2)*($D$92^2*(2*PI())^4*A99^-5/4/PI()/$H$5^4*EXP((-1/PI())*(2*PI()/$H$5)^4*A99^-4)) -> 1.546985e-47 | I99: =$B$4*(B99^2)*($D$92^2*(2*PI())^4*A99^-5/4/PI()/$I$5^4*EXP((-1/PI())*(2*PI()/$I$5)^4*A99^-4)) -> 2.616371e-24 | J99: =$B$4*(B99^2)*($D$92^2*(2*PI())^4*A99^-5/4/PI()/$J$5^4*EXP((-1/PI())*(2*PI()/$J$5)^4*A99^-4)) -> 1.5198885e-11 | K99: =$B$4*(B99^2)*($D$92^2*(2*PI())^4*A99^-5/4/PI()/$K$5^4*EXP((-1/PI())*(2*PI()/$K$5)^4*A99^-4)) -> 0.00043319615 | L99: =$B$4*(B99^2)*($D$92^2*(2*PI())^4*A99^-5/4/PI()/$L$5^4*EXP((-1/PI())*(2*PI()/$L$5)^4*A99^-4)) -> 16.040425 | M99: =$B$4*(B99^2)*($D$92^2*(2*PI())^4*A99^-5/4/PI()/$M$5^4*EXP((-1/PI())*(2*PI()/$M$5)^4*A99^-4)) -> 13016.154 | N99: =$B$4*(B99^2)*($D$92^2*(2*PI())^4*A99^-5/4/PI()/$N$5^4*EXP((-1/PI())*(2*PI()/$N$5)^4*A99^-4)) -> 1059147 | O99: =$B$4*(B99^2)*($D$92^2*(2*PI())^4*A99^-5/4/PI()/$O$5^4*EXP((-1/PI())*(2*PI()/$O$5)^4*A99^-4)) -> 20445432 | P99: =$B$4*(B99^2)*($D$92^2*(2*PI())^4*A99^-5/4/PI()/$P$5^4*EXP((-1/PI())*(2*PI()/$P$5)^4*A99^-4)) -> 1.5573595e+08 | Q99: =$B$4*(B99^2)*($D$92^2*(2*PI())^4*A99^-5/4/PI()/$Q$5^4*EXP((-1/PI())*(2*PI()/$Q$5)^4*A99^-4)) -> 6.394202e+08 | R99: =$B$4*(B99^2)*($D$92^2*(2*PI())^4*A99^-5/4/PI()/$R$5^4*EXP((-1/PI())*(2*PI()/$R$5)^4*A99^-4)) -> 1.7237736e+09 | S99: =$B$4*(B99^2)*($D$92^2*(2*PI())^4*A99^-5/4/PI()/$S$5^4*EXP((-1/PI())*(2*PI()/$S$5)^4*A99^-4)) -> 3.4689434e+09
A100: =A56 -> 0.20951927 | B100: =B56 -> 115250.03 | D100: =$B$4*(B100^2)*($D$92^2*(2*PI())^4*A100^-5/4/PI()/$D$5^4*EXP((-1/PI())*(2*PI()/$D$5)^4*A100^-4)) -> 0 | E100: =$B$4*(B100^2)*($D$92^2*(2*PI())^4*A100^-5/4/PI()/$E$5^4*EXP((-1/PI())*(2*PI()/$E$5)^4*A100^-4)) -> 3.8536698e-261 | F100: =$B$4*(B100^2)*($D$92^2*(2*PI())^4*A100^-5/4/PI()/$F$5^4*EXP((-1/PI())*(2*PI()/$F$5)^4*A100^-4)) -> 5.0911214e-111 | G100: =$B$4*(B100^2)*($D$92^2*(2*PI())^4*A100^-5/4/PI()/$G$5^4*EXP((-1/PI())*(2*PI()/$G$5)^4*A100^-4)) -> 9.2346812e-52 | H100: =$B$4*(B100^2)*($D$92^2*(2*PI())^4*A100^-5/4/PI()/$H$5^4*EXP((-1/PI())*(2*PI()/$H$5)^4*A100^-4)) -> 1.0336875e-24 | I100: =$B$4*(B100^2)*($D$92^2*(2*PI())^4*A100^-5/4/PI()/$I$5^4*EXP((-1/PI())*(2*PI()/$I$5)^4*A100^-4)) -> 5.1812128e-11 | J100: =$B$4*(B100^2)*($D$92^2*(2*PI())^4*A100^-5/4/PI()/$J$5^4*EXP((-1/PI())*(2*PI()/$J$5)^4*A100^-4)) -> 0.0016321537 | K100: =$B$4*(B100^2)*($D$92^2*(2*PI())^4*A100^-5/4/PI()/$K$5^4*EXP((-1/PI())*(2*PI()/$K$5)^4*A100^-4)) -> 36.92843 | L100: =$B$4*(B100^2)*($D$92^2*(2*PI())^4*A100^-5/4/PI()/$L$5^4*EXP((-1/PI())*(2*PI()/$L$5)^4*A100^-4)) -> 16407.555 | M100: =$B$4*(B100^2)*($D$92^2*(2*PI())^4*A100^-5/4/PI()/$M$5^4*EXP((-1/PI())*(2*PI()/$M$5)^4*A100^-4)) -> 764075.35 | N100: =$B$4*(B100^2)*($D$92^2*(2*PI())^4*A100^-5/4/PI()/$N$5^4*EXP((-1/PI())*(2*PI()/$N$5)^4*A100^-4)) -> 9180613.6 | O100: =$B$4*(B100^2)*($D$92^2*(2*PI())^4*A100^-5/4/PI()/$O$5^4*EXP((-1/PI())*(2*PI()/$O$5)^4*A100^-4)) -> 47379092 | P100: =$B$4*(B100^2)*($D$92^2*(2*PI())^4*A100^-5/4/PI()/$P$5^4*EXP((-1/PI())*(2*PI()/$P$5)^4*A100^-4)) -> 1.4188658e+08 | Q100: =$B$4*(B100^2)*($D$92^2*(2*PI())^4*A100^-5/4/PI()/$Q$5^4*EXP((-1/PI())*(2*PI()/$Q$5)^4*A100^-4)) -> 2.9642829e+08 | R100: =$B$4*(B100^2)*($D$92^2*(2*PI())^4*A100^-5/4/PI()/$R$5^4*EXP((-1/PI())*(2*PI()/$R$5)^4*A100^-4)) -> 4.8533536e+08 | S100: =$B$4*(B100^2)*($D$92^2*(2*PI())^4*A100^-5/4/PI()/$S$5^4*EXP((-1/PI())*(2*PI()/$S$5)^4*A100^-4)) -> 6.7158191e+08
A101: =A57 -> 0.23469797 | B101: =B57 -> 156835.1 | D101: =$B$4*(B101^2)*($D$92^2*(2*PI())^4*A101^-5/4/PI()/$D$5^4*EXP((-1/PI())*(2*PI()/$D$5)^4*A101^-4)) -> 0 | E101: =$B$4*(B101^2)*($D$92^2*(2*PI())^4*A101^-5/4/PI()/$E$5^4*EXP((-1/PI())*(2*PI()/$E$5)^4*A101^-4)) -> 1.2332484e-161 | F101: =$B$4*(B101^2)*($D$92^2*(2*PI())^4*A101^-5/4/PI()/$F$5^4*EXP((-1/PI())*(2*PI()/$F$5)^4*A101^-4)) -> 2.0383117e-66 | G101: =$B$4*(B101^2)*($D$92^2*(2*PI())^4*A101^-5/4/PI()/$G$5^4*EXP((-1/PI())*(2*PI()/$G$5)^4*A101^-4)) -> 6.9174965e-29 | H101: =$B$4*(B101^2)*($D$92^2*(2*PI())^4*A101^-5/4/PI()/$H$5^4*EXP((-1/PI())*(2*PI()/$H$5)^4*A101^-4)) -> 8.4858052e-12 | I101: =$B$4*(B101^2)*($D$92^2*(2*PI())^4*A101^-5/4/PI()/$I$5^4*EXP((-1/PI())*(2*PI()/$I$5)^4*A101^-4)) -> 0.0035529071 | J101: =$B$4*(B101^2)*($D$92^2*(2*PI())^4*A101^-5/4/PI()/$J$5^4*EXP((-1/PI())*(2*PI()/$J$5)^4*A101^-4)) -> 174.76414 | K101: =$B$4*(B101^2)*($D$92^2*(2*PI())^4*A101^-5/4/PI()/$K$5^4*EXP((-1/PI())*(2*PI()/$K$5)^4*A101^-4)) -> 88049.107 | L101: =$B$4*(B101^2)*($D$92^2*(2*PI())^4*A101^-5/4/PI()/$L$5^4*EXP((-1/PI())*(2*PI()/$L$5)^4*A101^-4)) -> 3703984.9 | M101: =$B$4*(B101^2)*($D$92^2*(2*PI())^4*A101^-5/4/PI()/$M$5^4*EXP((-1/PI())*(2*PI()/$M$5)^4*A101^-4)) -> 37606500 | N101: =$B$4*(B101^2)*($D$92^2*(2*PI())^4*A101^-5/4/PI()/$N$5^4*EXP((-1/PI())*(2*PI()/$N$5)^4*A101^-4)) -> 1.6302222e+08 | O101: =$B$4*(B101^2)*($D$92^2*(2*PI())^4*A101^-5/4/PI()/$O$5^4*EXP((-1/PI())*(2*PI()/$O$5)^4*A101^-4)) -> 4.1649966e+08 | P101: =$B$4*(B101^2)*($D$92^2*(2*PI())^4*A101^-5/4/PI()/$P$5^4*EXP((-1/PI())*(2*PI()/$P$5)^4*A101^-4)) -> 7.5837895e+08 | Q101: =$B$4*(B101^2)*($D$92^2*(2*PI())^4*A101^-5/4/PI()/$Q$5^4*EXP((-1/PI())*(2*PI()/$Q$5)^4*A101^-4)) -> 1.1053082e+09 | R101: =$B$4*(B101^2)*($D$92^2*(2*PI())^4*A101^-5/4/PI()/$R$5^4*EXP((-1/PI())*(2*PI()/$R$5)^4*A101^-4)) -> 1.3873348e+09 | S101: =$B$4*(B101^2)*($D$92^2*(2*PI())^4*A101^-5/4/PI()/$S$5^4*EXP((-1/PI())*(2*PI()/$S$5)^4*A101^-4)) -> 1.5723413e+09
A102: =A58 -> 0.25944322 | B102: =B58 -> 184162.42 | D102: =$B$4*(B102^2)*($D$92^2*(2*PI())^4*A102^-5/4/PI()/$D$5^4*EXP((-1/PI())*(2*PI()/$D$5)^4*A102^-4)) -> 0 | E102: =$B$4*(B102^2)*($D$92^2*(2*PI())^4*A102^-5/4/PI()/$E$5^4*EXP((-1/PI())*(2*PI()/$E$5)^4*A102^-4)) -> 1.634601e-104 | F102: =$B$4*(B102^2)*($D$92^2*(2*PI())^4*A102^-5/4/PI()/$F$5^4*EXP((-1/PI())*(2*PI()/$F$5)^4*A102^-4)) -> 7.3131981e-41 | G102: =$B$4*(B102^2)*($D$92^2*(2*PI())^4*A102^-5/4/PI()/$G$5^4*EXP((-1/PI())*(2*PI()/$G$5)^4*A102^-4)) -> 7.9769142e-16 | H102: =$B$4*(B102^2)*($D$92^2*(2*PI())^4*A102^-5/4/PI()/$H$5^4*EXP((-1/PI())*(2*PI()/$H$5)^4*A102^-4)) -> 0.00018353963 | I102: =$B$4*(B102^2)*($D$92^2*(2*PI())^4*A102^-5/4/PI()/$I$5^4*EXP((-1/PI())*(2*PI()/$I$5)^4*A102^-4)) -> 92.432764 | J102: =$B$4*(B102^2)*($D$92^2*(2*PI())^4*A102^-5/4/PI()/$J$5^4*EXP((-1/PI())*(2*PI()/$J$5)^4*A102^-4)) -> 110677.14 | K102: =$B$4*(B102^2)*($D$92^2*(2*PI())^4*A102^-5/4/PI()/$K$5^4*EXP((-1/PI())*(2*PI()/$K$5)^4*A102^-4)) -> 6255884.9 | L102: =$B$4*(B102^2)*($D$92^2*(2*PI())^4*A102^-5/4/PI()/$L$5^4*EXP((-1/PI())*(2*PI()/$L$5)^4*A102^-4)) -> 67859694 | M102: =$B$4*(B102^2)*($D$92^2*(2*PI())^4*A102^-5/4/PI()/$M$5^4*EXP((-1/PI())*(2*PI()/$M$5)^4*A102^-4)) -> 2.8698715e+08 | N102: =$B$4*(B102^2)*($D$92^2*(2*PI())^4*A102^-5/4/PI()/$N$5^4*EXP((-1/PI())*(2*PI()/$N$5)^4*A102^-4)) -> 6.9227165e+08 | O102: =$B$4*(B102^2)*($D$92^2*(2*PI())^4*A102^-5/4/PI()/$O$5^4*EXP((-1/PI())*(2*PI()/$O$5)^4*A102^-4)) -> 1.1805336e+09 | P102: =$B$4*(B102^2)*($D$92^2*(2*PI())^4*A102^-5/4/PI()/$P$5^4*EXP((-1/PI())*(2*PI()/$P$5)^4*A102^-4)) -> 1.6147612e+09 | Q102: =$B$4*(B102^2)*($D$92^2*(2*PI())^4*A102^-5/4/PI()/$Q$5^4*EXP((-1/PI())*(2*PI()/$Q$5)^4*A102^-4)) -> 1.9133332e+09 | R102: =$B$4*(B102^2)*($D$92^2*(2*PI())^4*A102^-5/4/PI()/$R$5^4*EXP((-1/PI())*(2*PI()/$R$5)^4*A102^-4)) -> 2.0612123e+09 | S102: =$B$4*(B102^2)*($D$92^2*(2*PI())^4*A102^-5/4/PI()/$S$5^4*EXP((-1/PI())*(2*PI()/$S$5)^4*A102^-4)) -> 2.0827783e+09
A103: =A59 -> 0.28375501 | B103: =B59 -> 100992.3 | D103: =$B$4*(B103^2)*($D$92^2*(2*PI())^4*A103^-5/4/PI()/$D$5^4*EXP((-1/PI())*(2*PI()/$D$5)^4*A103^-4)) -> 2.7190812e-210 | E103: =$B$4*(B103^2)*($D$92^2*(2*PI())^4*A103^-5/4/PI()/$E$5^4*EXP((-1/PI())*(2*PI()/$E$5)^4*A103^-4)) -> 2.6210082e-70 | F103: =$B$4*(B103^2)*($D$92^2*(2*PI())^4*A103^-5/4/PI()/$F$5^4*EXP((-1/PI())*(2*PI()/$F$5)^4*A103^-4)) -> 6.2650897e-26 | G103: =$B$4*(B103^2)*($D$92^2*(2*PI())^4*A103^-5/4/PI()/$G$5^4*EXP((-1/PI())*(2*PI()/$G$5)^4*A103^-4)) -> 1.6128886e-08 | H103: =$B$4*(B103^2)*($D$92^2*(2*PI())^4*A103^-5/4/PI()/$H$5^4*EXP((-1/PI())*(2*PI()/$H$5)^4*A103^-4)) -> 1.1836141 | I103: =$B$4*(B103^2)*($D$92^2*(2*PI())^4*A103^-5/4/PI()/$I$5^4*EXP((-1/PI())*(2*PI()/$I$5)^4*A103^-4)) -> 9834.3863 | J103: =$B$4*(B103^2)*($D$92^2*(2*PI())^4*A103^-5/4/PI()/$J$5^4*EXP((-1/PI())*(2*PI()/$J$5)^4*A103^-4)) -> 1218542.6 | K103: =$B$4*(B103^2)*($D$92^2*(2*PI())^4*A103^-5/4/PI()/$K$5^4*EXP((-1/PI())*(2*PI()/$K$5)^4*A103^-4)) -> 18116034 | L103: =$B$4*(B103^2)*($D$92^2*(2*PI())^4*A103^-5/4/PI()/$L$5^4*EXP((-1/PI())*(2*PI()/$L$5)^4*A103^-4)) -> 85906926 | M103: =$B$4*(B103^2)*($D$92^2*(2*PI())^4*A103^-5/4/PI()/$M$5^4*EXP((-1/PI())*(2*PI()/$M$5)^4*A103^-4)) -> 2.1285119e+08 | N103: =$B$4*(B103^2)*($D$92^2*(2*PI())^4*A103^-5/4/PI()/$N$5^4*EXP((-1/PI())*(2*PI()/$N$5)^4*A103^-4)) -> 3.5898243e+08 | O103: =$B$4*(B103^2)*($D$92^2*(2*PI())^4*A103^-5/4/PI()/$O$5^4*EXP((-1/PI())*(2*PI()/$O$5)^4*A103^-4)) -> 4.7828905e+08 | P103: =$B$4*(B103^2)*($D$92^2*(2*PI())^4*A103^-5/4/PI()/$P$5^4*EXP((-1/PI())*(2*PI()/$P$5)^4*A103^-4)) -> 5.4937621e+08 | Q103: =$B$4*(B103^2)*($D$92^2*(2*PI())^4*A103^-5/4/PI()/$Q$5^4*EXP((-1/PI())*(2*PI()/$Q$5)^4*A103^-4)) -> 5.7366507e+08 | R103: =$B$4*(B103^2)*($D$92^2*(2*PI())^4*A103^-5/4/PI()/$R$5^4*EXP((-1/PI())*(2*PI()/$R$5)^4*A103^-4)) -> 5.6295496e+08 | S103: =$B$4*(B103^2)*($D$92^2*(2*PI())^4*A103^-5/4/PI()/$S$5^4*EXP((-1/PI())*(2*PI()/$S$5)^4*A103^-4)) -> 5.303506e+08
A104: =A60 -> 0.30763334 | B104: =B60 -> 127131.48 | D104: =$B$4*(B104^2)*($D$92^2*(2*PI())^4*A104^-5/4/PI()/$D$5^4*EXP((-1/PI())*(2*PI()/$D$5)^4*A104^-4)) -> 4.1666553e-149 | E104: =$B$4*(B104^2)*($D$92^2*(2*PI())^4*A104^-5/4/PI()/$E$5^4*EXP((-1/PI())*(2*PI()/$E$5)^4*A104^-4)) -> 6.6802655e-48 | F104: =$B$4*(B104^2)*($D$92^2*(2*PI())^4*A104^-5/4/PI()/$F$5^4*EXP((-1/PI())*(2*PI()/$F$5)^4*A104^-4)) -> 7.1002691e-16 | G104: =$B$4*(B104^2)*($D$92^2*(2*PI())^4*A104^-5/4/PI()/$G$5^4*EXP((-1/PI())*(2*PI()/$G$5)^4*A104^-4)) -> 0.0023638306 | H104: =$B$4*(B104^2)*($D$92^2*(2*PI())^4*A104^-5/4/PI()/$H$5^4*EXP((-1/PI())*(2*PI()/$H$5)^4*A104^-4)) -> 996.27129 | I104: =$B$4*(B104^2)*($D$92^2*(2*PI())^4*A104^-5/4/PI()/$I$5^4*EXP((-1/PI())*(2*PI()/$I$5)^4*A104^-4)) -> 596259.84 | J104: =$B$4*(B104^2)*($D$92^2*(2*PI())^4*A104^-5/4/PI()/$J$5^4*EXP((-1/PI())*(2*PI()/$J$5)^4*A104^-4)) -> 17263674 | K104: =$B$4*(B104^2)*($D$92^2*(2*PI())^4*A104^-5/4/PI()/$K$5^4*EXP((-1/PI())*(2*PI()/$K$5)^4*A104^-4)) -> 1.0904761e+08 | L104: =$B$4*(B104^2)*($D$92^2*(2*PI())^4*A104^-5/4/PI()/$L$5^4*EXP((-1/PI())*(2*PI()/$L$5)^4*A104^-4)) -> 3.0427139e+08 | M104: =$B$4*(B104^2)*($D$92^2*(2*PI())^4*A104^-5/4/PI()/$M$5^4*EXP((-1/PI())*(2*PI()/$M$5)^4*A104^-4)) -> 5.3516227e+08 | N104: =$B$4*(B104^2)*($D$92^2*(2*PI())^4*A104^-5/4/PI()/$N$5^4*EXP((-1/PI())*(2*PI()/$N$5)^4*A104^-4)) -> 7.175838e+08 | O104: =$B$4*(B104^2)*($D$92^2*(2*PI())^4*A104^-5/4/PI()/$O$5^4*EXP((-1/PI())*(2*PI()/$O$5)^4*A104^-4)) -> 8.1619338e+08 | P104: =$B$4*(B104^2)*($D$92^2*(2*PI())^4*A104^-5/4/PI()/$P$5^4*EXP((-1/PI())*(2*PI()/$P$5)^4*A104^-4)) -> 8.3822049e+08 | Q104: =$B$4*(B104^2)*($D$92^2*(2*PI())^4*A104^-5/4/PI()/$Q$5^4*EXP((-1/PI())*(2*PI()/$Q$5)^4*A104^-4)) -> 8.0716866e+08 | R104: =$B$4*(B104^2)*($D$92^2*(2*PI())^4*A104^-5/4/PI()/$R$5^4*EXP((-1/PI())*(2*PI()/$R$5)^4*A104^-4)) -> 7.4612471e+08 | S104: =$B$4*(B104^2)*($D$92^2*(2*PI())^4*A104^-5/4/PI()/$S$5^4*EXP((-1/PI())*(2*PI()/$S$5)^4*A104^-4)) -> 6.7204297e+08
A105: =A61 -> 0.33107822 | B105: =B61 -> 90298.995 | D105: =$B$4*(B105^2)*($D$92^2*(2*PI())^4*A105^-5/4/PI()/$D$5^4*EXP((-1/PI())*(2*PI()/$D$5)^4*A105^-4)) -> 9.3523793e-109 | E105: =$B$4*(B105^2)*($D$92^2*(2*PI())^4*A105^-5/4/PI()/$E$5^4*EXP((-1/PI())*(2*PI()/$E$5)^4*A105^-4)) -> 2.0034577e-33 | F105: =$B$4*(B105^2)*($D$92^2*(2*PI())^4*A105^-5/4/PI()/$F$5^4*EXP((-1/PI())*(2*PI()/$F$5)^4*A105^-4)) -> 1.2211684e-09 | G105: =$B$4*(B105^2)*($D$92^2*(2*PI())^4*A105^-5/4/PI()/$G$5^4*EXP((-1/PI())*(2*PI()/$G$5)^4*A105^-4)) -> 2.2259852 | H105: =$B$4*(B105^2)*($D$92^2*(2*PI())^4*A105^-5/4/PI()/$H$5^4*EXP((-1/PI())*(2*PI()/$H$5)^4*A105^-4)) -> 30001.808 | I105: =$B$4*(B105^2)*($D$92^2*(2*PI())^4*A105^-5/4/PI()/$I$5^4*EXP((-1/PI())*(2*PI()/$I$5)^4*A105^-4)) -> 3103991.4 | J105: =$B$4*(B105^2)*($D$92^2*(2*PI())^4*A105^-5/4/PI()/$J$5^4*EXP((-1/PI())*(2*PI()/$J$5)^4*A105^-4)) -> 34067348 | K105: =$B$4*(B105^2)*($D$92^2*(2*PI())^4*A105^-5/4/PI()/$K$5^4*EXP((-1/PI())*(2*PI()/$K$5)^4*A105^-4)) -> 1.2155959e+08 | L105: =$B$4*(B105^2)*($D$92^2*(2*PI())^4*A105^-5/4/PI()/$L$5^4*EXP((-1/PI())*(2*PI()/$L$5)^4*A105^-4)) -> 2.3810037e+08 | M105: =$B$4*(B105^2)*($D$92^2*(2*PI())^4*A105^-5/4/PI()/$M$5^4*EXP((-1/PI())*(2*PI()/$M$5)^4*A105^-4)) -> 3.3318575e+08 | N105: =$B$4*(B105^2)*($D$92^2*(2*PI())^4*A105^-5/4/PI()/$N$5^4*EXP((-1/PI())*(2*PI()/$N$5)^4*A105^-4)) -> 3.8336442e+08 | O105: =$B$4*(B105^2)*($D$92^2*(2*PI())^4*A105^-5/4/PI()/$O$5^4*EXP((-1/PI())*(2*PI()/$O$5)^4*A105^-4)) -> 3.9237052e+08 | P105: =$B$4*(B105^2)*($D$92^2*(2*PI())^4*A105^-5/4/PI()/$P$5^4*EXP((-1/PI())*(2*PI()/$P$5)^4*A105^-4)) -> 3.7396005e+08 | Q105: =$B$4*(B105^2)*($D$92^2*(2*PI())^4*A105^-5/4/PI()/$Q$5^4*EXP((-1/PI())*(2*PI()/$Q$5)^4*A105^-4)) -> 3.4115892e+08 | R105: =$B$4*(B105^2)*($D$92^2*(2*PI())^4*A105^-5/4/PI()/$R$5^4*EXP((-1/PI())*(2*PI()/$R$5)^4*A105^-4)) -> 3.0302428e+08 | S105: =$B$4*(B105^2)*($D$92^2*(2*PI())^4*A105^-5/4/PI()/$S$5^4*EXP((-1/PI())*(2*PI()/$S$5)^4*A105^-4)) -> 2.6488034e+08
... A134: =A90 -> 0.82242642 | B134: =B90 -> 16237.977 | D134: =$B$4*(B134^2)*($D$92^2*(2*PI())^4*A134^-5/4/PI()/$D$5^4*EXP((-1/PI())*(2*PI()/$D$5)^4*A134^-4)) -> 73135.165 | E134: =$B$4*(B134^2)*($D$92^2*(2*PI())^4*A134^-5/4/PI()/$E$5^4*EXP((-1/PI())*(2*PI()/$E$5)^4*A134^-4)) -> 2614461.2 | F134: =$B$4*(B134^2)*($D$92^2*(2*PI())^4*A134^-5/4/PI()/$F$5^4*EXP((-1/PI())*(2*PI()/$F$5)^4*A134^-4)) -> 5041820.3 | G134: =$B$4*(B134^2)*($D$92^2*(2*PI())^4*A134^-5/4/PI()/$G$5^4*EXP((-1/PI())*(2*PI()/$G$5)^4*A134^-4)) -> 4604849.5 | H134: =$B$4*(B134^2)*($D$92^2*(2*PI())^4*A134^-5/4/PI()/$H$5^4*EXP((-1/PI())*(2*PI()/$H$5)^4*A134^-4)) -> 3385370.8 | I134: =$B$4*(B134^2)*($D$92^2*(2*PI())^4*A134^-5/4/PI()/$I$5^4*EXP((-1/PI())*(2*PI()/$I$5)^4*A134^-4)) -> 2348543.4 | J134: =$B$4*(B134^2)*($D$92^2*(2*PI())^4*A134^-5/4/PI()/$J$5^4*EXP((-1/PI())*(2*PI()/$J$5)^4*A134^-4)) -> 1621728.4 | K134: =$B$4*(B134^2)*($D$92^2*(2*PI())^4*A134^-5/4/PI()/$K$5^4*EXP((-1/PI())*(2*PI()/$K$5)^4*A134^-4)) -> 1135507.7 | L134: =$B$4*(B134^2)*($D$92^2*(2*PI())^4*A134^-5/4/PI()/$L$5^4*EXP((-1/PI())*(2*PI()/$L$5)^4*A134^-4)) -> 810912.72 | M134: =$B$4*(B134^2)*($D$92^2*(2*PI())^4*A134^-5/4/PI()/$M$5^4*EXP((-1/PI())*(2*PI()/$M$5)^4*A134^-4)) -> 591237.36 | N134: =$B$4*(B134^2)*($D$92^2*(2*PI())^4*A134^-5/4/PI()/$N$5^4*EXP((-1/PI())*(2*PI()/$N$5)^4*A134^-4)) -> 439721.85 | O134: =$B$4*(B134^2)*($D$92^2*(2*PI())^4*A134^-5/4/PI()/$O$5^4*EXP((-1/PI())*(2*PI()/$O$5)^4*A134^-4)) -> 333093.44 | P134: =$B$4*(B134^2)*($D$92^2*(2*PI())^4*A134^-5/4/PI()/$P$5^4*EXP((-1/PI())*(2*PI()/$P$5)^4*A134^-4)) -> 256569.96 | Q134: =$B$4*(B134^2)*($D$92^2*(2*PI())^4*A134^-5/4/PI()/$Q$5^4*EXP((-1/PI())*(2*PI()/$Q$5)^4*A134^-4)) -> 200632.88 | R134: =$B$4*(B134^2)*($D$92^2*(2*PI())^4*A134^-5/4/PI()/$R$5^4*EXP((-1/PI())*(2*PI()/$R$5)^4*A134^-4)) -> 159044.32 | S134: =$B$4*(B134^2)*($D$92^2*(2*PI())^4*A134^-5/4/PI()/$S$5^4*EXP((-1/PI())*(2*PI()/$S$5)^4*A134^-4)) -> 127639.25
C135: sum | D135: =SUM(D94:D134) -> 377577.8 | E135: =SUM(E94:E134) -> 41119205 | F135: =SUM(F94:F134) -> 1.3559071e+08 | G135: =SUM(G94:G134) -> 1.6817468e+08 | H135: =SUM(H94:H134) -> 2.0805586e+08 | I135: =SUM(I94:I134) -> 3.7600966e+08 | J135: =SUM(J94:J134) -> 7.288695e+08 | K135: =SUM(K94:K134) -> 1.2484846e+09 | ... S135: =SUM(S94:S134) -> 1.0433071e+10 | T135: =SUM(D135:S135) -> 4.5773641e+10
A136: w0 | B136: =A139-A138 -> 0.027779436 | C136: Hs | D136: 3.5
A137: w | B137: RAO(0) | C137: Tz | D137: 3.5 | E137: 4.5 | F137: 5.5 | G137: 6.5 | H137: 7.5 | I137: 8.5 | J137: 9.5 | K137: 10.5 | L137: 11.5 | M137: 12.5 | N137: 13.5 | O137: 14.5 | P137: 15.5 | Q137: 16.5 | R137: 17.5 | S137: 18.5
A138: =A94 -> 0.04934449 | B138: =B94 -> 66932.15 | D138: =$B$4*(B138^2)*($D$137^2*(2*PI())^4*A138^-5/4/PI()/$D$5^4*EXP((-1/PI())*(2*PI()/$D$5)^4*A138^-4)) -> 0 | E138: =$B$4*(B138^2)*($D$137^2*(2*PI())^4*A138^-5/4/PI()/$E$5^4*EXP((-1/PI())*(2*PI()/$E$5)^4*A138^-4)) -> 0 | F138: =$B$4*(B138^2)*($D$137^2*(2*PI())^4*A138^-5/4/PI()/$F$5^4*EXP((-1/PI())*(2*PI()/$F$5)^4*A138^-4)) -> 0 | G138: =$B$4*(B138^2)*($D$137^2*(2*PI())^4*A138^-5/4/PI()/$G$5^4*EXP((-1/PI())*(2*PI()/$G$5)^4*A138^-4)) -> 0 | H138: =$B$4*(B138^2)*($D$137^2*(2*PI())^4*A138^-5/4/PI()/$H$5^4*EXP((-1/PI())*(2*PI()/$H$5)^4*A138^-4)) -> 0 | I138: =$B$4*(B138^2)*($D$137^2*(2*PI())^4*A138^-5/4/PI()/$I$5^4*EXP((-1/PI())*(2*PI()/$I$5)^4*A138^-4)) -> 0 | J138: =$B$4*(B138^2)*($D$137^2*(2*PI())^4*A138^-5/4/PI()/$J$5^4*EXP((-1/PI())*(2*PI()/$J$5)^4*A138^-4)) -> 0 | K138: =$B$4*(B138^2)*($D$137^2*(2*PI())^4*A138^-5/4/PI()/$K$5^4*EXP((-1/PI())*(2*PI()/$K$5)^4*A138^-4)) -> 0 | L138: =$B$4*(B138^2)*($D$137^2*(2*PI())^4*A138^-5/4/PI()/$L$5^4*EXP((-1/PI())*(2*PI()/$L$5)^4*A138^-4)) -> 0 | M138: =$B$4*(B138^2)*($D$137^2*(2*PI())^4*A138^-5/4/PI()/$M$5^4*EXP((-1/PI())*(2*PI()/$M$5)^4*A138^-4)) -> 0 | N138: =$B$4*(B138^2)*($D$137^2*(2*PI())^4*A138^-5/4/PI()/$N$5^4*EXP((-1/PI())*(2*PI()/$N$5)^4*A138^-4)) -> 0 | O138: =$B$4*(B138^2)*($D$137^2*(2*PI())^4*A138^-5/4/PI()/$O$5^4*EXP((-1/PI())*(2*PI()/$O$5)^4*A138^-4)) -> 0 | P138: =$B$4*(B138^2)*($D$137^2*(2*PI())^4*A138^-5/4/PI()/$P$5^4*EXP((-1/PI())*(2*PI()/$P$5)^4*A138^-4)) -> 0 | Q138: =$B$4*(B138^2)*($D$137^2*(2*PI())^4*A138^-5/4/PI()/$Q$5^4*EXP((-1/PI())*(2*PI()/$Q$5)^4*A138^-4)) -> 0 | R138: =$B$4*(B138^2)*($D$137^2*(2*PI())^4*A138^-5/4/PI()/$R$5^4*EXP((-1/PI())*(2*PI()/$R$5)^4*A138^-4)) -> 0 | S138: =$B$4*(B138^2)*($D$136^2*(2*PI())^4*A138^-5/4/PI()/$S$5^4*EXP((-1/PI())*(2*PI()/$S$5)^4*A138^-4)) -> 3.1000864e-298
A139: =A95 -> 0.077123926 | B139: =B95 -> 165548.16 | D139: =$B$4*(B139^2)*($D$137^2*(2*PI())^4*A139^-5/4/PI()/$D$5^4*EXP((-1/PI())*(2*PI()/$D$5)^4*A139^-4)) -> 0 | E139: =$B$4*(B139^2)*($D$137^2*(2*PI())^4*A139^-5/4/PI()/$E$5^4*EXP((-1/PI())*(2*PI()/$E$5)^4*A139^-4)) -> 0 | F139: =$B$4*(B139^2)*($D$137^2*(2*PI())^4*A139^-5/4/PI()/$F$5^4*EXP((-1/PI())*(2*PI()/$F$5)^4*A139^-4)) -> 0 | G139: =$B$4*(B139^2)*($D$137^2*(2*PI())^4*A139^-5/4/PI()/$G$5^4*EXP((-1/PI())*(2*PI()/$G$5)^4*A139^-4)) -> 0 | H139: =$B$4*(B139^2)*($D$137^2*(2*PI())^4*A139^-5/4/PI()/$H$5^4*EXP((-1/PI())*(2*PI()/$H$5)^4*A139^-4)) -> 0 | I139: =$B$4*(B139^2)*($D$137^2*(2*PI())^4*A139^-5/4/PI()/$I$5^4*EXP((-1/PI())*(2*PI()/$I$5)^4*A139^-4)) -> 0 | J139: =$B$4*(B139^2)*($D$137^2*(2*PI())^4*A139^-5/4/PI()/$J$5^4*EXP((-1/PI())*(2*PI()/$J$5)^4*A139^-4)) -> 0 | K139: =$B$4*(B139^2)*($D$137^2*(2*PI())^4*A139^-5/4/PI()/$K$5^4*EXP((-1/PI())*(2*PI()/$K$5)^4*A139^-4)) -> 0 | L139: =$B$4*(B139^2)*($D$137^2*(2*PI())^4*A139^-5/4/PI()/$L$5^4*EXP((-1/PI())*(2*PI()/$L$5)^4*A139^-4)) -> 0 | M139: =$B$4*(B139^2)*($D$137^2*(2*PI())^4*A139^-5/4/PI()/$M$5^4*EXP((-1/PI())*(2*PI()/$M$5)^4*A139^-4)) -> 6.3777021e-237 | N139: =$B$4*(B139^2)*($D$137^2*(2*PI())^4*A139^-5/4/PI()/$N$5^4*EXP((-1/PI())*(2*PI()/$N$5)^4*A139^-4)) -> 5.8048282e-171 | O139: =$B$4*(B139^2)*($D$137^2*(2*PI())^4*A139^-5/4/PI()/$O$5^4*EXP((-1/PI())*(2*PI()/$O$5)^4*A139^-4)) -> 1.6637493e-125 | P139: =$B$4*(B139^2)*($D$137^2*(2*PI())^4*A139^-5/4/PI()/$P$5^4*EXP((-1/PI())*(2*PI()/$P$5)^4*A139^-4)) -> 2.2990033e-93 | Q139: =$B$4*(B139^2)*($D$137^2*(2*PI())^4*A139^-5/4/PI()/$Q$5^4*EXP((-1/PI())*(2*PI()/$Q$5)^4*A139^-4)) -> 3.9546947e-70 | R139: =$B$4*(B139^2)*($D$137^2*(2*PI())^4*A139^-5/4/PI()/$R$5^4*EXP((-1/PI())*(2*PI()/$R$5)^4*A139^-4)) -> 5.3106935e-53 | S139: =$B$4*(B139^2)*($D$136^2*(2*PI())^4*A139^-5/4/PI()/$S$5^4*EXP((-1/PI())*(2*PI()/$S$5)^4*A139^-4)) -> 3.7128179e-40
A140: =A96 -> 0.10446991 | B140: =B96 -> 321987.2 | D140: =$B$4*(B140^2)*($D$137^2*(2*PI())^4*A140^-5/4/PI()/$D$5^4*EXP((-1/PI())*(2*PI()/$D$5)^4*A140^-4)) -> 0 | E140: =$B$4*(B140^2)*($D$137^2*(2*PI())^4*A140^-5/4/PI()/$E$5^4*EXP((-1/PI())*(2*PI()/$E$5)^4*A140^-4)) -> 0 | F140: =$B$4*(B140^2)*($D$137^2*(2*PI())^4*A140^-5/4/PI()/$F$5^4*EXP((-1/PI())*(2*PI()/$F$5)^4*A140^-4)) -> 0 | G140: =$B$4*(B140^2)*($D$137^2*(2*PI())^4*A140^-5/4/PI()/$G$5^4*EXP((-1/PI())*(2*PI()/$G$5)^4*A140^-4)) -> 0 | H140: =$B$4*(B140^2)*($D$137^2*(2*PI())^4*A140^-5/4/PI()/$H$5^4*EXP((-1/PI())*(2*PI()/$H$5)^4*A140^-4)) -> 0 | I140: =$B$4*(B140^2)*($D$137^2*(2*PI())^4*A140^-5/4/PI()/$I$5^4*EXP((-1/PI())*(2*PI()/$I$5)^4*A140^-4)) -> 0 | J140: =$B$4*(B140^2)*($D$137^2*(2*PI())^4*A140^-5/4/PI()/$J$5^4*EXP((-1/PI())*(2*PI()/$J$5)^4*A140^-4)) -> 3.653882e-209 | K140: =$B$4*(B140^2)*($D$137^2*(2*PI())^4*A140^-5/4/PI()/$K$5^4*EXP((-1/PI())*(2*PI()/$K$5)^4*A140^-4)) -> 4.4813631e-136 | L140: =$B$4*(B140^2)*($D$137^2*(2*PI())^4*A140^-5/4/PI()/$L$5^4*EXP((-1/PI())*(2*PI()/$L$5)^4*A140^-4)) -> 7.6721985e-91 | M140: =$B$4*(B140^2)*($D$137^2*(2*PI())^4*A140^-5/4/PI()/$M$5^4*EXP((-1/PI())*(2*PI()/$M$5)^4*A140^-4)) -> 1.1755782e-61 | N140: =$B$4*(B140^2)*($D$137^2*(2*PI())^4*A140^-5/4/PI()/$N$5^4*EXP((-1/PI())*(2*PI()/$N$5)^4*A140^-4)) -> 3.6958763e-42 | O140: =$B$4*(B140^2)*($D$137^2*(2*PI())^4*A140^-5/4/PI()/$O$5^4*EXP((-1/PI())*(2*PI()/$O$5)^4*A140^-4)) -> 9.6020882e-29 | P140: =$B$4*(B140^2)*($D$137^2*(2*PI())^4*A140^-5/4/PI()/$P$5^4*EXP((-1/PI())*(2*PI()/$P$5)^4*A140^-4)) -> 2.801635e-19 | Q140: =$B$4*(B140^2)*($D$137^2*(2*PI())^4*A140^-5/4/PI()/$Q$5^4*EXP((-1/PI())*(2*PI()/$Q$5)^4*A140^-4)) -> 1.8732144e-12 | R140: =$B$4*(B140^2)*($D$137^2*(2*PI())^4*A140^-5/4/PI()/$R$5^4*EXP((-1/PI())*(2*PI()/$R$5)^4*A140^-4)) -> 1.9416552e-07 | S140: =$B$4*(B140^2)*($D$136^2*(2*PI())^4*A140^-5/4/PI()/$S$5^4*EXP((-1/PI())*(2*PI()/$S$5)^4*A140^-4)) -> 0.0010850562
A141: =A97 -> 0.13138243 | B141: =B97 -> 481594.64 | D141: =$B$4*(B141^2)*($D$137^2*(2*PI())^4*A141^-5/4/PI()/$D$5^4*EXP((-1/PI())*(2*PI()/$D$5)^4*A141^-4)) -> 0 | E141: =$B$4*(B141^2)*($D$137^2*(2*PI())^4*A141^-5/4/PI()/$E$5^4*EXP((-1/PI())*(2*PI()/$E$5)^4*A141^-4)) -> 0 | F141: =$B$4*(B141^2)*($D$137^2*(2*PI())^4*A141^-5/4/PI()/$F$5^4*EXP((-1/PI())*(2*PI()/$F$5)^4*A141^-4)) -> 0 | G141: =$B$4*(B141^2)*($D$137^2*(2*PI())^4*A141^-5/4/PI()/$G$5^4*EXP((-1/PI())*(2*PI()/$G$5)^4*A141^-4)) -> 0 | H141: =$B$4*(B141^2)*($D$137^2*(2*PI())^4*A141^-5/4/PI()/$H$5^4*EXP((-1/PI())*(2*PI()/$H$5)^4*A141^-4)) -> 2.2863147e-215 | I141: =$B$4*(B141^2)*($D$137^2*(2*PI())^4*A141^-5/4/PI()/$I$5^4*EXP((-1/PI())*(2*PI()/$I$5)^4*A141^-4)) -> 1.4291909e-125 | J141: =$B$4*(B141^2)*($D$137^2*(2*PI())^4*A141^-5/4/PI()/$J$5^4*EXP((-1/PI())*(2*PI()/$J$5)^4*A141^-4)) -> 5.1066644e-76 | K141: =$B$4*(B141^2)*($D$137^2*(2*PI())^4*A141^-5/4/PI()/$K$5^4*EXP((-1/PI())*(2*PI()/$K$5)^4*A141^-4)) -> 6.6496554e-47 | L141: =$B$4*(B141^2)*($D$137^2*(2*PI())^4*A141^-5/4/PI()/$L$5^4*EXP((-1/PI())*(2*PI()/$L$5)^4*A141^-4)) -> 6.4739632e-29 | M141: =$B$4*(B141^2)*($D$137^2*(2*PI())^4*A141^-5/4/PI()/$M$5^4*EXP((-1/PI())*(2*PI()/$M$5)^4*A141^-4)) -> 2.4648751e-17 | N141: =$B$4*(B141^2)*($D$137^2*(2*PI())^4*A141^-5/4/PI()/$N$5^4*EXP((-1/PI())*(2*PI()/$N$5)^4*A141^-4)) -> 1.2768727e-09 | O141: =$B$4*(B141^2)*($D$137^2*(2*PI())^4*A141^-5/4/PI()/$O$5^4*EXP((-1/PI())*(2*PI()/$O$5)^4*A141^-4)) -> 0.00024801547 | P141: =$B$4*(B141^2)*($D$137^2*(2*PI())^4*A141^-5/4/PI()/$P$5^4*EXP((-1/PI())*(2*PI()/$P$5)^4*A141^-4)) -> 1.2847798 | Q141: =$B$4*(B141^2)*($D$137^2*(2*PI())^4*A141^-5/4/PI()/$Q$5^4*EXP((-1/PI())*(2*PI()/$Q$5)^4*A141^-4)) -> 591.7983 | R141: =$B$4*(B141^2)*($D$137^2*(2*PI())^4*A141^-5/4/PI()/$R$5^4*EXP((-1/PI())*(2*PI()/$R$5)^4*A141^-4)) -> 51990.775 | S141: =$B$4*(B141^2)*($D$136^2*(2*PI())^4*A141^-5/4/PI()/$S$5^4*EXP((-1/PI())*(2*PI()/$S$5)^4*A141^-4)) -> 1432361.8
A142: =A98 -> 0.1578615 | B142: =B98 -> 538229.53 | D142: =$B$4*(B142^2)*($D$137^2*(2*PI())^4*A142^-5/4/PI()/$D$5^4*EXP((-1/PI())*(2*PI()/$D$5)^4*A142^-4)) -> 0 | E142: =$B$4*(B142^2)*($D$137^2*(2*PI())^4*A142^-5/4/PI()/$E$5^4*EXP((-1/PI())*(2*PI()/$E$5)^4*A142^-4)) -> 0 | F142: =$B$4*(B142^2)*($D$137^2*(2*PI())^4*A142^-5/4/PI()/$F$5^4*EXP((-1/PI())*(2*PI()/$F$5)^4*A142^-4)) -> 0 | G142: =$B$4*(B142^2)*($D$137^2*(2*PI())^4*A142^-5/4/PI()/$G$5^4*EXP((-1/PI())*(2*PI()/$G$5)^4*A142^-4)) -> 3.0855094e-181 | H142: =$B$4*(B142^2)*($D$137^2*(2*PI())^4*A142^-5/4/PI()/$H$5^4*EXP((-1/PI())*(2*PI()/$H$5)^4*A142^-4)) -> 8.8482596e-97 | I142: =$B$4*(B142^2)*($D$137^2*(2*PI())^4*A142^-5/4/PI()/$I$5^4*EXP((-1/PI())*(2*PI()/$I$5)^4*A142^-4)) -> 8.2463451e-54 | J142: =$B$4*(B142^2)*($D$137^2*(2*PI())^4*A142^-5/4/PI()/$J$5^4*EXP((-1/PI())*(2*PI()/$J$5)^4*A142^-4)) -> 3.8942481e-30 | K142: =$B$4*(B142^2)*($D$137^2*(2*PI())^4*A142^-5/4/PI()/$K$5^4*EXP((-1/PI())*(2*PI()/$K$5)^4*A142^-4)) -> 2.9422415e-16 | L142: =$B$4*(B142^2)*($D$137^2*(2*PI())^4*A142^-5/4/PI()/$L$5^4*EXP((-1/PI())*(2*PI()/$L$5)^4*A142^-4)) -> 1.0398467e-07 | M142: =$B$4*(B142^2)*($D$137^2*(2*PI())^4*A142^-5/4/PI()/$M$5^4*EXP((-1/PI())*(2*PI()/$M$5)^4*A142^-4)) -> 0.031462694 | N142: =$B$4*(B142^2)*($D$137^2*(2*PI())^4*A142^-5/4/PI()/$N$5^4*EXP((-1/PI())*(2*PI()/$N$5)^4*A142^-4)) -> 134.72734 | O142: =$B$4*(B142^2)*($D$137^2*(2*PI())^4*A142^-5/4/PI()/$O$5^4*EXP((-1/PI())*(2*PI()/$O$5)^4*A142^-4)) -> 40006.037 | P142: =$B$4*(B142^2)*($D$137^2*(2*PI())^4*A142^-5/4/PI()/$P$5^4*EXP((-1/PI())*(2*PI()/$P$5)^4*A142^-4)) -> 2108314.6 | Q142: =$B$4*(B142^2)*($D$137^2*(2*PI())^4*A142^-5/4/PI()/$Q$5^4*EXP((-1/PI())*(2*PI()/$Q$5)^4*A142^-4)) -> 35096278 | R142: =$B$4*(B142^2)*($D$137^2*(2*PI())^4*A142^-5/4/PI()/$R$5^4*EXP((-1/PI())*(2*PI()/$R$5)^4*A142^-4)) -> 2.6586702e+08 | S142: =$B$4*(B142^2)*($D$136^2*(2*PI())^4*A142^-5/4/PI()/$S$5^4*EXP((-1/PI())*(2*PI()/$S$5)^4*A142^-4)) -> 1.1624992e+09
A143: =A99 -> 0.18390711 | B143: =B99 -> 401196.85 | D143: =$B$4*(B143^2)*($D$137^2*(2*PI())^4*A143^-5/4/PI()/$D$5^4*EXP((-1/PI())*(2*PI()/$D$5)^4*A143^-4)) -> 0 | E143: =$B$4*(B143^2)*($D$137^2*(2*PI())^4*A143^-5/4/PI()/$E$5^4*EXP((-1/PI())*(2*PI()/$E$5)^4*A143^-4)) -> 0 | F143: =$B$4*(B143^2)*($D$137^2*(2*PI())^4*A143^-5/4/PI()/$F$5^4*EXP((-1/PI())*(2*PI()/$F$5)^4*A143^-4)) -> 5.2174878e-193 | G143: =$B$4*(B143^2)*($D$137^2*(2*PI())^4*A143^-5/4/PI()/$G$5^4*EXP((-1/PI())*(2*PI()/$G$5)^4*A143^-4)) -> 5.5505737e-93 | H143: =$B$4*(B143^2)*($D$137^2*(2*PI())^4*A143^-5/4/PI()/$H$5^4*EXP((-1/PI())*(2*PI()/$H$5)^4*A143^-4)) -> 3.0320905e-47 | I143: =$B$4*(B143^2)*($D$137^2*(2*PI())^4*A143^-5/4/PI()/$I$5^4*EXP((-1/PI())*(2*PI()/$I$5)^4*A143^-4)) -> 5.1280872e-24 | J143: =$B$4*(B143^2)*($D$137^2*(2*PI())^4*A143^-5/4/PI()/$J$5^4*EXP((-1/PI())*(2*PI()/$J$5)^4*A143^-4)) -> 2.9789814e-11 | K143: =$B$4*(B143^2)*($D$137^2*(2*PI())^4*A143^-5/4/PI()/$K$5^4*EXP((-1/PI())*(2*PI()/$K$5)^4*A143^-4)) -> 0.00084906446 | L143: =$B$4*(B143^2)*($D$137^2*(2*PI())^4*A143^-5/4/PI()/$L$5^4*EXP((-1/PI())*(2*PI()/$L$5)^4*A143^-4)) -> 31.439234 | M143: =$B$4*(B143^2)*($D$137^2*(2*PI())^4*A143^-5/4/PI()/$M$5^4*EXP((-1/PI())*(2*PI()/$M$5)^4*A143^-4)) -> 25511.662 | N143: =$B$4*(B143^2)*($D$137^2*(2*PI())^4*A143^-5/4/PI()/$N$5^4*EXP((-1/PI())*(2*PI()/$N$5)^4*A143^-4)) -> 2075928 | O143: =$B$4*(B143^2)*($D$137^2*(2*PI())^4*A143^-5/4/PI()/$O$5^4*EXP((-1/PI())*(2*PI()/$O$5)^4*A143^-4)) -> 40073046 | P143: =$B$4*(B143^2)*($D$137^2*(2*PI())^4*A143^-5/4/PI()/$P$5^4*EXP((-1/PI())*(2*PI()/$P$5)^4*A143^-4)) -> 3.0524245e+08 | Q143: =$B$4*(B143^2)*($D$137^2*(2*PI())^4*A143^-5/4/PI()/$Q$5^4*EXP((-1/PI())*(2*PI()/$Q$5)^4*A143^-4)) -> 1.2532636e+09 | R143: =$B$4*(B143^2)*($D$137^2*(2*PI())^4*A143^-5/4/PI()/$R$5^4*EXP((-1/PI())*(2*PI()/$R$5)^4*A143^-4)) -> 3.3785964e+09 | S143: =$B$4*(B143^2)*($D$136^2*(2*PI())^4*A143^-5/4/PI()/$S$5^4*EXP((-1/PI())*(2*PI()/$S$5)^4*A143^-4)) -> 6.7991291e+09
A144: =A100 -> 0.20951927 | B144: =B100 -> 115250.03 | D144: =$B$4*(B144^2)*($D$137^2*(2*PI())^4*A144^-5/4/PI()/$D$5^4*EXP((-1/PI())*(2*PI()/$D$5)^4*A144^-4)) -> 0 | E144: =$B$4*(B144^2)*($D$137^2*(2*PI())^4*A144^-5/4/PI()/$E$5^4*EXP((-1/PI())*(2*PI()/$E$5)^4*A144^-4)) -> 7.5531927e-261 | F144: =$B$4*(B144^2)*($D$137^2*(2*PI())^4*A144^-5/4/PI()/$F$5^4*EXP((-1/PI())*(2*PI()/$F$5)^4*A144^-4)) -> 9.9785979e-111 | G144: =$B$4*(B144^2)*($D$137^2*(2*PI())^4*A144^-5/4/PI()/$G$5^4*EXP((-1/PI())*(2*PI()/$G$5)^4*A144^-4)) -> 1.8099975e-51 | H144: =$B$4*(B144^2)*($D$137^2*(2*PI())^4*A144^-5/4/PI()/$H$5^4*EXP((-1/PI())*(2*PI()/$H$5)^4*A144^-4)) -> 2.0260276e-24 | I144: =$B$4*(B144^2)*($D$137^2*(2*PI())^4*A144^-5/4/PI()/$I$5^4*EXP((-1/PI())*(2*PI()/$I$5)^4*A144^-4)) -> 1.0155177e-10 | J144: =$B$4*(B144^2)*($D$137^2*(2*PI())^4*A144^-5/4/PI()/$J$5^4*EXP((-1/PI())*(2*PI()/$J$5)^4*A144^-4)) -> 0.0031990212 | K144: =$B$4*(B144^2)*($D$137^2*(2*PI())^4*A144^-5/4/PI()/$K$5^4*EXP((-1/PI())*(2*PI()/$K$5)^4*A144^-4)) -> 72.379722 | L144: =$B$4*(B144^2)*($D$137^2*(2*PI())^4*A144^-5/4/PI()/$L$5^4*EXP((-1/PI())*(2*PI()/$L$5)^4*A144^-4)) -> 32158.808 | M144: =$B$4*(B144^2)*($D$137^2*(2*PI())^4*A144^-5/4/PI()/$M$5^4*EXP((-1/PI())*(2*PI()/$M$5)^4*A144^-4)) -> 1497587.7 | N144: =$B$4*(B144^2)*($D$137^2*(2*PI())^4*A144^-5/4/PI()/$N$5^4*EXP((-1/PI())*(2*PI()/$N$5)^4*A144^-4)) -> 17994003 | O144: =$B$4*(B144^2)*($D$137^2*(2*PI())^4*A144^-5/4/PI()/$O$5^4*EXP((-1/PI())*(2*PI()/$O$5)^4*A144^-4)) -> 92863020 | P144: =$B$4*(B144^2)*($D$137^2*(2*PI())^4*A144^-5/4/PI()/$P$5^4*EXP((-1/PI())*(2*PI()/$P$5)^4*A144^-4)) -> 2.780977e+08 | Q144: =$B$4*(B144^2)*($D$137^2*(2*PI())^4*A144^-5/4/PI()/$Q$5^4*EXP((-1/PI())*(2*PI()/$Q$5)^4*A144^-4)) -> 5.8099944e+08 | R144: =$B$4*(B144^2)*($D$137^2*(2*PI())^4*A144^-5/4/PI()/$R$5^4*EXP((-1/PI())*(2*PI()/$R$5)^4*A144^-4)) -> 9.512573e+08 | S144: =$B$4*(B144^2)*($D$136^2*(2*PI())^4*A144^-5/4/PI()/$S$5^4*EXP((-1/PI())*(2*PI()/$S$5)^4*A144^-4)) -> 1.3163005e+09
A145: =A101 -> 0.23469797 | B145: =B101 -> 156835.1 | D145: =$B$4*(B145^2)*($D$137^2*(2*PI())^4*A145^-5/4/PI()/$D$5^4*EXP((-1/PI())*(2*PI()/$D$5)^4*A145^-4)) -> 0 | E145: =$B$4*(B145^2)*($D$137^2*(2*PI())^4*A145^-5/4/PI()/$E$5^4*EXP((-1/PI())*(2*PI()/$E$5)^4*A145^-4)) -> 2.4171668e-161 | F145: =$B$4*(B145^2)*($D$137^2*(2*PI())^4*A145^-5/4/PI()/$F$5^4*EXP((-1/PI())*(2*PI()/$F$5)^4*A145^-4)) -> 3.9950908e-66 | G145: =$B$4*(B145^2)*($D$137^2*(2*PI())^4*A145^-5/4/PI()/$G$5^4*EXP((-1/PI())*(2*PI()/$G$5)^4*A145^-4)) -> 1.3558293e-28 | H145: =$B$4*(B145^2)*($D$137^2*(2*PI())^4*A145^-5/4/PI()/$H$5^4*EXP((-1/PI())*(2*PI()/$H$5)^4*A145^-4)) -> 1.6632178e-11 | I145: =$B$4*(B145^2)*($D$137^2*(2*PI())^4*A145^-5/4/PI()/$I$5^4*EXP((-1/PI())*(2*PI()/$I$5)^4*A145^-4)) -> 0.0069636979 | J145: =$B$4*(B145^2)*($D$137^2*(2*PI())^4*A145^-5/4/PI()/$J$5^4*EXP((-1/PI())*(2*PI()/$J$5)^4*A145^-4)) -> 342.53771 | K145: =$B$4*(B145^2)*($D$137^2*(2*PI())^4*A145^-5/4/PI()/$K$5^4*EXP((-1/PI())*(2*PI()/$K$5)^4*A145^-4)) -> 172576.25 | L145: =$B$4*(B145^2)*($D$137^2*(2*PI())^4*A145^-5/4/PI()/$L$5^4*EXP((-1/PI())*(2*PI()/$L$5)^4*A145^-4)) -> 7259810.4 | M145: =$B$4*(B145^2)*($D$137^2*(2*PI())^4*A145^-5/4/PI()/$M$5^4*EXP((-1/PI())*(2*PI()/$M$5)^4*A145^-4)) -> 73708741 | N145: =$B$4*(B145^2)*($D$137^2*(2*PI())^4*A145^-5/4/PI()/$N$5^4*EXP((-1/PI())*(2*PI()/$N$5)^4*A145^-4)) -> 3.1952355e+08 | O145: =$B$4*(B145^2)*($D$137^2*(2*PI())^4*A145^-5/4/PI()/$O$5^4*EXP((-1/PI())*(2*PI()/$O$5)^4*A145^-4)) -> 8.1633933e+08 | P145: =$B$4*(B145^2)*($D$137^2*(2*PI())^4*A145^-5/4/PI()/$P$5^4*EXP((-1/PI())*(2*PI()/$P$5)^4*A145^-4)) -> 1.4864227e+09 | Q145: =$B$4*(B145^2)*($D$137^2*(2*PI())^4*A145^-5/4/PI()/$Q$5^4*EXP((-1/PI())*(2*PI()/$Q$5)^4*A145^-4)) -> 2.166404e+09 | R145: =$B$4*(B145^2)*($D$137^2*(2*PI())^4*A145^-5/4/PI()/$R$5^4*EXP((-1/PI())*(2*PI()/$R$5)^4*A145^-4)) -> 2.7191762e+09 | S145: =$B$4*(B145^2)*($D$136^2*(2*PI())^4*A145^-5/4/PI()/$S$5^4*EXP((-1/PI())*(2*PI()/$S$5)^4*A145^-4)) -> 3.0817889e+09
A146: =A102 -> 0.25944322 | B146: =B102 -> 184162.42 | D146: =$B$4*(B146^2)*($D$137^2*(2*PI())^4*A146^-5/4/PI()/$D$5^4*EXP((-1/PI())*(2*PI()/$D$5)^4*A146^-4)) -> 0 | E146: =$B$4*(B146^2)*($D$137^2*(2*PI())^4*A146^-5/4/PI()/$E$5^4*EXP((-1/PI())*(2*PI()/$E$5)^4*A146^-4)) -> 3.2038181e-104 | F146: =$B$4*(B146^2)*($D$137^2*(2*PI())^4*A146^-5/4/PI()/$F$5^4*EXP((-1/PI())*(2*PI()/$F$5)^4*A146^-4)) -> 1.4333868e-40 | G146: =$B$4*(B146^2)*($D$137^2*(2*PI())^4*A146^-5/4/PI()/$G$5^4*EXP((-1/PI())*(2*PI()/$G$5)^4*A146^-4)) -> 1.5634752e-15 | H146: =$B$4*(B146^2)*($D$137^2*(2*PI())^4*A146^-5/4/PI()/$H$5^4*EXP((-1/PI())*(2*PI()/$H$5)^4*A146^-4)) -> 0.00035973767 | I146: =$B$4*(B146^2)*($D$137^2*(2*PI())^4*A146^-5/4/PI()/$I$5^4*EXP((-1/PI())*(2*PI()/$I$5)^4*A146^-4)) -> 181.16822 | J146: =$B$4*(B146^2)*($D$137^2*(2*PI())^4*A146^-5/4/PI()/$J$5^4*EXP((-1/PI())*(2*PI()/$J$5)^4*A146^-4)) -> 216927.19 | K146: =$B$4*(B146^2)*($D$137^2*(2*PI())^4*A146^-5/4/PI()/$K$5^4*EXP((-1/PI())*(2*PI()/$K$5)^4*A146^-4)) -> 12261534 | L146: =$B$4*(B146^2)*($D$137^2*(2*PI())^4*A146^-5/4/PI()/$L$5^4*EXP((-1/PI())*(2*PI()/$L$5)^4*A146^-4)) -> 1.33005e+08 | M146: =$B$4*(B146^2)*($D$137^2*(2*PI())^4*A146^-5/4/PI()/$M$5^4*EXP((-1/PI())*(2*PI()/$M$5)^4*A146^-4)) -> 5.6249482e+08 | N146: =$B$4*(B146^2)*($D$137^2*(2*PI())^4*A146^-5/4/PI()/$N$5^4*EXP((-1/PI())*(2*PI()/$N$5)^4*A146^-4)) -> 1.3568524e+09 | O146: =$B$4*(B146^2)*($D$137^2*(2*PI())^4*A146^-5/4/PI()/$O$5^4*EXP((-1/PI())*(2*PI()/$O$5)^4*A146^-4)) -> 2.3138458e+09 | P146: =$B$4*(B146^2)*($D$137^2*(2*PI())^4*A146^-5/4/PI()/$P$5^4*EXP((-1/PI())*(2*PI()/$P$5)^4*A146^-4)) -> 3.164932e+09 | Q146: =$B$4*(B146^2)*($D$137^2*(2*PI())^4*A146^-5/4/PI()/$Q$5^4*EXP((-1/PI())*(2*PI()/$Q$5)^4*A146^-4)) -> 3.7501331e+09 | R146: =$B$4*(B146^2)*($D$137^2*(2*PI())^4*A146^-5/4/PI()/$R$5^4*EXP((-1/PI())*(2*PI()/$R$5)^4*A146^-4)) -> 4.0399761e+09 | S146: =$B$4*(B146^2)*($D$136^2*(2*PI())^4*A146^-5/4/PI()/$S$5^4*EXP((-1/PI())*(2*PI()/$S$5)^4*A146^-4)) -> 4.0822455e+09
A147: =A103 -> 0.28375501 | B147: =B103 -> 100992.3 | D147: =$B$4*(B147^2)*($D$137^2*(2*PI())^4*A147^-5/4/PI()/$D$5^4*EXP((-1/PI())*(2*PI()/$D$5)^4*A147^-4)) -> 5.3293992e-210 | E147: =$B$4*(B147^2)*($D$137^2*(2*PI())^4*A147^-5/4/PI()/$E$5^4*EXP((-1/PI())*(2*PI()/$E$5)^4*A147^-4)) -> 5.137176e-70 | F147: =$B$4*(B147^2)*($D$137^2*(2*PI())^4*A147^-5/4/PI()/$F$5^4*EXP((-1/PI())*(2*PI()/$F$5)^4*A147^-4)) -> 1.2279576e-25 | G147: =$B$4*(B147^2)*($D$137^2*(2*PI())^4*A147^-5/4/PI()/$G$5^4*EXP((-1/PI())*(2*PI()/$G$5)^4*A147^-4)) -> 3.1612616e-08 | H147: =$B$4*(B147^2)*($D$137^2*(2*PI())^4*A147^-5/4/PI()/$H$5^4*EXP((-1/PI())*(2*PI()/$H$5)^4*A147^-4)) -> 2.3198837 | I147: =$B$4*(B147^2)*($D$137^2*(2*PI())^4*A147^-5/4/PI()/$I$5^4*EXP((-1/PI())*(2*PI()/$I$5)^4*A147^-4)) -> 19275.397 | J147: =$B$4*(B147^2)*($D$137^2*(2*PI())^4*A147^-5/4/PI()/$J$5^4*EXP((-1/PI())*(2*PI()/$J$5)^4*A147^-4)) -> 2388343.5 | K147: =$B$4*(B147^2)*($D$137^2*(2*PI())^4*A147^-5/4/PI()/$K$5^4*EXP((-1/PI())*(2*PI()/$K$5)^4*A147^-4)) -> 35507426 | L147: =$B$4*(B147^2)*($D$137^2*(2*PI())^4*A147^-5/4/PI()/$L$5^4*EXP((-1/PI())*(2*PI()/$L$5)^4*A147^-4)) -> 1.6837758e+08 | M147: =$B$4*(B147^2)*($D$137^2*(2*PI())^4*A147^-5/4/PI()/$M$5^4*EXP((-1/PI())*(2*PI()/$M$5)^4*A147^-4)) -> 4.1718832e+08 | N147: =$B$4*(B147^2)*($D$137^2*(2*PI())^4*A147^-5/4/PI()/$N$5^4*EXP((-1/PI())*(2*PI()/$N$5)^4*A147^-4)) -> 7.0360556e+08 | O147: =$B$4*(B147^2)*($D$137^2*(2*PI())^4*A147^-5/4/PI()/$O$5^4*EXP((-1/PI())*(2*PI()/$O$5)^4*A147^-4)) -> 9.3744654e+08 | P147: =$B$4*(B147^2)*($D$137^2*(2*PI())^4*A147^-5/4/PI()/$P$5^4*EXP((-1/PI())*(2*PI()/$P$5)^4*A147^-4)) -> 1.0767774e+09 | Q147: =$B$4*(B147^2)*($D$137^2*(2*PI())^4*A147^-5/4/PI()/$Q$5^4*EXP((-1/PI())*(2*PI()/$Q$5)^4*A147^-4)) -> 1.1243835e+09 | R147: =$B$4*(B147^2)*($D$137^2*(2*PI())^4*A147^-5/4/PI()/$R$5^4*EXP((-1/PI())*(2*PI()/$R$5)^4*A147^-4)) -> 1.1033917e+09 | S147: =$B$4*(B147^2)*($D$136^2*(2*PI())^4*A147^-5/4/PI()/$S$5^4*EXP((-1/PI())*(2*PI()/$S$5)^4*A147^-4)) -> 1.0394872e+09
A148: =A104 -> 0.30763334 | B148: =B104 -> 127131.48 | D148: =$B$4*(B148^2)*($D$137^2*(2*PI())^4*A148^-5/4/PI()/$D$5^4*EXP((-1/PI())*(2*PI()/$D$5)^4*A148^-4)) -> 8.1666444e-149 | E148: =$B$4*(B148^2)*($D$137^2*(2*PI())^4*A148^-5/4/PI()/$E$5^4*EXP((-1/PI())*(2*PI()/$E$5)^4*A148^-4)) -> 1.309332e-47 | F148: =$B$4*(B148^2)*($D$137^2*(2*PI())^4*A148^-5/4/PI()/$F$5^4*EXP((-1/PI())*(2*PI()/$F$5)^4*A148^-4)) -> 1.3916527e-15 | G148: =$B$4*(B148^2)*($D$137^2*(2*PI())^4*A148^-5/4/PI()/$G$5^4*EXP((-1/PI())*(2*PI()/$G$5)^4*A148^-4)) -> 0.004633108 | H148: =$B$4*(B148^2)*($D$137^2*(2*PI())^4*A148^-5/4/PI()/$H$5^4*EXP((-1/PI())*(2*PI()/$H$5)^4*A148^-4)) -> 1952.6917 | I148: =$B$4*(B148^2)*($D$137^2*(2*PI())^4*A148^-5/4/PI()/$I$5^4*EXP((-1/PI())*(2*PI()/$I$5)^4*A148^-4)) -> 1168669.3 | J148: =$B$4*(B148^2)*($D$137^2*(2*PI())^4*A148^-5/4/PI()/$J$5^4*EXP((-1/PI())*(2*PI()/$J$5)^4*A148^-4)) -> 33836801 | K148: =$B$4*(B148^2)*($D$137^2*(2*PI())^4*A148^-5/4/PI()/$K$5^4*EXP((-1/PI())*(2*PI()/$K$5)^4*A148^-4)) -> 2.1373331e+08 | L148: =$B$4*(B148^2)*($D$137^2*(2*PI())^4*A148^-5/4/PI()/$L$5^4*EXP((-1/PI())*(2*PI()/$L$5)^4*A148^-4)) -> 5.9637192e+08 | M148: =$B$4*(B148^2)*($D$137^2*(2*PI())^4*A148^-5/4/PI()/$M$5^4*EXP((-1/PI())*(2*PI()/$M$5)^4*A148^-4)) -> 1.048918e+09 | N148: =$B$4*(B148^2)*($D$137^2*(2*PI())^4*A148^-5/4/PI()/$N$5^4*EXP((-1/PI())*(2*PI()/$N$5)^4*A148^-4)) -> 1.4064642e+09 | O148: =$B$4*(B148^2)*($D$137^2*(2*PI())^4*A148^-5/4/PI()/$O$5^4*EXP((-1/PI())*(2*PI()/$O$5)^4*A148^-4)) -> 1.599739e+09 | P148: =$B$4*(B148^2)*($D$137^2*(2*PI())^4*A148^-5/4/PI()/$P$5^4*EXP((-1/PI())*(2*PI()/$P$5)^4*A148^-4)) -> 1.6429122e+09 | Q148: =$B$4*(B148^2)*($D$137^2*(2*PI())^4*A148^-5/4/PI()/$Q$5^4*EXP((-1/PI())*(2*PI()/$Q$5)^4*A148^-4)) -> 1.5820506e+09 | R148: =$B$4*(B148^2)*($D$137^2*(2*PI())^4*A148^-5/4/PI()/$R$5^4*EXP((-1/PI())*(2*PI()/$R$5)^4*A148^-4)) -> 1.4624044e+09 | S148: =$B$4*(B148^2)*($D$136^2*(2*PI())^4*A148^-5/4/PI()/$S$5^4*EXP((-1/PI())*(2*PI()/$S$5)^4*A148^-4)) -> 1.3172042e+09
A149: =A105 -> 0.33107822 | B149: =B105 -> 90298.995 | D149: =$B$4*(B149^2)*($D$137^2*(2*PI())^4*A149^-5/4/PI()/$D$5^4*EXP((-1/PI())*(2*PI()/$D$5)^4*A149^-4)) -> 1.8330664e-108 | E149: =$B$4*(B149^2)*($D$137^2*(2*PI())^4*A149^-5/4/PI()/$E$5^4*EXP((-1/PI())*(2*PI()/$E$5)^4*A149^-4)) -> 3.9267771e-33 | F149: =$B$4*(B149^2)*($D$137^2*(2*PI())^4*A149^-5/4/PI()/$F$5^4*EXP((-1/PI())*(2*PI()/$F$5)^4*A149^-4)) -> 2.3934902e-09 | G149: =$B$4*(B149^2)*($D$137^2*(2*PI())^4*A149^-5/4/PI()/$G$5^4*EXP((-1/PI())*(2*PI()/$G$5)^4*A149^-4)) -> 4.3629311 | H149: =$B$4*(B149^2)*($D$137^2*(2*PI())^4*A149^-5/4/PI()/$H$5^4*EXP((-1/PI())*(2*PI()/$H$5)^4*A149^-4)) -> 58803.544 | I149: =$B$4*(B149^2)*($D$137^2*(2*PI())^4*A149^-5/4/PI()/$I$5^4*EXP((-1/PI())*(2*PI()/$I$5)^4*A149^-4)) -> 6083823.1 | J149: =$B$4*(B149^2)*($D$137^2*(2*PI())^4*A149^-5/4/PI()/$J$5^4*EXP((-1/PI())*(2*PI()/$J$5)^4*A149^-4)) -> 66772001 | K149: =$B$4*(B149^2)*($D$137^2*(2*PI())^4*A149^-5/4/PI()/$K$5^4*EXP((-1/PI())*(2*PI()/$K$5)^4*A149^-4)) -> 2.382568e+08 | L149: =$B$4*(B149^2)*($D$137^2*(2*PI())^4*A149^-5/4/PI()/$L$5^4*EXP((-1/PI())*(2*PI()/$L$5)^4*A149^-4)) -> 4.6667673e+08 | M149: =$B$4*(B149^2)*($D$137^2*(2*PI())^4*A149^-5/4/PI()/$M$5^4*EXP((-1/PI())*(2*PI()/$M$5)^4*A149^-4)) -> 6.5304407e+08 | N149: =$B$4*(B149^2)*($D$137^2*(2*PI())^4*A149^-5/4/PI()/$N$5^4*EXP((-1/PI())*(2*PI()/$N$5)^4*A149^-4)) -> 7.5139426e+08 | O149: =$B$4*(B149^2)*($D$137^2*(2*PI())^4*A149^-5/4/PI()/$O$5^4*EXP((-1/PI())*(2*PI()/$O$5)^4*A149^-4)) -> 7.6904621e+08 | P149: =$B$4*(B149^2)*($D$137^2*(2*PI())^4*A149^-5/4/PI()/$P$5^4*EXP((-1/PI())*(2*PI()/$P$5)^4*A149^-4)) -> 7.3296169e+08 | Q149: =$B$4*(B149^2)*($D$137^2*(2*PI())^4*A149^-5/4/PI()/$Q$5^4*EXP((-1/PI())*(2*PI()/$Q$5)^4*A149^-4)) -> 6.6867148e+08 | R149: =$B$4*(B149^2)*($D$137^2*(2*PI())^4*A149^-5/4/PI()/$R$5^4*EXP((-1/PI())*(2*PI()/$R$5)^4*A149^-4)) -> 5.9392759e+08 | S149: =$B$4*(B149^2)*($D$136^2*(2*PI())^4*A149^-5/4/PI()/$S$5^4*EXP((-1/PI())*(2*PI()/$S$5)^4*A149^-4)) -> 5.1916546e+08
... A178: =A134 -> 0.82242642 | B178: =B134 -> 16237.977 | D178: =$B$4*(B178^2)*($D$137^2*(2*PI())^4*A178^-5/4/PI()/$D$5^4*EXP((-1/PI())*(2*PI()/$D$5)^4*A178^-4)) -> 143344.92 | E178: =$B$4*(B178^2)*($D$137^2*(2*PI())^4*A178^-5/4/PI()/$E$5^4*EXP((-1/PI())*(2*PI()/$E$5)^4*A178^-4)) -> 5124343.9 | F178: =$B$4*(B178^2)*($D$137^2*(2*PI())^4*A178^-5/4/PI()/$F$5^4*EXP((-1/PI())*(2*PI()/$F$5)^4*A178^-4)) -> 9881967.8 | G178: =$B$4*(B178^2)*($D$137^2*(2*PI())^4*A178^-5/4/PI()/$G$5^4*EXP((-1/PI())*(2*PI()/$G$5)^4*A178^-4)) -> 9025504.9 | H178: =$B$4*(B178^2)*($D$137^2*(2*PI())^4*A178^-5/4/PI()/$H$5^4*EXP((-1/PI())*(2*PI()/$H$5)^4*A178^-4)) -> 6635326.7 | I178: =$B$4*(B178^2)*($D$137^2*(2*PI())^4*A178^-5/4/PI()/$I$5^4*EXP((-1/PI())*(2*PI()/$I$5)^4*A178^-4)) -> 4603145.1 | J178: =$B$4*(B178^2)*($D$137^2*(2*PI())^4*A178^-5/4/PI()/$J$5^4*EXP((-1/PI())*(2*PI()/$J$5)^4*A178^-4)) -> 3178587.6 | K178: =$B$4*(B178^2)*($D$137^2*(2*PI())^4*A178^-5/4/PI()/$K$5^4*EXP((-1/PI())*(2*PI()/$K$5)^4*A178^-4)) -> 2225595 | L178: =$B$4*(B178^2)*($D$137^2*(2*PI())^4*A178^-5/4/PI()/$L$5^4*EXP((-1/PI())*(2*PI()/$L$5)^4*A178^-4)) -> 1589388.9 | M178: =$B$4*(B178^2)*($D$137^2*(2*PI())^4*A178^-5/4/PI()/$M$5^4*EXP((-1/PI())*(2*PI()/$M$5)^4*A178^-4)) -> 1158825.2 | N178: =$B$4*(B178^2)*($D$137^2*(2*PI())^4*A178^-5/4/PI()/$N$5^4*EXP((-1/PI())*(2*PI()/$N$5)^4*A178^-4)) -> 861854.82 | O178: =$B$4*(B178^2)*($D$137^2*(2*PI())^4*A178^-5/4/PI()/$O$5^4*EXP((-1/PI())*(2*PI()/$O$5)^4*A178^-4)) -> 652863.15 | P178: =$B$4*(B178^2)*($D$137^2*(2*PI())^4*A178^-5/4/PI()/$P$5^4*EXP((-1/PI())*(2*PI()/$P$5)^4*A178^-4)) -> 502877.11 | Q178: =$B$4*(B178^2)*($D$137^2*(2*PI())^4*A178^-5/4/PI()/$Q$5^4*EXP((-1/PI())*(2*PI()/$Q$5)^4*A178^-4)) -> 393240.44 | R178: =$B$4*(B178^2)*($D$137^2*(2*PI())^4*A178^-5/4/PI()/$R$5^4*EXP((-1/PI())*(2*PI()/$R$5)^4*A178^-4)) -> 311726.87 | S178: =$B$4*(B178^2)*($D$136^2*(2*PI())^4*A178^-5/4/PI()/$S$5^4*EXP((-1/PI())*(2*PI()/$S$5)^4*A178^-4)) -> 250172.92
C179: sum | D179: =SUM(D138:D178) -> 740052.49 | E179: =SUM(E138:E178) -> 80593642 | F179: =SUM(F138:F178) -> 2.657578e+08 | G179: =SUM(G138:G178) -> 3.2962238e+08 | H179: =SUM(H138:H178) -> 4.0778949e+08 | I179: =SUM(I138:I178) -> 7.3697894e+08 | J179: =SUM(J138:J178) -> 1.4285842e+09 | K179: =SUM(K138:K178) -> 2.4470298e+09 | ... S179: =SUM(S138:S178) -> 2.0448818e+10 | T179: =SUM(D179:S179) -> 8.9716337e+10
A180: w0 | B180: =A183-A182 -> 0.027779436 | C180: Hs | D180: 4.5
A181: w | B181: RAO(0) | C181: Tz | D181: 3.5 | E181: 4.5 | F181: 5.5 | G181: 6.5 | H181: 7.5 | I181: 8.5 | J181: 9.5 | K181: 10.5 | L181: 11.5 | M181: 12.5 | N181: 13.5 | O181: 14.5 | P181: 15.5 | Q181: 16.5 | R181: 17.5 | S181: 18.5
A182: =A138 -> 0.04934449 | B182: =B138 -> 66932.15 | D182: =$B$4*(B182^2)*($D$180^2*(2*PI())^4*A182^-5/4/PI()/$D$5^4*EXP((-1/PI())*(2*PI()/$D$5)^4*A182^-4)) -> 0 | E182: =$B$4*(B182^2)*($D$180^2*(2*PI())^4*A182^-5/4/PI()/$E$5^4*EXP((-1/PI())*(2*PI()/$E$5)^4*A182^-4)) -> 0 | F182: =$B$4*(B182^2)*($D$180^2*(2*PI())^4*A182^-5/4/PI()/$F$5^4*EXP((-1/PI())*(2*PI()/$F$5)^4*A182^-4)) -> 0 | G182: =$B$4*(B182^2)*($D$180^2*(2*PI())^4*A182^-5/4/PI()/$G$5^4*EXP((-1/PI())*(2*PI()/$G$5)^4*A182^-4)) -> 0 | H182: =$B$4*(B182^2)*($D$180^2*(2*PI())^4*A182^-5/4/PI()/$H$5^4*EXP((-1/PI())*(2*PI()/$H$5)^4*A182^-4)) -> 0 | I182: =$B$4*(B182^2)*($D$180^2*(2*PI())^4*A182^-5/4/PI()/$I$5^4*EXP((-1/PI())*(2*PI()/$I$5)^4*A182^-4)) -> 0 | J182: =$B$4*(B182^2)*($D$180^2*(2*PI())^4*A182^-5/4/PI()/$J$5^4*EXP((-1/PI())*(2*PI()/$J$5)^4*A182^-4)) -> 0 | K182: =$B$4*(B182^2)*($D$180^2*(2*PI())^4*A182^-5/4/PI()/$K$5^4*EXP((-1/PI())*(2*PI()/$K$5)^4*A182^-4)) -> 0 | L182: =$B$4*(B182^2)*($D$180^2*(2*PI())^4*A182^-5/4/PI()/$L$5^4*EXP((-1/PI())*(2*PI()/$L$5)^4*A182^-4)) -> 0 | M182: =$B$4*(B182^2)*($D$180^2*(2*PI())^4*A182^-5/4/PI()/$M$5^4*EXP((-1/PI())*(2*PI()/$M$5)^4*A182^-4)) -> 0 | N182: =$B$4*(B182^2)*($D$180^2*(2*PI())^4*A182^-5/4/PI()/$N$5^4*EXP((-1/PI())*(2*PI()/$N$5)^4*A182^-4)) -> 0 | O182: =$B$4*(B182^2)*($D$180^2*(2*PI())^4*A182^-5/4/PI()/$O$5^4*EXP((-1/PI())*(2*PI()/$O$5)^4*A182^-4)) -> 0 | P182: =$B$4*(B182^2)*($D$180^2*(2*PI())^4*A182^-5/4/PI()/$P$5^4*EXP((-1/PI())*(2*PI()/$P$5)^4*A182^-4)) -> 0 | Q182: =$B$4*(B182^2)*($D$180^2*(2*PI())^4*A182^-5/4/PI()/$Q$5^4*EXP((-1/PI())*(2*PI()/$Q$5)^4*A182^-4)) -> 0 | R182: =$B$4*(B182^2)*($D$180^2*(2*PI())^4*A182^-5/4/PI()/$R$5^4*EXP((-1/PI())*(2*PI()/$R$5)^4*A182^-4)) -> 0 | S182: =$B$4*(B182^2)*($D$180^2*(2*PI())^4*A182^-5/4/PI()/$S$5^4*EXP((-1/PI())*(2*PI()/$S$5)^4*A182^-4)) -> 5.1246326e-298
A183: =A139 -> 0.077123926 | B183: =B139 -> 165548.16 | D183: =$B$4*(B183^2)*($D$180^2*(2*PI())^4*A183^-5/4/PI()/$D$5^4*EXP((-1/PI())*(2*PI()/$D$5)^4*A183^-4)) -> 0 | E183: =$B$4*(B183^2)*($D$180^2*(2*PI())^4*A183^-5/4/PI()/$E$5^4*EXP((-1/PI())*(2*PI()/$E$5)^4*A183^-4)) -> 0 | F183: =$B$4*(B183^2)*($D$180^2*(2*PI())^4*A183^-5/4/PI()/$F$5^4*EXP((-1/PI())*(2*PI()/$F$5)^4*A183^-4)) -> 0 | G183: =$B$4*(B183^2)*($D$180^2*(2*PI())^4*A183^-5/4/PI()/$G$5^4*EXP((-1/PI())*(2*PI()/$G$5)^4*A183^-4)) -> 0 | H183: =$B$4*(B183^2)*($D$180^2*(2*PI())^4*A183^-5/4/PI()/$H$5^4*EXP((-1/PI())*(2*PI()/$H$5)^4*A183^-4)) -> 0 | I183: =$B$4*(B183^2)*($D$180^2*(2*PI())^4*A183^-5/4/PI()/$I$5^4*EXP((-1/PI())*(2*PI()/$I$5)^4*A183^-4)) -> 0 | J183: =$B$4*(B183^2)*($D$180^2*(2*PI())^4*A183^-5/4/PI()/$J$5^4*EXP((-1/PI())*(2*PI()/$J$5)^4*A183^-4)) -> 0 | K183: =$B$4*(B183^2)*($D$180^2*(2*PI())^4*A183^-5/4/PI()/$K$5^4*EXP((-1/PI())*(2*PI()/$K$5)^4*A183^-4)) -> 0 | L183: =$B$4*(B183^2)*($D$180^2*(2*PI())^4*A183^-5/4/PI()/$L$5^4*EXP((-1/PI())*(2*PI()/$L$5)^4*A183^-4)) -> 0 | M183: =$B$4*(B183^2)*($D$180^2*(2*PI())^4*A183^-5/4/PI()/$M$5^4*EXP((-1/PI())*(2*PI()/$M$5)^4*A183^-4)) -> 1.0542732e-236 | N183: =$B$4*(B183^2)*($D$180^2*(2*PI())^4*A183^-5/4/PI()/$N$5^4*EXP((-1/PI())*(2*PI()/$N$5)^4*A183^-4)) -> 9.5957363e-171 | O183: =$B$4*(B183^2)*($D$180^2*(2*PI())^4*A183^-5/4/PI()/$O$5^4*EXP((-1/PI())*(2*PI()/$O$5)^4*A183^-4)) -> 2.7502795e-125 | P183: =$B$4*(B183^2)*($D$180^2*(2*PI())^4*A183^-5/4/PI()/$P$5^4*EXP((-1/PI())*(2*PI()/$P$5)^4*A183^-4)) -> 3.8003932e-93 | Q183: =$B$4*(B183^2)*($D$180^2*(2*PI())^4*A183^-5/4/PI()/$Q$5^4*EXP((-1/PI())*(2*PI()/$Q$5)^4*A183^-4)) -> 6.5373525e-70 | R183: =$B$4*(B183^2)*($D$180^2*(2*PI())^4*A183^-5/4/PI()/$R$5^4*EXP((-1/PI())*(2*PI()/$R$5)^4*A183^-4)) -> 8.7789016e-53 | S183: =$B$4*(B183^2)*($D$180^2*(2*PI())^4*A183^-5/4/PI()/$S$5^4*EXP((-1/PI())*(2*PI()/$S$5)^4*A183^-4)) -> 6.1375154e-40
A184: =A140 -> 0.10446991 | B184: =B140 -> 321987.2 | D184: =$B$4*(B184^2)*($D$180^2*(2*PI())^4*A184^-5/4/PI()/$D$5^4*EXP((-1/PI())*(2*PI()/$D$5)^4*A184^-4)) -> 0 | E184: =$B$4*(B184^2)*($D$180^2*(2*PI())^4*A184^-5/4/PI()/$E$5^4*EXP((-1/PI())*(2*PI()/$E$5)^4*A184^-4)) -> 0 | F184: =$B$4*(B184^2)*($D$180^2*(2*PI())^4*A184^-5/4/PI()/$F$5^4*EXP((-1/PI())*(2*PI()/$F$5)^4*A184^-4)) -> 0 | G184: =$B$4*(B184^2)*($D$180^2*(2*PI())^4*A184^-5/4/PI()/$G$5^4*EXP((-1/PI())*(2*PI()/$G$5)^4*A184^-4)) -> 0 | H184: =$B$4*(B184^2)*($D$180^2*(2*PI())^4*A184^-5/4/PI()/$H$5^4*EXP((-1/PI())*(2*PI()/$H$5)^4*A184^-4)) -> 0 | I184: =$B$4*(B184^2)*($D$180^2*(2*PI())^4*A184^-5/4/PI()/$I$5^4*EXP((-1/PI())*(2*PI()/$I$5)^4*A184^-4)) -> 0 | J184: =$B$4*(B184^2)*($D$180^2*(2*PI())^4*A184^-5/4/PI()/$J$5^4*EXP((-1/PI())*(2*PI()/$J$5)^4*A184^-4)) -> 6.0400907e-209 | K184: =$B$4*(B184^2)*($D$180^2*(2*PI())^4*A184^-5/4/PI()/$K$5^4*EXP((-1/PI())*(2*PI()/$K$5)^4*A184^-4)) -> 7.4079676e-136 | L184: =$B$4*(B184^2)*($D$180^2*(2*PI())^4*A184^-5/4/PI()/$L$5^4*EXP((-1/PI())*(2*PI()/$L$5)^4*A184^-4)) -> 1.2682614e-90 | M184: =$B$4*(B184^2)*($D$180^2*(2*PI())^4*A184^-5/4/PI()/$M$5^4*EXP((-1/PI())*(2*PI()/$M$5)^4*A184^-4)) -> 1.9433028e-61 | N184: =$B$4*(B184^2)*($D$180^2*(2*PI())^4*A184^-5/4/PI()/$N$5^4*EXP((-1/PI())*(2*PI()/$N$5)^4*A184^-4)) -> 6.1095099e-42 | O184: =$B$4*(B184^2)*($D$180^2*(2*PI())^4*A184^-5/4/PI()/$O$5^4*EXP((-1/PI())*(2*PI()/$O$5)^4*A184^-4)) -> 1.587284e-28 | P184: =$B$4*(B184^2)*($D$180^2*(2*PI())^4*A184^-5/4/PI()/$P$5^4*EXP((-1/PI())*(2*PI()/$P$5)^4*A184^-4)) -> 4.6312742e-19 | Q184: =$B$4*(B184^2)*($D$180^2*(2*PI())^4*A184^-5/4/PI()/$Q$5^4*EXP((-1/PI())*(2*PI()/$Q$5)^4*A184^-4)) -> 3.0965382e-12 | R184: =$B$4*(B184^2)*($D$180^2*(2*PI())^4*A184^-5/4/PI()/$R$5^4*EXP((-1/PI())*(2*PI()/$R$5)^4*A184^-4)) -> 3.2096749e-07 | S184: =$B$4*(B184^2)*($D$180^2*(2*PI())^4*A184^-5/4/PI()/$S$5^4*EXP((-1/PI())*(2*PI()/$S$5)^4*A184^-4)) -> 0.0017936644
A185: =A141 -> 0.13138243 | B185: =B141 -> 481594.64 | D185: =$B$4*(B185^2)*($D$180^2*(2*PI())^4*A185^-5/4/PI()/$D$5^4*EXP((-1/PI())*(2*PI()/$D$5)^4*A185^-4)) -> 0 | E185: =$B$4*(B185^2)*($D$180^2*(2*PI())^4*A185^-5/4/PI()/$E$5^4*EXP((-1/PI())*(2*PI()/$E$5)^4*A185^-4)) -> 0 | F185: =$B$4*(B185^2)*($D$180^2*(2*PI())^4*A185^-5/4/PI()/$F$5^4*EXP((-1/PI())*(2*PI()/$F$5)^4*A185^-4)) -> 0 | G185: =$B$4*(B185^2)*($D$180^2*(2*PI())^4*A185^-5/4/PI()/$G$5^4*EXP((-1/PI())*(2*PI()/$G$5)^4*A185^-4)) -> 0 | H185: =$B$4*(B185^2)*($D$180^2*(2*PI())^4*A185^-5/4/PI()/$H$5^4*EXP((-1/PI())*(2*PI()/$H$5)^4*A185^-4)) -> 3.7794181e-215 | I185: =$B$4*(B185^2)*($D$180^2*(2*PI())^4*A185^-5/4/PI()/$I$5^4*EXP((-1/PI())*(2*PI()/$I$5)^4*A185^-4)) -> 2.3625401e-125 | J185: =$B$4*(B185^2)*($D$180^2*(2*PI())^4*A185^-5/4/PI()/$J$5^4*EXP((-1/PI())*(2*PI()/$J$5)^4*A185^-4)) -> 8.4416289e-76 | K185: =$B$4*(B185^2)*($D$180^2*(2*PI())^4*A185^-5/4/PI()/$K$5^4*EXP((-1/PI())*(2*PI()/$K$5)^4*A185^-4)) -> 1.0992287e-46 | L185: =$B$4*(B185^2)*($D$180^2*(2*PI())^4*A185^-5/4/PI()/$L$5^4*EXP((-1/PI())*(2*PI()/$L$5)^4*A185^-4)) -> 1.0701858e-28 | M185: =$B$4*(B185^2)*($D$180^2*(2*PI())^4*A185^-5/4/PI()/$M$5^4*EXP((-1/PI())*(2*PI()/$M$5)^4*A185^-4)) -> 4.0745895e-17 | N185: =$B$4*(B185^2)*($D$180^2*(2*PI())^4*A185^-5/4/PI()/$N$5^4*EXP((-1/PI())*(2*PI()/$N$5)^4*A185^-4)) -> 2.1107488e-09 | O185: =$B$4*(B185^2)*($D$180^2*(2*PI())^4*A185^-5/4/PI()/$O$5^4*EXP((-1/PI())*(2*PI()/$O$5)^4*A185^-4)) -> 0.00040998475 | P185: =$B$4*(B185^2)*($D$180^2*(2*PI())^4*A185^-5/4/PI()/$P$5^4*EXP((-1/PI())*(2*PI()/$P$5)^4*A185^-4)) -> 2.1238197 | Q185: =$B$4*(B185^2)*($D$180^2*(2*PI())^4*A185^-5/4/PI()/$Q$5^4*EXP((-1/PI())*(2*PI()/$Q$5)^4*A185^-4)) -> 978.27883 | R185: =$B$4*(B185^2)*($D$180^2*(2*PI())^4*A185^-5/4/PI()/$R$5^4*EXP((-1/PI())*(2*PI()/$R$5)^4*A185^-4)) -> 85943.935 | S185: =$B$4*(B185^2)*($D$180^2*(2*PI())^4*A185^-5/4/PI()/$S$5^4*EXP((-1/PI())*(2*PI()/$S$5)^4*A185^-4)) -> 2367781.7
A186: =A142 -> 0.1578615 | B186: =B142 -> 538229.53 | D186: =$B$4*(B186^2)*($D$180^2*(2*PI())^4*A186^-5/4/PI()/$D$5^4*EXP((-1/PI())*(2*PI()/$D$5)^4*A186^-4)) -> 0 | E186: =$B$4*(B186^2)*($D$180^2*(2*PI())^4*A186^-5/4/PI()/$E$5^4*EXP((-1/PI())*(2*PI()/$E$5)^4*A186^-4)) -> 0 | F186: =$B$4*(B186^2)*($D$180^2*(2*PI())^4*A186^-5/4/PI()/$F$5^4*EXP((-1/PI())*(2*PI()/$F$5)^4*A186^-4)) -> 0 | G186: =$B$4*(B186^2)*($D$180^2*(2*PI())^4*A186^-5/4/PI()/$G$5^4*EXP((-1/PI())*(2*PI()/$G$5)^4*A186^-4)) -> 5.100536e-181 | H186: =$B$4*(B186^2)*($D$180^2*(2*PI())^4*A186^-5/4/PI()/$H$5^4*EXP((-1/PI())*(2*PI()/$H$5)^4*A186^-4)) -> 1.4626715e-96 | I186: =$B$4*(B186^2)*($D$180^2*(2*PI())^4*A186^-5/4/PI()/$I$5^4*EXP((-1/PI())*(2*PI()/$I$5)^4*A186^-4)) -> 1.3631713e-53 | J186: =$B$4*(B186^2)*($D$180^2*(2*PI())^4*A186^-5/4/PI()/$J$5^4*EXP((-1/PI())*(2*PI()/$J$5)^4*A186^-4)) -> 6.4374306e-30 | K186: =$B$4*(B186^2)*($D$180^2*(2*PI())^4*A186^-5/4/PI()/$K$5^4*EXP((-1/PI())*(2*PI()/$K$5)^4*A186^-4)) -> 4.8637053e-16 | L186: =$B$4*(B186^2)*($D$180^2*(2*PI())^4*A186^-5/4/PI()/$L$5^4*EXP((-1/PI())*(2*PI()/$L$5)^4*A186^-4)) -> 1.7189302e-07 | M186: =$B$4*(B186^2)*($D$180^2*(2*PI())^4*A186^-5/4/PI()/$M$5^4*EXP((-1/PI())*(2*PI()/$M$5)^4*A186^-4)) -> 0.05200976 | N186: =$B$4*(B186^2)*($D$180^2*(2*PI())^4*A186^-5/4/PI()/$N$5^4*EXP((-1/PI())*(2*PI()/$N$5)^4*A186^-4)) -> 222.71255 | O186: =$B$4*(B186^2)*($D$180^2*(2*PI())^4*A186^-5/4/PI()/$O$5^4*EXP((-1/PI())*(2*PI()/$O$5)^4*A186^-4)) -> 66132.428 | P186: =$B$4*(B186^2)*($D$180^2*(2*PI())^4*A186^-5/4/PI()/$P$5^4*EXP((-1/PI())*(2*PI()/$P$5)^4*A186^-4)) -> 3485173.1 | Q186: =$B$4*(B186^2)*($D$180^2*(2*PI())^4*A186^-5/4/PI()/$Q$5^4*EXP((-1/PI())*(2*PI()/$Q$5)^4*A186^-4)) -> 58016296 | R186: =$B$4*(B186^2)*($D$180^2*(2*PI())^4*A186^-5/4/PI()/$R$5^4*EXP((-1/PI())*(2*PI()/$R$5)^4*A186^-4)) -> 4.3949447e+08 | S186: =$B$4*(B186^2)*($D$180^2*(2*PI())^4*A186^-5/4/PI()/$S$5^4*EXP((-1/PI())*(2*PI()/$S$5)^4*A186^-4)) -> 1.9216824e+09
A187: =A143 -> 0.18390711 | B187: =B143 -> 401196.85 | D187: =$B$4*(B187^2)*($D$180^2*(2*PI())^4*A187^-5/4/PI()/$D$5^4*EXP((-1/PI())*(2*PI()/$D$5)^4*A187^-4)) -> 0 | E187: =$B$4*(B187^2)*($D$180^2*(2*PI())^4*A187^-5/4/PI()/$E$5^4*EXP((-1/PI())*(2*PI()/$E$5)^4*A187^-4)) -> 0 | F187: =$B$4*(B187^2)*($D$180^2*(2*PI())^4*A187^-5/4/PI()/$F$5^4*EXP((-1/PI())*(2*PI()/$F$5)^4*A187^-4)) -> 8.6248268e-193 | G187: =$B$4*(B187^2)*($D$180^2*(2*PI())^4*A187^-5/4/PI()/$G$5^4*EXP((-1/PI())*(2*PI()/$G$5)^4*A187^-4)) -> 9.1754382e-93 | H187: =$B$4*(B187^2)*($D$180^2*(2*PI())^4*A187^-5/4/PI()/$H$5^4*EXP((-1/PI())*(2*PI()/$H$5)^4*A187^-4)) -> 5.0122313e-47 | I187: =$B$4*(B187^2)*($D$180^2*(2*PI())^4*A187^-5/4/PI()/$I$5^4*EXP((-1/PI())*(2*PI()/$I$5)^4*A187^-4)) -> 8.4770421e-24 | J187: =$B$4*(B187^2)*($D$180^2*(2*PI())^4*A187^-5/4/PI()/$J$5^4*EXP((-1/PI())*(2*PI()/$J$5)^4*A187^-4)) -> 4.9244387e-11 | K187: =$B$4*(B187^2)*($D$180^2*(2*PI())^4*A187^-5/4/PI()/$K$5^4*EXP((-1/PI())*(2*PI()/$K$5)^4*A187^-4)) -> 0.0014035555 | L187: =$B$4*(B187^2)*($D$180^2*(2*PI())^4*A187^-5/4/PI()/$L$5^4*EXP((-1/PI())*(2*PI()/$L$5)^4*A187^-4)) -> 51.970978 | M187: =$B$4*(B187^2)*($D$180^2*(2*PI())^4*A187^-5/4/PI()/$M$5^4*EXP((-1/PI())*(2*PI()/$M$5)^4*A187^-4)) -> 42172.339 | N187: =$B$4*(B187^2)*($D$180^2*(2*PI())^4*A187^-5/4/PI()/$N$5^4*EXP((-1/PI())*(2*PI()/$N$5)^4*A187^-4)) -> 3431636.1 | O187: =$B$4*(B187^2)*($D$180^2*(2*PI())^4*A187^-5/4/PI()/$O$5^4*EXP((-1/PI())*(2*PI()/$O$5)^4*A187^-4)) -> 66243199 | P187: =$B$4*(B187^2)*($D$180^2*(2*PI())^4*A187^-5/4/PI()/$P$5^4*EXP((-1/PI())*(2*PI()/$P$5)^4*A187^-4)) -> 5.0458446e+08 | Q187: =$B$4*(B187^2)*($D$180^2*(2*PI())^4*A187^-5/4/PI()/$Q$5^4*EXP((-1/PI())*(2*PI()/$Q$5)^4*A187^-4)) -> 2.0717214e+09 | R187: =$B$4*(B187^2)*($D$180^2*(2*PI())^4*A187^-5/4/PI()/$R$5^4*EXP((-1/PI())*(2*PI()/$R$5)^4*A187^-4)) -> 5.5850266e+09 | S187: =$B$4*(B187^2)*($D$180^2*(2*PI())^4*A187^-5/4/PI()/$S$5^4*EXP((-1/PI())*(2*PI()/$S$5)^4*A187^-4)) -> 1.1239377e+10
A188: =A144 -> 0.20951927 | B188: =B144 -> 115250.03 | D188: =$B$4*(B188^2)*($D$180^2*(2*PI())^4*A188^-5/4/PI()/$D$5^4*EXP((-1/PI())*(2*PI()/$D$5)^4*A188^-4)) -> 0 | E188: =$B$4*(B188^2)*($D$180^2*(2*PI())^4*A188^-5/4/PI()/$E$5^4*EXP((-1/PI())*(2*PI()/$E$5)^4*A188^-4)) -> 1.248589e-260 | F188: =$B$4*(B188^2)*($D$180^2*(2*PI())^4*A188^-5/4/PI()/$F$5^4*EXP((-1/PI())*(2*PI()/$F$5)^4*A188^-4)) -> 1.6495233e-110 | G188: =$B$4*(B188^2)*($D$180^2*(2*PI())^4*A188^-5/4/PI()/$G$5^4*EXP((-1/PI())*(2*PI()/$G$5)^4*A188^-4)) -> 2.9920367e-51 | H188: =$B$4*(B188^2)*($D$180^2*(2*PI())^4*A188^-5/4/PI()/$H$5^4*EXP((-1/PI())*(2*PI()/$H$5)^4*A188^-4)) -> 3.3491476e-24 | I188: =$B$4*(B188^2)*($D$180^2*(2*PI())^4*A188^-5/4/PI()/$I$5^4*EXP((-1/PI())*(2*PI()/$I$5)^4*A188^-4)) -> 1.6787129e-10 | J188: =$B$4*(B188^2)*($D$180^2*(2*PI())^4*A188^-5/4/PI()/$J$5^4*EXP((-1/PI())*(2*PI()/$J$5)^4*A188^-4)) -> 0.0052881779 | K188: =$B$4*(B188^2)*($D$180^2*(2*PI())^4*A188^-5/4/PI()/$K$5^4*EXP((-1/PI())*(2*PI()/$K$5)^4*A188^-4)) -> 119.64811 | L188: =$B$4*(B188^2)*($D$180^2*(2*PI())^4*A188^-5/4/PI()/$L$5^4*EXP((-1/PI())*(2*PI()/$L$5)^4*A188^-4)) -> 53160.478 | M188: =$B$4*(B188^2)*($D$180^2*(2*PI())^4*A188^-5/4/PI()/$M$5^4*EXP((-1/PI())*(2*PI()/$M$5)^4*A188^-4)) -> 2475604.1 | N188: =$B$4*(B188^2)*($D$180^2*(2*PI())^4*A188^-5/4/PI()/$N$5^4*EXP((-1/PI())*(2*PI()/$N$5)^4*A188^-4)) -> 29745188 | O188: =$B$4*(B188^2)*($D$180^2*(2*PI())^4*A188^-5/4/PI()/$O$5^4*EXP((-1/PI())*(2*PI()/$O$5)^4*A188^-4)) -> 1.5350826e+08 | P188: =$B$4*(B188^2)*($D$180^2*(2*PI())^4*A188^-5/4/PI()/$P$5^4*EXP((-1/PI())*(2*PI()/$P$5)^4*A188^-4)) -> 4.5971252e+08 | Q188: =$B$4*(B188^2)*($D$180^2*(2*PI())^4*A188^-5/4/PI()/$Q$5^4*EXP((-1/PI())*(2*PI()/$Q$5)^4*A188^-4)) -> 9.6042765e+08 | R188: =$B$4*(B188^2)*($D$180^2*(2*PI())^4*A188^-5/4/PI()/$R$5^4*EXP((-1/PI())*(2*PI()/$R$5)^4*A188^-4)) -> 1.5724866e+09 | S188: =$B$4*(B188^2)*($D$180^2*(2*PI())^4*A188^-5/4/PI()/$S$5^4*EXP((-1/PI())*(2*PI()/$S$5)^4*A188^-4)) -> 2.1759254e+09
A189: =A145 -> 0.23469797 | B189: =B145 -> 156835.1 | D189: =$B$4*(B189^2)*($D$180^2*(2*PI())^4*A189^-5/4/PI()/$D$5^4*EXP((-1/PI())*(2*PI()/$D$5)^4*A189^-4)) -> 0 | E189: =$B$4*(B189^2)*($D$180^2*(2*PI())^4*A189^-5/4/PI()/$E$5^4*EXP((-1/PI())*(2*PI()/$E$5)^4*A189^-4)) -> 3.9957248e-161 | F189: =$B$4*(B189^2)*($D$180^2*(2*PI())^4*A189^-5/4/PI()/$F$5^4*EXP((-1/PI())*(2*PI()/$F$5)^4*A189^-4)) -> 6.6041298e-66 | G189: =$B$4*(B189^2)*($D$180^2*(2*PI())^4*A189^-5/4/PI()/$G$5^4*EXP((-1/PI())*(2*PI()/$G$5)^4*A189^-4)) -> 2.2412689e-28 | H189: =$B$4*(B189^2)*($D$180^2*(2*PI())^4*A189^-5/4/PI()/$H$5^4*EXP((-1/PI())*(2*PI()/$H$5)^4*A189^-4)) -> 2.7494009e-11 | I189: =$B$4*(B189^2)*($D$180^2*(2*PI())^4*A189^-5/4/PI()/$I$5^4*EXP((-1/PI())*(2*PI()/$I$5)^4*A189^-4)) -> 0.011511419 | J189: =$B$4*(B189^2)*($D$180^2*(2*PI())^4*A189^-5/4/PI()/$J$5^4*EXP((-1/PI())*(2*PI()/$J$5)^4*A189^-4)) -> 566.23581 | K189: =$B$4*(B189^2)*($D$180^2*(2*PI())^4*A189^-5/4/PI()/$K$5^4*EXP((-1/PI())*(2*PI()/$K$5)^4*A189^-4)) -> 285279.11 | L189: =$B$4*(B189^2)*($D$180^2*(2*PI())^4*A189^-5/4/PI()/$L$5^4*EXP((-1/PI())*(2*PI()/$L$5)^4*A189^-4)) -> 12000911 | M189: =$B$4*(B189^2)*($D$180^2*(2*PI())^4*A189^-5/4/PI()/$M$5^4*EXP((-1/PI())*(2*PI()/$M$5)^4*A189^-4)) -> 1.2184506e+08 | N189: =$B$4*(B189^2)*($D$180^2*(2*PI())^4*A189^-5/4/PI()/$N$5^4*EXP((-1/PI())*(2*PI()/$N$5)^4*A189^-4)) -> 5.2819198e+08 | O189: =$B$4*(B189^2)*($D$180^2*(2*PI())^4*A189^-5/4/PI()/$O$5^4*EXP((-1/PI())*(2*PI()/$O$5)^4*A189^-4)) -> 1.3494589e+09 | P189: =$B$4*(B189^2)*($D$180^2*(2*PI())^4*A189^-5/4/PI()/$P$5^4*EXP((-1/PI())*(2*PI()/$P$5)^4*A189^-4)) -> 2.4571478e+09 | Q189: =$B$4*(B189^2)*($D$180^2*(2*PI())^4*A189^-5/4/PI()/$Q$5^4*EXP((-1/PI())*(2*PI()/$Q$5)^4*A189^-4)) -> 3.5811985e+09 | R189: =$B$4*(B189^2)*($D$180^2*(2*PI())^4*A189^-5/4/PI()/$R$5^4*EXP((-1/PI())*(2*PI()/$R$5)^4*A189^-4)) -> 4.4949648e+09 | S189: =$B$4*(B189^2)*($D$180^2*(2*PI())^4*A189^-5/4/PI()/$S$5^4*EXP((-1/PI())*(2*PI()/$S$5)^4*A189^-4)) -> 5.0943857e+09
A190: =A146 -> 0.25944322 | B190: =B146 -> 184162.42 | D190: =$B$4*(B190^2)*($D$180^2*(2*PI())^4*A190^-5/4/PI()/$D$5^4*EXP((-1/PI())*(2*PI()/$D$5)^4*A190^-4)) -> 0 | E190: =$B$4*(B190^2)*($D$180^2*(2*PI())^4*A190^-5/4/PI()/$E$5^4*EXP((-1/PI())*(2*PI()/$E$5)^4*A190^-4)) -> 5.2961074e-104 | F190: =$B$4*(B190^2)*($D$180^2*(2*PI())^4*A190^-5/4/PI()/$F$5^4*EXP((-1/PI())*(2*PI()/$F$5)^4*A190^-4)) -> 2.3694762e-40 | G190: =$B$4*(B190^2)*($D$180^2*(2*PI())^4*A190^-5/4/PI()/$G$5^4*EXP((-1/PI())*(2*PI()/$G$5)^4*A190^-4)) -> 2.5845202e-15 | H190: =$B$4*(B190^2)*($D$180^2*(2*PI())^4*A190^-5/4/PI()/$H$5^4*EXP((-1/PI())*(2*PI()/$H$5)^4*A190^-4)) -> 0.00059466839 | I190: =$B$4*(B190^2)*($D$180^2*(2*PI())^4*A190^-5/4/PI()/$I$5^4*EXP((-1/PI())*(2*PI()/$I$5)^4*A190^-4)) -> 299.48216 | J190: =$B$4*(B190^2)*($D$180^2*(2*PI())^4*A190^-5/4/PI()/$J$5^4*EXP((-1/PI())*(2*PI()/$J$5)^4*A190^-4)) -> 358593.93 | K190: =$B$4*(B190^2)*($D$180^2*(2*PI())^4*A190^-5/4/PI()/$K$5^4*EXP((-1/PI())*(2*PI()/$K$5)^4*A190^-4)) -> 20269067 | L190: =$B$4*(B190^2)*($D$180^2*(2*PI())^4*A190^-5/4/PI()/$L$5^4*EXP((-1/PI())*(2*PI()/$L$5)^4*A190^-4)) -> 2.1986541e+08 | M190: =$B$4*(B190^2)*($D$180^2*(2*PI())^4*A190^-5/4/PI()/$M$5^4*EXP((-1/PI())*(2*PI()/$M$5)^4*A190^-4)) -> 9.2983838e+08 | N190: =$B$4*(B190^2)*($D$180^2*(2*PI())^4*A190^-5/4/PI()/$N$5^4*EXP((-1/PI())*(2*PI()/$N$5)^4*A190^-4)) -> 2.2429602e+09 | O190: =$B$4*(B190^2)*($D$180^2*(2*PI())^4*A190^-5/4/PI()/$O$5^4*EXP((-1/PI())*(2*PI()/$O$5)^4*A190^-4)) -> 3.8249288e+09 | P190: =$B$4*(B190^2)*($D$180^2*(2*PI())^4*A190^-5/4/PI()/$P$5^4*EXP((-1/PI())*(2*PI()/$P$5)^4*A190^-4)) -> 5.2318264e+09 | Q190: =$B$4*(B190^2)*($D$180^2*(2*PI())^4*A190^-5/4/PI()/$Q$5^4*EXP((-1/PI())*(2*PI()/$Q$5)^4*A190^-4)) -> 6.1991997e+09 | R190: =$B$4*(B190^2)*($D$180^2*(2*PI())^4*A190^-5/4/PI()/$R$5^4*EXP((-1/PI())*(2*PI()/$R$5)^4*A190^-4)) -> 6.6783278e+09 | S190: =$B$4*(B190^2)*($D$180^2*(2*PI())^4*A190^-5/4/PI()/$S$5^4*EXP((-1/PI())*(2*PI()/$S$5)^4*A190^-4)) -> 6.7482018e+09
A191: =A147 -> 0.28375501 | B191: =B147 -> 100992.3 | D191: =$B$4*(B191^2)*($D$180^2*(2*PI())^4*A191^-5/4/PI()/$D$5^4*EXP((-1/PI())*(2*PI()/$D$5)^4*A191^-4)) -> 8.8098232e-210 | E191: =$B$4*(B191^2)*($D$180^2*(2*PI())^4*A191^-5/4/PI()/$E$5^4*EXP((-1/PI())*(2*PI()/$E$5)^4*A191^-4)) -> 8.4920664e-70 | F191: =$B$4*(B191^2)*($D$180^2*(2*PI())^4*A191^-5/4/PI()/$F$5^4*EXP((-1/PI())*(2*PI()/$F$5)^4*A191^-4)) -> 2.0298891e-25 | G191: =$B$4*(B191^2)*($D$180^2*(2*PI())^4*A191^-5/4/PI()/$G$5^4*EXP((-1/PI())*(2*PI()/$G$5)^4*A191^-4)) -> 5.225759e-08 | H191: =$B$4*(B191^2)*($D$180^2*(2*PI())^4*A191^-5/4/PI()/$H$5^4*EXP((-1/PI())*(2*PI()/$H$5)^4*A191^-4)) -> 3.8349098 | I191: =$B$4*(B191^2)*($D$180^2*(2*PI())^4*A191^-5/4/PI()/$I$5^4*EXP((-1/PI())*(2*PI()/$I$5)^4*A191^-4)) -> 31863.412 | J191: =$B$4*(B191^2)*($D$180^2*(2*PI())^4*A191^-5/4/PI()/$J$5^4*EXP((-1/PI())*(2*PI()/$J$5)^4*A191^-4)) -> 3948078.1 | K191: =$B$4*(B191^2)*($D$180^2*(2*PI())^4*A191^-5/4/PI()/$K$5^4*EXP((-1/PI())*(2*PI()/$K$5)^4*A191^-4)) -> 58695949 | L191: =$B$4*(B191^2)*($D$180^2*(2*PI())^4*A191^-5/4/PI()/$L$5^4*EXP((-1/PI())*(2*PI()/$L$5)^4*A191^-4)) -> 2.7833844e+08 | M191: =$B$4*(B191^2)*($D$180^2*(2*PI())^4*A191^-5/4/PI()/$M$5^4*EXP((-1/PI())*(2*PI()/$M$5)^4*A191^-4)) -> 6.8963784e+08 | N191: =$B$4*(B191^2)*($D$180^2*(2*PI())^4*A191^-5/4/PI()/$N$5^4*EXP((-1/PI())*(2*PI()/$N$5)^4*A191^-4)) -> 1.1631031e+09 | O191: =$B$4*(B191^2)*($D$180^2*(2*PI())^4*A191^-5/4/PI()/$O$5^4*EXP((-1/PI())*(2*PI()/$O$5)^4*A191^-4)) -> 1.5496565e+09 | P191: =$B$4*(B191^2)*($D$180^2*(2*PI())^4*A191^-5/4/PI()/$P$5^4*EXP((-1/PI())*(2*PI()/$P$5)^4*A191^-4)) -> 1.7799789e+09 | Q191: =$B$4*(B191^2)*($D$180^2*(2*PI())^4*A191^-5/4/PI()/$Q$5^4*EXP((-1/PI())*(2*PI()/$Q$5)^4*A191^-4)) -> 1.8586748e+09 | R191: =$B$4*(B191^2)*($D$180^2*(2*PI())^4*A191^-5/4/PI()/$R$5^4*EXP((-1/PI())*(2*PI()/$R$5)^4*A191^-4)) -> 1.8239741e+09 | S191: =$B$4*(B191^2)*($D$180^2*(2*PI())^4*A191^-5/4/PI()/$S$5^4*EXP((-1/PI())*(2*PI()/$S$5)^4*A191^-4)) -> 1.718336e+09
A192: =A148 -> 0.30763334 | B192: =B148 -> 127131.48 | D192: =$B$4*(B192^2)*($D$180^2*(2*PI())^4*A192^-5/4/PI()/$D$5^4*EXP((-1/PI())*(2*PI()/$D$5)^4*A192^-4)) -> 1.3499963e-148 | E192: =$B$4*(B192^2)*($D$180^2*(2*PI())^4*A192^-5/4/PI()/$E$5^4*EXP((-1/PI())*(2*PI()/$E$5)^4*A192^-4)) -> 2.164406e-47 | F192: =$B$4*(B192^2)*($D$180^2*(2*PI())^4*A192^-5/4/PI()/$F$5^4*EXP((-1/PI())*(2*PI()/$F$5)^4*A192^-4)) -> 2.3004872e-15 | G192: =$B$4*(B192^2)*($D$180^2*(2*PI())^4*A192^-5/4/PI()/$G$5^4*EXP((-1/PI())*(2*PI()/$G$5)^4*A192^-4)) -> 0.0076588113 | H192: =$B$4*(B192^2)*($D$180^2*(2*PI())^4*A192^-5/4/PI()/$H$5^4*EXP((-1/PI())*(2*PI()/$H$5)^4*A192^-4)) -> 3227.919 | I192: =$B$4*(B192^2)*($D$180^2*(2*PI())^4*A192^-5/4/PI()/$I$5^4*EXP((-1/PI())*(2*PI()/$I$5)^4*A192^-4)) -> 1931881.9 | J192: =$B$4*(B192^2)*($D$180^2*(2*PI())^4*A192^-5/4/PI()/$J$5^4*EXP((-1/PI())*(2*PI()/$J$5)^4*A192^-4)) -> 55934304 | K192: =$B$4*(B192^2)*($D$180^2*(2*PI())^4*A192^-5/4/PI()/$K$5^4*EXP((-1/PI())*(2*PI()/$K$5)^4*A192^-4)) -> 3.5331424e+08 | L192: =$B$4*(B192^2)*($D$180^2*(2*PI())^4*A192^-5/4/PI()/$L$5^4*EXP((-1/PI())*(2*PI()/$L$5)^4*A192^-4)) -> 9.858393e+08 | M192: =$B$4*(B192^2)*($D$180^2*(2*PI())^4*A192^-5/4/PI()/$M$5^4*EXP((-1/PI())*(2*PI()/$M$5)^4*A192^-4)) -> 1.7339257e+09 | N192: =$B$4*(B192^2)*($D$180^2*(2*PI())^4*A192^-5/4/PI()/$N$5^4*EXP((-1/PI())*(2*PI()/$N$5)^4*A192^-4)) -> 2.3249715e+09 | O192: =$B$4*(B192^2)*($D$180^2*(2*PI())^4*A192^-5/4/PI()/$O$5^4*EXP((-1/PI())*(2*PI()/$O$5)^4*A192^-4)) -> 2.6444665e+09 | P192: =$B$4*(B192^2)*($D$180^2*(2*PI())^4*A192^-5/4/PI()/$P$5^4*EXP((-1/PI())*(2*PI()/$P$5)^4*A192^-4)) -> 2.7158344e+09 | Q192: =$B$4*(B192^2)*($D$180^2*(2*PI())^4*A192^-5/4/PI()/$Q$5^4*EXP((-1/PI())*(2*PI()/$Q$5)^4*A192^-4)) -> 2.6152265e+09 | R192: =$B$4*(B192^2)*($D$180^2*(2*PI())^4*A192^-5/4/PI()/$R$5^4*EXP((-1/PI())*(2*PI()/$R$5)^4*A192^-4)) -> 2.4174441e+09 | S192: =$B$4*(B192^2)*($D$180^2*(2*PI())^4*A192^-5/4/PI()/$S$5^4*EXP((-1/PI())*(2*PI()/$S$5)^4*A192^-4)) -> 2.1774192e+09
A193: =A149 -> 0.33107822 | B193: =B149 -> 90298.995 | D193: =$B$4*(B193^2)*($D$180^2*(2*PI())^4*A193^-5/4/PI()/$D$5^4*EXP((-1/PI())*(2*PI()/$D$5)^4*A193^-4)) -> 3.0301709e-108 | E193: =$B$4*(B193^2)*($D$180^2*(2*PI())^4*A193^-5/4/PI()/$E$5^4*EXP((-1/PI())*(2*PI()/$E$5)^4*A193^-4)) -> 6.491203e-33 | F193: =$B$4*(B193^2)*($D$180^2*(2*PI())^4*A193^-5/4/PI()/$F$5^4*EXP((-1/PI())*(2*PI()/$F$5)^4*A193^-4)) -> 3.9565858e-09 | G193: =$B$4*(B193^2)*($D$180^2*(2*PI())^4*A193^-5/4/PI()/$G$5^4*EXP((-1/PI())*(2*PI()/$G$5)^4*A193^-4)) -> 7.2121922 | H193: =$B$4*(B193^2)*($D$180^2*(2*PI())^4*A193^-5/4/PI()/$H$5^4*EXP((-1/PI())*(2*PI()/$H$5)^4*A193^-4)) -> 97205.859 | I193: =$B$4*(B193^2)*($D$180^2*(2*PI())^4*A193^-5/4/PI()/$I$5^4*EXP((-1/PI())*(2*PI()/$I$5)^4*A193^-4)) -> 10056932 | J193: =$B$4*(B193^2)*($D$180^2*(2*PI())^4*A193^-5/4/PI()/$J$5^4*EXP((-1/PI())*(2*PI()/$J$5)^4*A193^-4)) -> 1.1037821e+08 | K193: =$B$4*(B193^2)*($D$180^2*(2*PI())^4*A193^-5/4/PI()/$K$5^4*EXP((-1/PI())*(2*PI()/$K$5)^4*A193^-4)) -> 3.9385308e+08 | L193: =$B$4*(B193^2)*($D$180^2*(2*PI())^4*A193^-5/4/PI()/$L$5^4*EXP((-1/PI())*(2*PI()/$L$5)^4*A193^-4)) -> 7.7144521e+08 | M193: =$B$4*(B193^2)*($D$180^2*(2*PI())^4*A193^-5/4/PI()/$M$5^4*EXP((-1/PI())*(2*PI()/$M$5)^4*A193^-4)) -> 1.0795218e+09 | N193: =$B$4*(B193^2)*($D$180^2*(2*PI())^4*A193^-5/4/PI()/$N$5^4*EXP((-1/PI())*(2*PI()/$N$5)^4*A193^-4)) -> 1.2421007e+09 | O193: =$B$4*(B193^2)*($D$180^2*(2*PI())^4*A193^-5/4/PI()/$O$5^4*EXP((-1/PI())*(2*PI()/$O$5)^4*A193^-4)) -> 1.2712805e+09 | P193: =$B$4*(B193^2)*($D$180^2*(2*PI())^4*A193^-5/4/PI()/$P$5^4*EXP((-1/PI())*(2*PI()/$P$5)^4*A193^-4)) -> 1.2116305e+09 | Q193: =$B$4*(B193^2)*($D$180^2*(2*PI())^4*A193^-5/4/PI()/$Q$5^4*EXP((-1/PI())*(2*PI()/$Q$5)^4*A193^-4)) -> 1.1053549e+09 | R193: =$B$4*(B193^2)*($D$180^2*(2*PI())^4*A193^-5/4/PI()/$R$5^4*EXP((-1/PI())*(2*PI()/$R$5)^4*A193^-4)) -> 9.8179867e+08 | S193: =$B$4*(B193^2)*($D$180^2*(2*PI())^4*A193^-5/4/PI()/$S$5^4*EXP((-1/PI())*(2*PI()/$S$5)^4*A193^-4)) -> 8.5821229e+08
... A222: =A178 -> 0.82242642 | B222: =B178 -> 16237.977 | D222: =$B$4*(B222^2)*($D$180^2*(2*PI())^4*A222^-5/4/PI()/$D$5^4*EXP((-1/PI())*(2*PI()/$D$5)^4*A222^-4)) -> 236957.93 | E222: =$B$4*(B222^2)*($D$180^2*(2*PI())^4*A222^-5/4/PI()/$E$5^4*EXP((-1/PI())*(2*PI()/$E$5)^4*A222^-4)) -> 8470854.1 | F222: =$B$4*(B222^2)*($D$180^2*(2*PI())^4*A222^-5/4/PI()/$F$5^4*EXP((-1/PI())*(2*PI()/$F$5)^4*A222^-4)) -> 16335498 | G222: =$B$4*(B222^2)*($D$180^2*(2*PI())^4*A222^-5/4/PI()/$G$5^4*EXP((-1/PI())*(2*PI()/$G$5)^4*A222^-4)) -> 14919712 | H222: =$B$4*(B222^2)*($D$180^2*(2*PI())^4*A222^-5/4/PI()/$H$5^4*EXP((-1/PI())*(2*PI()/$H$5)^4*A222^-4)) -> 10968601 | I222: =$B$4*(B222^2)*($D$180^2*(2*PI())^4*A222^-5/4/PI()/$I$5^4*EXP((-1/PI())*(2*PI()/$I$5)^4*A222^-4)) -> 7609280.6 | J222: =$B$4*(B222^2)*($D$180^2*(2*PI())^4*A222^-5/4/PI()/$J$5^4*EXP((-1/PI())*(2*PI()/$J$5)^4*A222^-4)) -> 5254399.9 | K222: =$B$4*(B222^2)*($D$180^2*(2*PI())^4*A222^-5/4/PI()/$K$5^4*EXP((-1/PI())*(2*PI()/$K$5)^4*A222^-4)) -> 3679044.8 | L222: =$B$4*(B222^2)*($D$180^2*(2*PI())^4*A222^-5/4/PI()/$L$5^4*EXP((-1/PI())*(2*PI()/$L$5)^4*A222^-4)) -> 2627357.2 | M222: =$B$4*(B222^2)*($D$180^2*(2*PI())^4*A222^-5/4/PI()/$M$5^4*EXP((-1/PI())*(2*PI()/$M$5)^4*A222^-4)) -> 1915609 | N222: =$B$4*(B222^2)*($D$180^2*(2*PI())^4*A222^-5/4/PI()/$N$5^4*EXP((-1/PI())*(2*PI()/$N$5)^4*A222^-4)) -> 1424698.8 | O222: =$B$4*(B222^2)*($D$180^2*(2*PI())^4*A222^-5/4/PI()/$O$5^4*EXP((-1/PI())*(2*PI()/$O$5)^4*A222^-4)) -> 1079222.8 | P222: =$B$4*(B222^2)*($D$180^2*(2*PI())^4*A222^-5/4/PI()/$P$5^4*EXP((-1/PI())*(2*PI()/$P$5)^4*A222^-4)) -> 831286.66 | Q222: =$B$4*(B222^2)*($D$180^2*(2*PI())^4*A222^-5/4/PI()/$Q$5^4*EXP((-1/PI())*(2*PI()/$Q$5)^4*A222^-4)) -> 650050.53 | R222: =$B$4*(B222^2)*($D$180^2*(2*PI())^4*A222^-5/4/PI()/$R$5^4*EXP((-1/PI())*(2*PI()/$R$5)^4*A222^-4)) -> 515303.6 | S222: =$B$4*(B222^2)*($D$180^2*(2*PI())^4*A222^-5/4/PI()/$S$5^4*EXP((-1/PI())*(2*PI()/$S$5)^4*A222^-4)) -> 413551.15
C223: sum | D223: =SUM(D182:D222) -> 1223352.1 | E223: =SUM(E182:E222) -> 1.3322622e+08 | F223: =SUM(F182:F222) -> 4.3931391e+08 | G223: =SUM(G182:G222) -> 5.4488597e+08 | H223: =SUM(H182:H222) -> 6.7410099e+08 | I223: =SUM(I182:I222) -> 1.2182713e+09 | J223: =SUM(J182:J222) -> 2.3615372e+09 | K223: =SUM(K182:K222) -> 4.0450901e+09 | ... R223: =SUM(R182:R222) -> 2.6202823e+10 | S223: =SUM(D223:R223) -> 1.1450345e+11 | T223: =SUM(D223:S223) -> 2.290069e+11
A224: w0 | B224: =A227-A226 -> 0.027779436 | C224: Hs | D224: 5.5
A225: w | B225: RAO(0) | C225: Tz | D225: 3.5 | E225: 4.5 | F225: 5.5 | G225: 6.5 | H225: 7.5 | I225: 8.5 | J225: 9.5 | K225: 10.5 | L225: 11.5 | M225: 12.5 | N225: 13.5 | O225: 14.5 | P225: 15.5 | Q225: 16.5 | R225: 17.5 | S225: 18.5
A226: =A182 -> 0.04934449 | B226: =B182 -> 66932.15 | D226: =$B$4*(B226^2)*($D$224^2*(2*PI())^4*A226^-5/4/PI()/$D$5^4*EXP((-1/PI())*(2*PI()/$D$5)^4*A226^-4)) -> 0 | E226: =$B$4*(B226^2)*($D$224^2*(2*PI())^4*A226^-5/4/PI()/$E$5^4*EXP((-1/PI())*(2*PI()/$E$5)^4*A226^-4)) -> 0 | F226: =$B$4*(B226^2)*($D$224^2*(2*PI())^4*A226^-5/4/PI()/$F$5^4*EXP((-1/PI())*(2*PI()/$F$5)^4*A226^-4)) -> 0 | G226: =$B$4*(B226^2)*($D$224^2*(2*PI())^4*A226^-5/4/PI()/$G$5^4*EXP((-1/PI())*(2*PI()/$G$5)^4*A226^-4)) -> 0 | H226: =$B$4*(B226^2)*($D$224^2*(2*PI())^4*A226^-5/4/PI()/$H$5^4*EXP((-1/PI())*(2*PI()/$H$5)^4*A226^-4)) -> 0 | I226: =$B$4*(B226^2)*($D$224^2*(2*PI())^4*A226^-5/4/PI()/$I$5^4*EXP((-1/PI())*(2*PI()/$I$5)^4*A226^-4)) -> 0 | J226: =$B$4*(B226^2)*($D$224^2*(2*PI())^4*A226^-5/4/PI()/$J$5^4*EXP((-1/PI())*(2*PI()/$J$5)^4*A226^-4)) -> 0 | K226: =$B$4*(B226^2)*($D$224^2*(2*PI())^4*A226^-5/4/PI()/$K$5^4*EXP((-1/PI())*(2*PI()/$K$5)^4*A226^-4)) -> 0 | L226: =$B$4*(B226^2)*($D$224^2*(2*PI())^4*A226^-5/4/PI()/$L$5^4*EXP((-1/PI())*(2*PI()/$L$5)^4*A226^-4)) -> 0 | M226: =$B$4*(B226^2)*($D$224^2*(2*PI())^4*A226^-5/4/PI()/$M$5^4*EXP((-1/PI())*(2*PI()/$M$5)^4*A226^-4)) -> 0 | N226: =$B$4*(B226^2)*($D$224^2*(2*PI())^4*A226^-5/4/PI()/$N$5^4*EXP((-1/PI())*(2*PI()/$N$5)^4*A226^-4)) -> 0 | O226: =$B$4*(B226^2)*($D$224^2*(2*PI())^4*A226^-5/4/PI()/$O$5^4*EXP((-1/PI())*(2*PI()/$O$5)^4*A226^-4)) -> 0 | P226: =$B$4*(B226^2)*($D$224^2*(2*PI())^4*A226^-5/4/PI()/$P$5^4*EXP((-1/PI())*(2*PI()/$P$5)^4*A226^-4)) -> 0 | Q226: =$B$4*(B226^2)*($D$224^2*(2*PI())^4*A226^-5/4/PI()/$Q$5^4*EXP((-1/PI())*(2*PI()/$Q$5)^4*A226^-4)) -> 0 | R226: =$B$4*(B226^2)*($D$224^2*(2*PI())^4*A226^-5/4/PI()/$R$5^4*EXP((-1/PI())*(2*PI()/$R$5)^4*A226^-4)) -> 0 | S226: =$B$4*(B226^2)*($D$224^2*(2*PI())^4*A226^-5/4/PI()/$S$5^4*EXP((-1/PI())*(2*PI()/$S$5)^4*A226^-4)) -> 7.6553153e-298
A227: =A183 -> 0.077123926 | B227: =B183 -> 165548.16 | D227: =$B$4*(B227^2)*($D$224^2*(2*PI())^4*A227^-5/4/PI()/$D$5^4*EXP((-1/PI())*(2*PI()/$D$5)^4*A227^-4)) -> 0 | E227: =$B$4*(B227^2)*($D$224^2*(2*PI())^4*A227^-5/4/PI()/$E$5^4*EXP((-1/PI())*(2*PI()/$E$5)^4*A227^-4)) -> 0 | F227: =$B$4*(B227^2)*($D$224^2*(2*PI())^4*A227^-5/4/PI()/$F$5^4*EXP((-1/PI())*(2*PI()/$F$5)^4*A227^-4)) -> 0 | G227: =$B$4*(B227^2)*($D$224^2*(2*PI())^4*A227^-5/4/PI()/$G$5^4*EXP((-1/PI())*(2*PI()/$G$5)^4*A227^-4)) -> 0 | H227: =$B$4*(B227^2)*($D$224^2*(2*PI())^4*A227^-5/4/PI()/$H$5^4*EXP((-1/PI())*(2*PI()/$H$5)^4*A227^-4)) -> 0 | I227: =$B$4*(B227^2)*($D$224^2*(2*PI())^4*A227^-5/4/PI()/$I$5^4*EXP((-1/PI())*(2*PI()/$I$5)^4*A227^-4)) -> 0 | J227: =$B$4*(B227^2)*($D$224^2*(2*PI())^4*A227^-5/4/PI()/$J$5^4*EXP((-1/PI())*(2*PI()/$J$5)^4*A227^-4)) -> 0 | K227: =$B$4*(B227^2)*($D$224^2*(2*PI())^4*A227^-5/4/PI()/$K$5^4*EXP((-1/PI())*(2*PI()/$K$5)^4*A227^-4)) -> 0 | L227: =$B$4*(B227^2)*($D$224^2*(2*PI())^4*A227^-5/4/PI()/$L$5^4*EXP((-1/PI())*(2*PI()/$L$5)^4*A227^-4)) -> 0 | M227: =$B$4*(B227^2)*($D$224^2*(2*PI())^4*A227^-5/4/PI()/$M$5^4*EXP((-1/PI())*(2*PI()/$M$5)^4*A227^-4)) -> 1.574902e-236 | N227: =$B$4*(B227^2)*($D$224^2*(2*PI())^4*A227^-5/4/PI()/$N$5^4*EXP((-1/PI())*(2*PI()/$N$5)^4*A227^-4)) -> 1.4334372e-170 | O227: =$B$4*(B227^2)*($D$224^2*(2*PI())^4*A227^-5/4/PI()/$O$5^4*EXP((-1/PI())*(2*PI()/$O$5)^4*A227^-4)) -> 4.1084422e-125 | P227: =$B$4*(B227^2)*($D$224^2*(2*PI())^4*A227^-5/4/PI()/$P$5^4*EXP((-1/PI())*(2*PI()/$P$5)^4*A227^-4)) -> 5.6771306e-93 | Q227: =$B$4*(B227^2)*($D$224^2*(2*PI())^4*A227^-5/4/PI()/$Q$5^4*EXP((-1/PI())*(2*PI()/$Q$5)^4*A227^-4)) -> 9.7656747e-70 | R227: =$B$4*(B227^2)*($D$224^2*(2*PI())^4*A227^-5/4/PI()/$R$5^4*EXP((-1/PI())*(2*PI()/$R$5)^4*A227^-4)) -> 1.3114162e-52 | S227: =$B$4*(B227^2)*($D$224^2*(2*PI())^4*A227^-5/4/PI()/$S$5^4*EXP((-1/PI())*(2*PI()/$S$5)^4*A227^-4)) -> 9.1683871e-40
A228: =A184 -> 0.10446991 | B228: =B184 -> 321987.2 | D228: =$B$4*(B228^2)*($D$224^2*(2*PI())^4*A228^-5/4/PI()/$D$5^4*EXP((-1/PI())*(2*PI()/$D$5)^4*A228^-4)) -> 0 | E228: =$B$4*(B228^2)*($D$224^2*(2*PI())^4*A228^-5/4/PI()/$E$5^4*EXP((-1/PI())*(2*PI()/$E$5)^4*A228^-4)) -> 0 | F228: =$B$4*(B228^2)*($D$224^2*(2*PI())^4*A228^-5/4/PI()/$F$5^4*EXP((-1/PI())*(2*PI()/$F$5)^4*A228^-4)) -> 0 | G228: =$B$4*(B228^2)*($D$224^2*(2*PI())^4*A228^-5/4/PI()/$G$5^4*EXP((-1/PI())*(2*PI()/$G$5)^4*A228^-4)) -> 0 | H228: =$B$4*(B228^2)*($D$224^2*(2*PI())^4*A228^-5/4/PI()/$H$5^4*EXP((-1/PI())*(2*PI()/$H$5)^4*A228^-4)) -> 0 | I228: =$B$4*(B228^2)*($D$224^2*(2*PI())^4*A228^-5/4/PI()/$I$5^4*EXP((-1/PI())*(2*PI()/$I$5)^4*A228^-4)) -> 0 | J228: =$B$4*(B228^2)*($D$224^2*(2*PI())^4*A228^-5/4/PI()/$J$5^4*EXP((-1/PI())*(2*PI()/$J$5)^4*A228^-4)) -> 9.0228515e-209 | K228: =$B$4*(B228^2)*($D$224^2*(2*PI())^4*A228^-5/4/PI()/$K$5^4*EXP((-1/PI())*(2*PI()/$K$5)^4*A228^-4)) -> 1.1066223e-135 | L228: =$B$4*(B228^2)*($D$224^2*(2*PI())^4*A228^-5/4/PI()/$L$5^4*EXP((-1/PI())*(2*PI()/$L$5)^4*A228^-4)) -> 1.8945633e-90 | M228: =$B$4*(B228^2)*($D$224^2*(2*PI())^4*A228^-5/4/PI()/$M$5^4*EXP((-1/PI())*(2*PI()/$M$5)^4*A228^-4)) -> 2.9029584e-61 | N228: =$B$4*(B228^2)*($D$224^2*(2*PI())^4*A228^-5/4/PI()/$N$5^4*EXP((-1/PI())*(2*PI()/$N$5)^4*A228^-4)) -> 9.1265518e-42 | O228: =$B$4*(B228^2)*($D$224^2*(2*PI())^4*A228^-5/4/PI()/$O$5^4*EXP((-1/PI())*(2*PI()/$O$5)^4*A228^-4)) -> 2.3711279e-28 | P228: =$B$4*(B228^2)*($D$224^2*(2*PI())^4*A228^-5/4/PI()/$P$5^4*EXP((-1/PI())*(2*PI()/$P$5)^4*A228^-4)) -> 6.9183231e-19 | Q228: =$B$4*(B228^2)*($D$224^2*(2*PI())^4*A228^-5/4/PI()/$Q$5^4*EXP((-1/PI())*(2*PI()/$Q$5)^4*A228^-4)) -> 4.6256928e-12 | R228: =$B$4*(B228^2)*($D$224^2*(2*PI())^4*A228^-5/4/PI()/$R$5^4*EXP((-1/PI())*(2*PI()/$R$5)^4*A228^-4)) -> 4.7946995e-07 | S228: =$B$4*(B228^2)*($D$224^2*(2*PI())^4*A228^-5/4/PI()/$S$5^4*EXP((-1/PI())*(2*PI()/$S$5)^4*A228^-4)) -> 0.0026794246
A229: =A185 -> 0.13138243 | B229: =B185 -> 481594.64 | D229: =$B$4*(B229^2)*($D$224^2*(2*PI())^4*A229^-5/4/PI()/$D$5^4*EXP((-1/PI())*(2*PI()/$D$5)^4*A229^-4)) -> 0 | E229: =$B$4*(B229^2)*($D$224^2*(2*PI())^4*A229^-5/4/PI()/$E$5^4*EXP((-1/PI())*(2*PI()/$E$5)^4*A229^-4)) -> 0 | F229: =$B$4*(B229^2)*($D$224^2*(2*PI())^4*A229^-5/4/PI()/$F$5^4*EXP((-1/PI())*(2*PI()/$F$5)^4*A229^-4)) -> 0 | G229: =$B$4*(B229^2)*($D$224^2*(2*PI())^4*A229^-5/4/PI()/$G$5^4*EXP((-1/PI())*(2*PI()/$G$5)^4*A229^-4)) -> 0 | H229: =$B$4*(B229^2)*($D$224^2*(2*PI())^4*A229^-5/4/PI()/$H$5^4*EXP((-1/PI())*(2*PI()/$H$5)^4*A229^-4)) -> 5.6457974e-215 | I229: =$B$4*(B229^2)*($D$224^2*(2*PI())^4*A229^-5/4/PI()/$I$5^4*EXP((-1/PI())*(2*PI()/$I$5)^4*A229^-4)) -> 3.5292266e-125 | J229: =$B$4*(B229^2)*($D$224^2*(2*PI())^4*A229^-5/4/PI()/$J$5^4*EXP((-1/PI())*(2*PI()/$J$5)^4*A229^-4)) -> 1.2610335e-75 | K229: =$B$4*(B229^2)*($D$224^2*(2*PI())^4*A229^-5/4/PI()/$K$5^4*EXP((-1/PI())*(2*PI()/$K$5)^4*A229^-4)) -> 1.6420577e-46 | L229: =$B$4*(B229^2)*($D$224^2*(2*PI())^4*A229^-5/4/PI()/$L$5^4*EXP((-1/PI())*(2*PI()/$L$5)^4*A229^-4)) -> 1.5986725e-28 | M229: =$B$4*(B229^2)*($D$224^2*(2*PI())^4*A229^-5/4/PI()/$M$5^4*EXP((-1/PI())*(2*PI()/$M$5)^4*A229^-4)) -> 6.0867324e-17 | N229: =$B$4*(B229^2)*($D$224^2*(2*PI())^4*A229^-5/4/PI()/$N$5^4*EXP((-1/PI())*(2*PI()/$N$5)^4*A229^-4)) -> 3.1530939e-09 | O229: =$B$4*(B229^2)*($D$224^2*(2*PI())^4*A229^-5/4/PI()/$O$5^4*EXP((-1/PI())*(2*PI()/$O$5)^4*A229^-4)) -> 0.00061244636 | P229: =$B$4*(B229^2)*($D$224^2*(2*PI())^4*A229^-5/4/PI()/$P$5^4*EXP((-1/PI())*(2*PI()/$P$5)^4*A229^-4)) -> 3.1726196 | Q229: =$B$4*(B229^2)*($D$224^2*(2*PI())^4*A229^-5/4/PI()/$Q$5^4*EXP((-1/PI())*(2*PI()/$Q$5)^4*A229^-4)) -> 1461.3795 | R229: =$B$4*(B229^2)*($D$224^2*(2*PI())^4*A229^-5/4/PI()/$R$5^4*EXP((-1/PI())*(2*PI()/$R$5)^4*A229^-4)) -> 128385.38 | S229: =$B$4*(B229^2)*($D$224^2*(2*PI())^4*A229^-5/4/PI()/$S$5^4*EXP((-1/PI())*(2*PI()/$S$5)^4*A229^-4)) -> 3537056.7
A230: =A186 -> 0.1578615 | B230: =B186 -> 538229.53 | D230: =$B$4*(B230^2)*($D$224^2*(2*PI())^4*A230^-5/4/PI()/$D$5^4*EXP((-1/PI())*(2*PI()/$D$5)^4*A230^-4)) -> 0 | E230: =$B$4*(B230^2)*($D$224^2*(2*PI())^4*A230^-5/4/PI()/$E$5^4*EXP((-1/PI())*(2*PI()/$E$5)^4*A230^-4)) -> 0 | F230: =$B$4*(B230^2)*($D$224^2*(2*PI())^4*A230^-5/4/PI()/$F$5^4*EXP((-1/PI())*(2*PI()/$F$5)^4*A230^-4)) -> 0 | G230: =$B$4*(B230^2)*($D$224^2*(2*PI())^4*A230^-5/4/PI()/$G$5^4*EXP((-1/PI())*(2*PI()/$G$5)^4*A230^-4)) -> 7.6193192e-181 | H230: =$B$4*(B230^2)*($D$224^2*(2*PI())^4*A230^-5/4/PI()/$H$5^4*EXP((-1/PI())*(2*PI()/$H$5)^4*A230^-4)) -> 2.1849784e-96 | I230: =$B$4*(B230^2)*($D$224^2*(2*PI())^4*A230^-5/4/PI()/$I$5^4*EXP((-1/PI())*(2*PI()/$I$5)^4*A230^-4)) -> 2.0363424e-53 | J230: =$B$4*(B230^2)*($D$224^2*(2*PI())^4*A230^-5/4/PI()/$J$5^4*EXP((-1/PI())*(2*PI()/$J$5)^4*A230^-4)) -> 9.6164086e-30 | K230: =$B$4*(B230^2)*($D$224^2*(2*PI())^4*A230^-5/4/PI()/$K$5^4*EXP((-1/PI())*(2*PI()/$K$5)^4*A230^-4)) -> 7.2655351e-16 | L230: =$B$4*(B230^2)*($D$224^2*(2*PI())^4*A230^-5/4/PI()/$L$5^4*EXP((-1/PI())*(2*PI()/$L$5)^4*A230^-4)) -> 2.5677846e-07 | M230: =$B$4*(B230^2)*($D$224^2*(2*PI())^4*A230^-5/4/PI()/$M$5^4*EXP((-1/PI())*(2*PI()/$M$5)^4*A230^-4)) -> 0.077693592 | N230: =$B$4*(B230^2)*($D$224^2*(2*PI())^4*A230^-5/4/PI()/$N$5^4*EXP((-1/PI())*(2*PI()/$N$5)^4*A230^-4)) -> 332.69405 | O230: =$B$4*(B230^2)*($D$224^2*(2*PI())^4*A230^-5/4/PI()/$O$5^4*EXP((-1/PI())*(2*PI()/$O$5)^4*A230^-4)) -> 98790.417 | P230: =$B$4*(B230^2)*($D$224^2*(2*PI())^4*A230^-5/4/PI()/$P$5^4*EXP((-1/PI())*(2*PI()/$P$5)^4*A230^-4)) -> 5206246.2 | Q230: =$B$4*(B230^2)*($D$224^2*(2*PI())^4*A230^-5/4/PI()/$Q$5^4*EXP((-1/PI())*(2*PI()/$Q$5)^4*A230^-4)) -> 86666318 | R230: =$B$4*(B230^2)*($D$224^2*(2*PI())^4*A230^-5/4/PI()/$R$5^4*EXP((-1/PI())*(2*PI()/$R$5)^4*A230^-4)) -> 6.5652877e+08 | S230: =$B$4*(B230^2)*($D$224^2*(2*PI())^4*A230^-5/4/PI()/$S$5^4*EXP((-1/PI())*(2*PI()/$S$5)^4*A230^-4)) -> 2.8706613e+09
A231: =A187 -> 0.18390711 | B231: =B187 -> 401196.85 | D231: =$B$4*(B231^2)*($D$224^2*(2*PI())^4*A231^-5/4/PI()/$D$5^4*EXP((-1/PI())*(2*PI()/$D$5)^4*A231^-4)) -> 0 | E231: =$B$4*(B231^2)*($D$224^2*(2*PI())^4*A231^-5/4/PI()/$E$5^4*EXP((-1/PI())*(2*PI()/$E$5)^4*A231^-4)) -> 0 | F231: =$B$4*(B231^2)*($D$224^2*(2*PI())^4*A231^-5/4/PI()/$F$5^4*EXP((-1/PI())*(2*PI()/$F$5)^4*A231^-4)) -> 1.2884001e-192 | G231: =$B$4*(B231^2)*($D$224^2*(2*PI())^4*A231^-5/4/PI()/$G$5^4*EXP((-1/PI())*(2*PI()/$G$5)^4*A231^-4)) -> 1.3706519e-92 | H231: =$B$4*(B231^2)*($D$224^2*(2*PI())^4*A231^-5/4/PI()/$H$5^4*EXP((-1/PI())*(2*PI()/$H$5)^4*A231^-4)) -> 7.4874072e-47 | I231: =$B$4*(B231^2)*($D$224^2*(2*PI())^4*A231^-5/4/PI()/$I$5^4*EXP((-1/PI())*(2*PI()/$I$5)^4*A231^-4)) -> 1.2663236e-23 | J231: =$B$4*(B231^2)*($D$224^2*(2*PI())^4*A231^-5/4/PI()/$J$5^4*EXP((-1/PI())*(2*PI()/$J$5)^4*A231^-4)) -> 7.3562602e-11 | K231: =$B$4*(B231^2)*($D$224^2*(2*PI())^4*A231^-5/4/PI()/$K$5^4*EXP((-1/PI())*(2*PI()/$K$5)^4*A231^-4)) -> 0.0020966694 | L231: =$B$4*(B231^2)*($D$224^2*(2*PI())^4*A231^-5/4/PI()/$L$5^4*EXP((-1/PI())*(2*PI()/$L$5)^4*A231^-4)) -> 77.635658 | M231: =$B$4*(B231^2)*($D$224^2*(2*PI())^4*A231^-5/4/PI()/$M$5^4*EXP((-1/PI())*(2*PI()/$M$5)^4*A231^-4)) -> 62998.186 | N231: =$B$4*(B231^2)*($D$224^2*(2*PI())^4*A231^-5/4/PI()/$N$5^4*EXP((-1/PI())*(2*PI()/$N$5)^4*A231^-4)) -> 5126271.3 | O231: =$B$4*(B231^2)*($D$224^2*(2*PI())^4*A231^-5/4/PI()/$O$5^4*EXP((-1/PI())*(2*PI()/$O$5)^4*A231^-4)) -> 98955890 | P231: =$B$4*(B231^2)*($D$224^2*(2*PI())^4*A231^-5/4/PI()/$P$5^4*EXP((-1/PI())*(2*PI()/$P$5)^4*A231^-4)) -> 7.5376198e+08 | Q231: =$B$4*(B231^2)*($D$224^2*(2*PI())^4*A231^-5/4/PI()/$Q$5^4*EXP((-1/PI())*(2*PI()/$Q$5)^4*A231^-4)) -> 3.0947937e+09 | R231: =$B$4*(B231^2)*($D$224^2*(2*PI())^4*A231^-5/4/PI()/$R$5^4*EXP((-1/PI())*(2*PI()/$R$5)^4*A231^-4)) -> 8.3430645e+09 | S231: =$B$4*(B231^2)*($D$224^2*(2*PI())^4*A231^-5/4/PI()/$S$5^4*EXP((-1/PI())*(2*PI()/$S$5)^4*A231^-4)) -> 1.6789686e+10
A232: =A188 -> 0.20951927 | B232: =B188 -> 115250.03 | D232: =$B$4*(B232^2)*($D$224^2*(2*PI())^4*A232^-5/4/PI()/$D$5^4*EXP((-1/PI())*(2*PI()/$D$5)^4*A232^-4)) -> 0 | E232: =$B$4*(B232^2)*($D$224^2*(2*PI())^4*A232^-5/4/PI()/$E$5^4*EXP((-1/PI())*(2*PI()/$E$5)^4*A232^-4)) -> 1.8651762e-260 | F232: =$B$4*(B232^2)*($D$224^2*(2*PI())^4*A232^-5/4/PI()/$F$5^4*EXP((-1/PI())*(2*PI()/$F$5)^4*A232^-4)) -> 2.4641027e-110 | G232: =$B$4*(B232^2)*($D$224^2*(2*PI())^4*A232^-5/4/PI()/$G$5^4*EXP((-1/PI())*(2*PI()/$G$5)^4*A232^-4)) -> 4.4695857e-51 | H232: =$B$4*(B232^2)*($D$224^2*(2*PI())^4*A232^-5/4/PI()/$H$5^4*EXP((-1/PI())*(2*PI()/$H$5)^4*A232^-4)) -> 5.0030477e-24 | I232: =$B$4*(B232^2)*($D$224^2*(2*PI())^4*A232^-5/4/PI()/$I$5^4*EXP((-1/PI())*(2*PI()/$I$5)^4*A232^-4)) -> 2.507707e-10 | J232: =$B$4*(B232^2)*($D$224^2*(2*PI())^4*A232^-5/4/PI()/$J$5^4*EXP((-1/PI())*(2*PI()/$J$5)^4*A232^-4)) -> 0.0078996238 | K232: =$B$4*(B232^2)*($D$224^2*(2*PI())^4*A232^-5/4/PI()/$K$5^4*EXP((-1/PI())*(2*PI()/$K$5)^4*A232^-4)) -> 178.7336 | L232: =$B$4*(B232^2)*($D$224^2*(2*PI())^4*A232^-5/4/PI()/$L$5^4*EXP((-1/PI())*(2*PI()/$L$5)^4*A232^-4)) -> 79412.566 | M232: =$B$4*(B232^2)*($D$224^2*(2*PI())^4*A232^-5/4/PI()/$M$5^4*EXP((-1/PI())*(2*PI()/$M$5)^4*A232^-4)) -> 3698124.7 | N232: =$B$4*(B232^2)*($D$224^2*(2*PI())^4*A232^-5/4/PI()/$N$5^4*EXP((-1/PI())*(2*PI()/$N$5)^4*A232^-4)) -> 44434170 | O232: =$B$4*(B232^2)*($D$224^2*(2*PI())^4*A232^-5/4/PI()/$O$5^4*EXP((-1/PI())*(2*PI()/$O$5)^4*A232^-4)) -> 2.293148e+08 | P232: =$B$4*(B232^2)*($D$224^2*(2*PI())^4*A232^-5/4/PI()/$P$5^4*EXP((-1/PI())*(2*PI()/$P$5)^4*A232^-4)) -> 6.8673104e+08 | Q232: =$B$4*(B232^2)*($D$224^2*(2*PI())^4*A232^-5/4/PI()/$Q$5^4*EXP((-1/PI())*(2*PI()/$Q$5)^4*A232^-4)) -> 1.4347129e+09 | R232: =$B$4*(B232^2)*($D$224^2*(2*PI())^4*A232^-5/4/PI()/$R$5^4*EXP((-1/PI())*(2*PI()/$R$5)^4*A232^-4)) -> 2.3490231e+09 | S232: =$B$4*(B232^2)*($D$224^2*(2*PI())^4*A232^-5/4/PI()/$S$5^4*EXP((-1/PI())*(2*PI()/$S$5)^4*A232^-4)) -> 3.2504564e+09
A233: =A189 -> 0.23469797 | B233: =B189 -> 156835.1 | D233: =$B$4*(B233^2)*($D$224^2*(2*PI())^4*A233^-5/4/PI()/$D$5^4*EXP((-1/PI())*(2*PI()/$D$5)^4*A233^-4)) -> 0 | E233: =$B$4*(B233^2)*($D$224^2*(2*PI())^4*A233^-5/4/PI()/$E$5^4*EXP((-1/PI())*(2*PI()/$E$5)^4*A233^-4)) -> 5.9689222e-161 | F233: =$B$4*(B233^2)*($D$224^2*(2*PI())^4*A233^-5/4/PI()/$F$5^4*EXP((-1/PI())*(2*PI()/$F$5)^4*A233^-4)) -> 9.8654284e-66 | G233: =$B$4*(B233^2)*($D$224^2*(2*PI())^4*A233^-5/4/PI()/$G$5^4*EXP((-1/PI())*(2*PI()/$G$5)^4*A233^-4)) -> 3.3480683e-28 | H233: =$B$4*(B233^2)*($D$224^2*(2*PI())^4*A233^-5/4/PI()/$H$5^4*EXP((-1/PI())*(2*PI()/$H$5)^4*A233^-4)) -> 4.1071297e-11 | I233: =$B$4*(B233^2)*($D$224^2*(2*PI())^4*A233^-5/4/PI()/$I$5^4*EXP((-1/PI())*(2*PI()/$I$5)^4*A233^-4)) -> 0.01719607 | J233: =$B$4*(B233^2)*($D$224^2*(2*PI())^4*A233^-5/4/PI()/$J$5^4*EXP((-1/PI())*(2*PI()/$J$5)^4*A233^-4)) -> 845.85844 | K233: =$B$4*(B233^2)*($D$224^2*(2*PI())^4*A233^-5/4/PI()/$K$5^4*EXP((-1/PI())*(2*PI()/$K$5)^4*A233^-4)) -> 426157.68 | L233: =$B$4*(B233^2)*($D$224^2*(2*PI())^4*A233^-5/4/PI()/$L$5^4*EXP((-1/PI())*(2*PI()/$L$5)^4*A233^-4)) -> 17927287 | M233: =$B$4*(B233^2)*($D$224^2*(2*PI())^4*A233^-5/4/PI()/$M$5^4*EXP((-1/PI())*(2*PI()/$M$5)^4*A233^-4)) -> 1.8201546e+08 | N233: =$B$4*(B233^2)*($D$224^2*(2*PI())^4*A233^-5/4/PI()/$N$5^4*EXP((-1/PI())*(2*PI()/$N$5)^4*A233^-4)) -> 7.8902753e+08 | O233: =$B$4*(B233^2)*($D$224^2*(2*PI())^4*A233^-5/4/PI()/$O$5^4*EXP((-1/PI())*(2*PI()/$O$5)^4*A233^-4)) -> 2.0158584e+09 | P233: =$B$4*(B233^2)*($D$224^2*(2*PI())^4*A233^-5/4/PI()/$P$5^4*EXP((-1/PI())*(2*PI()/$P$5)^4*A233^-4)) -> 3.6705541e+09 | Q233: =$B$4*(B233^2)*($D$224^2*(2*PI())^4*A233^-5/4/PI()/$Q$5^4*EXP((-1/PI())*(2*PI()/$Q$5)^4*A233^-4)) -> 5.3496916e+09 | R233: =$B$4*(B233^2)*($D$224^2*(2*PI())^4*A233^-5/4/PI()/$R$5^4*EXP((-1/PI())*(2*PI()/$R$5)^4*A233^-4)) -> 6.7147005e+09 | S233: =$B$4*(B233^2)*($D$224^2*(2*PI())^4*A233^-5/4/PI()/$S$5^4*EXP((-1/PI())*(2*PI()/$S$5)^4*A233^-4)) -> 7.6101317e+09
A234: =A190 -> 0.25944322 | B234: =B190 -> 184162.42 | D234: =$B$4*(B234^2)*($D$224^2*(2*PI())^4*A234^-5/4/PI()/$D$5^4*EXP((-1/PI())*(2*PI()/$D$5)^4*A234^-4)) -> 0 | E234: =$B$4*(B234^2)*($D$224^2*(2*PI())^4*A234^-5/4/PI()/$E$5^4*EXP((-1/PI())*(2*PI()/$E$5)^4*A234^-4)) -> 7.9114691e-104 | F234: =$B$4*(B234^2)*($D$224^2*(2*PI())^4*A234^-5/4/PI()/$F$5^4*EXP((-1/PI())*(2*PI()/$F$5)^4*A234^-4)) -> 3.5395879e-40 | G234: =$B$4*(B234^2)*($D$224^2*(2*PI())^4*A234^-5/4/PI()/$G$5^4*EXP((-1/PI())*(2*PI()/$G$5)^4*A234^-4)) -> 3.8608265e-15 | H234: =$B$4*(B234^2)*($D$224^2*(2*PI())^4*A234^-5/4/PI()/$H$5^4*EXP((-1/PI())*(2*PI()/$H$5)^4*A234^-4)) -> 0.00088833179 | I234: =$B$4*(B234^2)*($D$224^2*(2*PI())^4*A234^-5/4/PI()/$I$5^4*EXP((-1/PI())*(2*PI()/$I$5)^4*A234^-4)) -> 447.37458 | J234: =$B$4*(B234^2)*($D$224^2*(2*PI())^4*A234^-5/4/PI()/$J$5^4*EXP((-1/PI())*(2*PI()/$J$5)^4*A234^-4)) -> 535677.35 | K234: =$B$4*(B234^2)*($D$224^2*(2*PI())^4*A234^-5/4/PI()/$K$5^4*EXP((-1/PI())*(2*PI()/$K$5)^4*A234^-4)) -> 30278483 | L234: =$B$4*(B234^2)*($D$224^2*(2*PI())^4*A234^-5/4/PI()/$L$5^4*EXP((-1/PI())*(2*PI()/$L$5)^4*A234^-4)) -> 3.2844092e+08 | M234: =$B$4*(B234^2)*($D$224^2*(2*PI())^4*A234^-5/4/PI()/$M$5^4*EXP((-1/PI())*(2*PI()/$M$5)^4*A234^-4)) -> 1.3890178e+09 | N234: =$B$4*(B234^2)*($D$224^2*(2*PI())^4*A234^-5/4/PI()/$N$5^4*EXP((-1/PI())*(2*PI()/$N$5)^4*A234^-4)) -> 3.3505948e+09 | O234: =$B$4*(B234^2)*($D$224^2*(2*PI())^4*A234^-5/4/PI()/$O$5^4*EXP((-1/PI())*(2*PI()/$O$5)^4*A234^-4)) -> 5.7137825e+09 | P234: =$B$4*(B234^2)*($D$224^2*(2*PI())^4*A234^-5/4/PI()/$P$5^4*EXP((-1/PI())*(2*PI()/$P$5)^4*A234^-4)) -> 7.8154443e+09 | Q234: =$B$4*(B234^2)*($D$224^2*(2*PI())^4*A234^-5/4/PI()/$Q$5^4*EXP((-1/PI())*(2*PI()/$Q$5)^4*A234^-4)) -> 9.2605328e+09 | R234: =$B$4*(B234^2)*($D$224^2*(2*PI())^4*A234^-5/4/PI()/$R$5^4*EXP((-1/PI())*(2*PI()/$R$5)^4*A234^-4)) -> 9.9762675e+09 | S234: =$B$4*(B234^2)*($D$224^2*(2*PI())^4*A234^-5/4/PI()/$S$5^4*EXP((-1/PI())*(2*PI()/$S$5)^4*A234^-4)) -> 1.0080647e+10
A235: =A191 -> 0.28375501 | B235: =B191 -> 100992.3 | D235: =$B$4*(B235^2)*($D$224^2*(2*PI())^4*A235^-5/4/PI()/$D$5^4*EXP((-1/PI())*(2*PI()/$D$5)^4*A235^-4)) -> 1.3160353e-209 | E235: =$B$4*(B235^2)*($D$224^2*(2*PI())^4*A235^-5/4/PI()/$E$5^4*EXP((-1/PI())*(2*PI()/$E$5)^4*A235^-4)) -> 1.2685679e-69 | F235: =$B$4*(B235^2)*($D$224^2*(2*PI())^4*A235^-5/4/PI()/$F$5^4*EXP((-1/PI())*(2*PI()/$F$5)^4*A235^-4)) -> 3.0323034e-25 | G235: =$B$4*(B235^2)*($D$224^2*(2*PI())^4*A235^-5/4/PI()/$G$5^4*EXP((-1/PI())*(2*PI()/$G$5)^4*A235^-4)) -> 7.8063807e-08 | H235: =$B$4*(B235^2)*($D$224^2*(2*PI())^4*A235^-5/4/PI()/$H$5^4*EXP((-1/PI())*(2*PI()/$H$5)^4*A235^-4)) -> 5.7286924 | I235: =$B$4*(B235^2)*($D$224^2*(2*PI())^4*A235^-5/4/PI()/$I$5^4*EXP((-1/PI())*(2*PI()/$I$5)^4*A235^-4)) -> 47598.43 | J235: =$B$4*(B235^2)*($D$224^2*(2*PI())^4*A235^-5/4/PI()/$J$5^4*EXP((-1/PI())*(2*PI()/$J$5)^4*A235^-4)) -> 5897746.3 | K235: =$B$4*(B235^2)*($D$224^2*(2*PI())^4*A235^-5/4/PI()/$K$5^4*EXP((-1/PI())*(2*PI()/$K$5)^4*A235^-4)) -> 87681602 | L235: =$B$4*(B235^2)*($D$224^2*(2*PI())^4*A235^-5/4/PI()/$L$5^4*EXP((-1/PI())*(2*PI()/$L$5)^4*A235^-4)) -> 4.1578952e+08 | M235: =$B$4*(B235^2)*($D$224^2*(2*PI())^4*A235^-5/4/PI()/$M$5^4*EXP((-1/PI())*(2*PI()/$M$5)^4*A235^-4)) -> 1.0301997e+09 | N235: =$B$4*(B235^2)*($D$224^2*(2*PI())^4*A235^-5/4/PI()/$N$5^4*EXP((-1/PI())*(2*PI()/$N$5)^4*A235^-4)) -> 1.737475e+09 | O235: =$B$4*(B235^2)*($D$224^2*(2*PI())^4*A235^-5/4/PI()/$O$5^4*EXP((-1/PI())*(2*PI()/$O$5)^4*A235^-4)) -> 2.314919e+09 | P235: =$B$4*(B235^2)*($D$224^2*(2*PI())^4*A235^-5/4/PI()/$P$5^4*EXP((-1/PI())*(2*PI()/$P$5)^4*A235^-4)) -> 2.6589808e+09 | Q235: =$B$4*(B235^2)*($D$224^2*(2*PI())^4*A235^-5/4/PI()/$Q$5^4*EXP((-1/PI())*(2*PI()/$Q$5)^4*A235^-4)) -> 2.776539e+09 | R235: =$B$4*(B235^2)*($D$224^2*(2*PI())^4*A235^-5/4/PI()/$R$5^4*EXP((-1/PI())*(2*PI()/$R$5)^4*A235^-4)) -> 2.724702e+09 | S235: =$B$4*(B235^2)*($D$224^2*(2*PI())^4*A235^-5/4/PI()/$S$5^4*EXP((-1/PI())*(2*PI()/$S$5)^4*A235^-4)) -> 2.5668969e+09
A236: =A192 -> 0.30763334 | B236: =B192 -> 127131.48 | D236: =$B$4*(B236^2)*($D$224^2*(2*PI())^4*A236^-5/4/PI()/$D$5^4*EXP((-1/PI())*(2*PI()/$D$5)^4*A236^-4)) -> 2.0166612e-148 | E236: =$B$4*(B236^2)*($D$224^2*(2*PI())^4*A236^-5/4/PI()/$E$5^4*EXP((-1/PI())*(2*PI()/$E$5)^4*A236^-4)) -> 3.2332485e-47 | F236: =$B$4*(B236^2)*($D$224^2*(2*PI())^4*A236^-5/4/PI()/$F$5^4*EXP((-1/PI())*(2*PI()/$F$5)^4*A236^-4)) -> 3.4365302e-15 | G236: =$B$4*(B236^2)*($D$224^2*(2*PI())^4*A236^-5/4/PI()/$G$5^4*EXP((-1/PI())*(2*PI()/$G$5)^4*A236^-4)) -> 0.01144094 | H236: =$B$4*(B236^2)*($D$224^2*(2*PI())^4*A236^-5/4/PI()/$H$5^4*EXP((-1/PI())*(2*PI()/$H$5)^4*A236^-4)) -> 4821.9531 | I236: =$B$4*(B236^2)*($D$224^2*(2*PI())^4*A236^-5/4/PI()/$I$5^4*EXP((-1/PI())*(2*PI()/$I$5)^4*A236^-4)) -> 2885897.6 | J236: =$B$4*(B236^2)*($D$224^2*(2*PI())^4*A236^-5/4/PI()/$J$5^4*EXP((-1/PI())*(2*PI()/$J$5)^4*A236^-4)) -> 83556182 | K236: =$B$4*(B236^2)*($D$224^2*(2*PI())^4*A236^-5/4/PI()/$K$5^4*EXP((-1/PI())*(2*PI()/$K$5)^4*A236^-4)) -> 5.2779041e+08 | L236: =$B$4*(B236^2)*($D$224^2*(2*PI())^4*A236^-5/4/PI()/$L$5^4*EXP((-1/PI())*(2*PI()/$L$5)^4*A236^-4)) -> 1.4726735e+09 | M236: =$B$4*(B236^2)*($D$224^2*(2*PI())^4*A236^-5/4/PI()/$M$5^4*EXP((-1/PI())*(2*PI()/$M$5)^4*A236^-4)) -> 2.5901854e+09 | N236: =$B$4*(B236^2)*($D$224^2*(2*PI())^4*A236^-5/4/PI()/$N$5^4*EXP((-1/PI())*(2*PI()/$N$5)^4*A236^-4)) -> 3.4731056e+09 | O236: =$B$4*(B236^2)*($D$224^2*(2*PI())^4*A236^-5/4/PI()/$O$5^4*EXP((-1/PI())*(2*PI()/$O$5)^4*A236^-4)) -> 3.950376e+09 | P236: =$B$4*(B236^2)*($D$224^2*(2*PI())^4*A236^-5/4/PI()/$P$5^4*EXP((-1/PI())*(2*PI()/$P$5)^4*A236^-4)) -> 4.0569872e+09 | Q236: =$B$4*(B236^2)*($D$224^2*(2*PI())^4*A236^-5/4/PI()/$Q$5^4*EXP((-1/PI())*(2*PI()/$Q$5)^4*A236^-4)) -> 3.9066963e+09 | R236: =$B$4*(B236^2)*($D$224^2*(2*PI())^4*A236^-5/4/PI()/$R$5^4*EXP((-1/PI())*(2*PI()/$R$5)^4*A236^-4)) -> 3.6112436e+09 | S236: =$B$4*(B236^2)*($D$224^2*(2*PI())^4*A236^-5/4/PI()/$S$5^4*EXP((-1/PI())*(2*PI()/$S$5)^4*A236^-4)) -> 3.252688e+09
A237: =A193 -> 0.33107822 | B237: =B193 -> 90298.995 | D237: =$B$4*(B237^2)*($D$224^2*(2*PI())^4*A237^-5/4/PI()/$D$5^4*EXP((-1/PI())*(2*PI()/$D$5)^4*A237^-4)) -> 4.5265516e-108 | E237: =$B$4*(B237^2)*($D$224^2*(2*PI())^4*A237^-5/4/PI()/$E$5^4*EXP((-1/PI())*(2*PI()/$E$5)^4*A237^-4)) -> 9.6967353e-33 | F237: =$B$4*(B237^2)*($D$224^2*(2*PI())^4*A237^-5/4/PI()/$F$5^4*EXP((-1/PI())*(2*PI()/$F$5)^4*A237^-4)) -> 5.9104553e-09 | G237: =$B$4*(B237^2)*($D$224^2*(2*PI())^4*A237^-5/4/PI()/$G$5^4*EXP((-1/PI())*(2*PI()/$G$5)^4*A237^-4)) -> 10.773769 | H237: =$B$4*(B237^2)*($D$224^2*(2*PI())^4*A237^-5/4/PI()/$H$5^4*EXP((-1/PI())*(2*PI()/$H$5)^4*A237^-4)) -> 145208.75 | I237: =$B$4*(B237^2)*($D$224^2*(2*PI())^4*A237^-5/4/PI()/$I$5^4*EXP((-1/PI())*(2*PI()/$I$5)^4*A237^-4)) -> 15023318 | J237: =$B$4*(B237^2)*($D$224^2*(2*PI())^4*A237^-5/4/PI()/$J$5^4*EXP((-1/PI())*(2*PI()/$J$5)^4*A237^-4)) -> 1.6488596e+08 | K237: =$B$4*(B237^2)*($D$224^2*(2*PI())^4*A237^-5/4/PI()/$K$5^4*EXP((-1/PI())*(2*PI()/$K$5)^4*A237^-4)) -> 5.8834843e+08 | L237: =$B$4*(B237^2)*($D$224^2*(2*PI())^4*A237^-5/4/PI()/$L$5^4*EXP((-1/PI())*(2*PI()/$L$5)^4*A237^-4)) -> 1.1524058e+09 | M237: =$B$4*(B237^2)*($D$224^2*(2*PI())^4*A237^-5/4/PI()/$M$5^4*EXP((-1/PI())*(2*PI()/$M$5)^4*A237^-4)) -> 1.612619e+09 | N237: =$B$4*(B237^2)*($D$224^2*(2*PI())^4*A237^-5/4/PI()/$N$5^4*EXP((-1/PI())*(2*PI()/$N$5)^4*A237^-4)) -> 1.8554838e+09 | O237: =$B$4*(B237^2)*($D$224^2*(2*PI())^4*A237^-5/4/PI()/$O$5^4*EXP((-1/PI())*(2*PI()/$O$5)^4*A237^-4)) -> 1.8990733e+09 | P237: =$B$4*(B237^2)*($D$224^2*(2*PI())^4*A237^-5/4/PI()/$P$5^4*EXP((-1/PI())*(2*PI()/$P$5)^4*A237^-4)) -> 1.8099666e+09 | Q237: =$B$4*(B237^2)*($D$224^2*(2*PI())^4*A237^-5/4/PI()/$Q$5^4*EXP((-1/PI())*(2*PI()/$Q$5)^4*A237^-4)) -> 1.6512092e+09 | R237: =$B$4*(B237^2)*($D$224^2*(2*PI())^4*A237^-5/4/PI()/$R$5^4*EXP((-1/PI())*(2*PI()/$R$5)^4*A237^-4)) -> 1.4666375e+09 | S237: =$B$4*(B237^2)*($D$224^2*(2*PI())^4*A237^-5/4/PI()/$S$5^4*EXP((-1/PI())*(2*PI()/$S$5)^4*A237^-4)) -> 1.2820208e+09
... A266: =A222 -> 0.82242642 | B266: =B222 -> 16237.977 | D266: =$B$4*(B266^2)*($D$224^2*(2*PI())^4*A266^-5/4/PI()/$D$5^4*EXP((-1/PI())*(2*PI()/$D$5)^4*A266^-4)) -> 353974.2 | E266: =$B$4*(B266^2)*($D$224^2*(2*PI())^4*A266^-5/4/PI()/$E$5^4*EXP((-1/PI())*(2*PI()/$E$5)^4*A266^-4)) -> 12653992 | F266: =$B$4*(B266^2)*($D$224^2*(2*PI())^4*A266^-5/4/PI()/$F$5^4*EXP((-1/PI())*(2*PI()/$F$5)^4*A266^-4)) -> 24402410 | G266: =$B$4*(B266^2)*($D$224^2*(2*PI())^4*A266^-5/4/PI()/$G$5^4*EXP((-1/PI())*(2*PI()/$G$5)^4*A266^-4)) -> 22287471 | H266: =$B$4*(B266^2)*($D$224^2*(2*PI())^4*A266^-5/4/PI()/$H$5^4*EXP((-1/PI())*(2*PI()/$H$5)^4*A266^-4)) -> 16385195 | I266: =$B$4*(B266^2)*($D$224^2*(2*PI())^4*A266^-5/4/PI()/$I$5^4*EXP((-1/PI())*(2*PI()/$I$5)^4*A266^-4)) -> 11366950 | J266: =$B$4*(B266^2)*($D$224^2*(2*PI())^4*A266^-5/4/PI()/$J$5^4*EXP((-1/PI())*(2*PI()/$J$5)^4*A266^-4)) -> 7849165.3 | K266: =$B$4*(B266^2)*($D$224^2*(2*PI())^4*A266^-5/4/PI()/$K$5^4*EXP((-1/PI())*(2*PI()/$K$5)^4*A266^-4)) -> 5495857.1 | L266: =$B$4*(B266^2)*($D$224^2*(2*PI())^4*A266^-5/4/PI()/$L$5^4*EXP((-1/PI())*(2*PI()/$L$5)^4*A266^-4)) -> 3924817.6 | M266: =$B$4*(B266^2)*($D$224^2*(2*PI())^4*A266^-5/4/PI()/$M$5^4*EXP((-1/PI())*(2*PI()/$M$5)^4*A266^-4)) -> 2861588.8 | N266: =$B$4*(B266^2)*($D$224^2*(2*PI())^4*A266^-5/4/PI()/$N$5^4*EXP((-1/PI())*(2*PI()/$N$5)^4*A266^-4)) -> 2128253.7 | O266: =$B$4*(B266^2)*($D$224^2*(2*PI())^4*A266^-5/4/PI()/$O$5^4*EXP((-1/PI())*(2*PI()/$O$5)^4*A266^-4)) -> 1612172.3 | P266: =$B$4*(B266^2)*($D$224^2*(2*PI())^4*A266^-5/4/PI()/$P$5^4*EXP((-1/PI())*(2*PI()/$P$5)^4*A266^-4)) -> 1241798.6 | Q266: =$B$4*(B266^2)*($D$224^2*(2*PI())^4*A266^-5/4/PI()/$Q$5^4*EXP((-1/PI())*(2*PI()/$Q$5)^4*A266^-4)) -> 971063.13 | R266: =$B$4*(B266^2)*($D$224^2*(2*PI())^4*A266^-5/4/PI()/$R$5^4*EXP((-1/PI())*(2*PI()/$R$5)^4*A266^-4)) -> 769774.51 | S266: =$B$4*(B266^2)*($D$224^2*(2*PI())^4*A266^-5/4/PI()/$S$5^4*EXP((-1/PI())*(2*PI()/$S$5)^4*A266^-4)) -> 617773.95
C267: sum | D267: =SUM(D226:D266) -> 1827476.5 | E267: =SUM(E226:E266) -> 1.9901695e+08 | F267: =SUM(F226:F266) -> 6.5625905e+08 | G267: =SUM(G226:G266) -> 8.1396547e+08 | H267: =SUM(H226:H266) -> 1.0069904e+09 | I267: =SUM(I226:I266) -> 1.8198868e+09 | J267: =SUM(J226:J266) -> 3.5277284e+09 | K267: =SUM(K226:K266) -> 6.0426655e+09 | ... R267: =SUM(R226:R266) -> 3.9142488e+10 | S267: =SUM(S225:S266) -> 5.0496062e+10 | T267: =SUM(D267:S267) -> 2.2154442e+11
A268: w0 | B268: =A271-A270 -> 0.027779436 | C268: Hs | D268: 6.5
A269: w | B269: RAO(0) | C269: Tz | D269: 3.5 | E269: 4.5 | F269: 5.5 | G269: 6.5 | H269: 7.5 | I269: 8.5 | J269: 9.5 | K269: 10.5 | L269: 11.5 | M269: 12.5 | N269: 13.5 | O269: 14.5 | P269: 15.5 | Q269: 16.5 | R269: 17.5 | S269: 18.5
...

Sheet Short_VBM_30
B2: VBM_RAO
A3: dw | B3: =B4/2 -> 0.013889718
A4: w0 | B4: =A7-A6 -> 0.027779436 | C4: Hs | D4: 0.5
A5: w | B5: RAO(0) | C5: Tz | D5: 3.5 | E5: 4.5 | F5: 5.5 | G5: 6.5 | H5: 7.5 | I5: 8.5 | J5: 9.5 | K5: 10.5 | L5: 11.5 | M5: 12.5 | N5: 13.5 | O5: 14.5 | P5: 15.5 | Q5: 16.5 | R5: 17.5 | S5: 18.5
A6: =Short_VBM_0!A6 -> 0.04934449 | B6: =VBM_RAO!N6 -> 52278.365 | D6: =$B$4*(B6^2)*($D$4^2*(2*PI())^4*A6^-5/4/PI()/$D$5^4*EXP((-1/PI())*(2*PI()/$D$5)^4*A6^-4)) -> 0 | E6: =$B$4*(B6^2)*($D$4^2*(2*PI())^4*A6^-5/4/PI()/$E$5^4*EXP((-1/PI())*(2*PI()/$E$5)^4*A6^-4)) -> 0 | F6: =$B$4*(B6^2)*($D$4^2*(2*PI())^4*A6^-5/4/PI()/$F$5^4*EXP((-1/PI())*(2*PI()/$F$5)^4*A6^-4)) -> 0 | G6: =$B$4*(B6^2)*($D$4^2*(2*PI())^4*A6^-5/4/PI()/$G$5^4*EXP((-1/PI())*(2*PI()/$G$5)^4*A6^-4)) -> 0 | H6: =$B$4*(B6^2)*($D$4^2*(2*PI())^4*A6^-5/4/PI()/$H$5^4*EXP((-1/PI())*(2*PI()/$H$5)^4*A6^-4)) -> 0 | I6: =$B$4*(B6^2)*($D$4^2*(2*PI())^4*A6^-5/4/PI()/$I$5^4*EXP((-1/PI())*(2*PI()/$I$5)^4*A6^-4)) -> 0 | J6: =$B$4*(B6^2)*($D$4^2*(2*PI())^4*A6^-5/4/PI()/$J$5^4*EXP((-1/PI())*(2*PI()/$J$5)^4*A6^-4)) -> 0 | K6: =$B$4*(B6^2)*($D$4^2*(2*PI())^4*A6^-5/4/PI()/$K$5^4*EXP((-1/PI())*(2*PI()/$K$5)^4*A6^-4)) -> 0 | L6: =$B$4*(B6^2)*($D$4^2*(2*PI())^4*A6^-5/4/PI()/$L$5^4*EXP((-1/PI())*(2*PI()/$L$5)^4*A6^-4)) -> 0 | M6: =$B$4*(B6^2)*($D$4^2*(2*PI())^4*A6^-5/4/PI()/$M$5^4*EXP((-1/PI())*(2*PI()/$M$5)^4*A6^-4)) -> 0 | N6: =$B$4*(B6^2)*($D$4^2*(2*PI())^4*A6^-5/4/PI()/$N$5^4*EXP((-1/PI())*(2*PI()/$N$5)^4*A6^-4)) -> 0 | O6: =$B$4*(B6^2)*($D$4^2*(2*PI())^4*A6^-5/4/PI()/$O$5^4*EXP((-1/PI())*(2*PI()/$O$5)^4*A6^-4)) -> 0 | P6: =$B$4*(B6^2)*($D$4^2*(2*PI())^4*A6^-5/4/PI()/$P$5^4*EXP((-1/PI())*(2*PI()/$P$5)^4*A6^-4)) -> 0 | Q6: =$B$4*(B6^2)*($D$4^2*(2*PI())^4*A6^-5/4/PI()/$Q$5^4*EXP((-1/PI())*(2*PI()/$Q$5)^4*A6^-4)) -> 0 | R6: =$B$4*(B6^2)*($D$4^2*(2*PI())^4*A6^-5/4/PI()/$R$5^4*EXP((-1/PI())*(2*PI()/$R$5)^4*A6^-4)) -> 0 | S6: =$B$4*(B6^2)*($D$4^2*(2*PI())^4*A6^-5/4/PI()/$S$5^4*EXP((-1/PI())*(2*PI()/$S$5)^4*A6^-4)) -> 3.8596877e-300
A7: =Short_VBM_0!A7 -> 0.077123926 | B7: =VBM_RAO!N7 -> 125943.33 | D7: =$B$4*(B7^2)*($D$4^2*(2*PI())^4*A7^-5/4/PI()/$D$5^4*EXP((-1/PI())*(2*PI()/$D$5)^4*A7^-4)) -> 0 | E7: =$B$4*(B7^2)*($D$4^2*(2*PI())^4*A7^-5/4/PI()/$E$5^4*EXP((-1/PI())*(2*PI()/$E$5)^4*A7^-4)) -> 0 | F7: =$B$4*(B7^2)*($D$4^2*(2*PI())^4*A7^-5/4/PI()/$F$5^4*EXP((-1/PI())*(2*PI()/$F$5)^4*A7^-4)) -> 0 | G7: =$B$4*(B7^2)*($D$4^2*(2*PI())^4*A7^-5/4/PI()/$G$5^4*EXP((-1/PI())*(2*PI()/$G$5)^4*A7^-4)) -> 0 | H7: =$B$4*(B7^2)*($D$4^2*(2*PI())^4*A7^-5/4/PI()/$H$5^4*EXP((-1/PI())*(2*PI()/$H$5)^4*A7^-4)) -> 0 | I7: =$B$4*(B7^2)*($D$4^2*(2*PI())^4*A7^-5/4/PI()/$I$5^4*EXP((-1/PI())*(2*PI()/$I$5)^4*A7^-4)) -> 0 | J7: =$B$4*(B7^2)*($D$4^2*(2*PI())^4*A7^-5/4/PI()/$J$5^4*EXP((-1/PI())*(2*PI()/$J$5)^4*A7^-4)) -> 0 | K7: =$B$4*(B7^2)*($D$4^2*(2*PI())^4*A7^-5/4/PI()/$K$5^4*EXP((-1/PI())*(2*PI()/$K$5)^4*A7^-4)) -> 0 | L7: =$B$4*(B7^2)*($D$4^2*(2*PI())^4*A7^-5/4/PI()/$L$5^4*EXP((-1/PI())*(2*PI()/$L$5)^4*A7^-4)) -> 0 | M7: =$B$4*(B7^2)*($D$4^2*(2*PI())^4*A7^-5/4/PI()/$M$5^4*EXP((-1/PI())*(2*PI()/$M$5)^4*A7^-4)) -> 7.5330323e-239 | N7: =$B$4*(B7^2)*($D$4^2*(2*PI())^4*A7^-5/4/PI()/$N$5^4*EXP((-1/PI())*(2*PI()/$N$5)^4*A7^-4)) -> 6.8563813e-173 | O7: =$B$4*(B7^2)*($D$4^2*(2*PI())^4*A7^-5/4/PI()/$O$5^4*EXP((-1/PI())*(2*PI()/$O$5)^4*A7^-4)) -> 1.96514e-127 | P7: =$B$4*(B7^2)*($D$4^2*(2*PI())^4*A7^-5/4/PI()/$P$5^4*EXP((-1/PI())*(2*PI()/$P$5)^4*A7^-4)) -> 2.7154711e-95 | Q7: =$B$4*(B7^2)*($D$4^2*(2*PI())^4*A7^-5/4/PI()/$Q$5^4*EXP((-1/PI())*(2*PI()/$Q$5)^4*A7^-4)) -> 4.6710935e-72 | R7: =$B$4*(B7^2)*($D$4^2*(2*PI())^4*A7^-5/4/PI()/$R$5^4*EXP((-1/PI())*(2*PI()/$R$5)^4*A7^-4)) -> 6.2727335e-55 | S7: =$B$4*(B7^2)*($D$4^2*(2*PI())^4*A7^-5/4/PI()/$S$5^4*EXP((-1/PI())*(2*PI()/$S$5)^4*A7^-4)) -> 4.3854004e-42
A8: =Short_VBM_0!A8 -> 0.10446991 | B8: =VBM_RAO!N8 -> 247530.14 | D8: =$B$4*(B8^2)*($D$4^2*(2*PI())^4*A8^-5/4/PI()/$D$5^4*EXP((-1/PI())*(2*PI()/$D$5)^4*A8^-4)) -> 0 | E8: =$B$4*(B8^2)*($D$4^2*(2*PI())^4*A8^-5/4/PI()/$E$5^4*EXP((-1/PI())*(2*PI()/$E$5)^4*A8^-4)) -> 0 | F8: =$B$4*(B8^2)*($D$4^2*(2*PI())^4*A8^-5/4/PI()/$F$5^4*EXP((-1/PI())*(2*PI()/$F$5)^4*A8^-4)) -> 0 | G8: =$B$4*(B8^2)*($D$4^2*(2*PI())^4*A8^-5/4/PI()/$G$5^4*EXP((-1/PI())*(2*PI()/$G$5)^4*A8^-4)) -> 0 | H8: =$B$4*(B8^2)*($D$4^2*(2*PI())^4*A8^-5/4/PI()/$H$5^4*EXP((-1/PI())*(2*PI()/$H$5)^4*A8^-4)) -> 0 | I8: =$B$4*(B8^2)*($D$4^2*(2*PI())^4*A8^-5/4/PI()/$I$5^4*EXP((-1/PI())*(2*PI()/$I$5)^4*A8^-4)) -> 0 | J8: =$B$4*(B8^2)*($D$4^2*(2*PI())^4*A8^-5/4/PI()/$J$5^4*EXP((-1/PI())*(2*PI()/$J$5)^4*A8^-4)) -> 4.4069425e-211 | K8: =$B$4*(B8^2)*($D$4^2*(2*PI())^4*A8^-5/4/PI()/$K$5^4*EXP((-1/PI())*(2*PI()/$K$5)^4*A8^-4)) -> 5.4049664e-138 | L8: =$B$4*(B8^2)*($D$4^2*(2*PI())^4*A8^-5/4/PI()/$L$5^4*EXP((-1/PI())*(2*PI()/$L$5)^4*A8^-4)) -> 9.253429e-93 | M8: =$B$4*(B8^2)*($D$4^2*(2*PI())^4*A8^-5/4/PI()/$M$5^4*EXP((-1/PI())*(2*PI()/$M$5)^4*A8^-4)) -> 1.4178634e-63 | N8: =$B$4*(B8^2)*($D$4^2*(2*PI())^4*A8^-5/4/PI()/$N$5^4*EXP((-1/PI())*(2*PI()/$N$5)^4*A8^-4)) -> 4.4575918e-44 | O8: =$B$4*(B8^2)*($D$4^2*(2*PI())^4*A8^-5/4/PI()/$O$5^4*EXP((-1/PI())*(2*PI()/$O$5)^4*A8^-4)) -> 1.1581066e-30 | P8: =$B$4*(B8^2)*($D$4^2*(2*PI())^4*A8^-5/4/PI()/$P$5^4*EXP((-1/PI())*(2*PI()/$P$5)^4*A8^-4)) -> 3.3790484e-21 | Q8: =$B$4*(B8^2)*($D$4^2*(2*PI())^4*A8^-5/4/PI()/$Q$5^4*EXP((-1/PI())*(2*PI()/$Q$5)^4*A8^-4)) -> 2.2592816e-14 | R8: =$B$4*(B8^2)*($D$4^2*(2*PI())^4*A8^-5/4/PI()/$R$5^4*EXP((-1/PI())*(2*PI()/$R$5)^4*A8^-4)) -> 2.3418279e-09 | S8: =$B$4*(B8^2)*($D$4^2*(2*PI())^4*A8^-5/4/PI()/$S$5^4*EXP((-1/PI())*(2*PI()/$S$5)^4*A8^-4)) -> 1.3086849e-05
A9: =Short_VBM_0!A9 -> 0.13138243 | B9: =VBM_RAO!N9 -> 382582.58 | D9: =$B$4*(B9^2)*($D$4^2*(2*PI())^4*A9^-5/4/PI()/$D$5^4*EXP((-1/PI())*(2*PI()/$D$5)^4*A9^-4)) -> 0 | E9: =$B$4*(B9^2)*($D$4^2*(2*PI())^4*A9^-5/4/PI()/$E$5^4*EXP((-1/PI())*(2*PI()/$E$5)^4*A9^-4)) -> 0 | F9: =$B$4*(B9^2)*($D$4^2*(2*PI())^4*A9^-5/4/PI()/$F$5^4*EXP((-1/PI())*(2*PI()/$F$5)^4*A9^-4)) -> 0 | G9: =$B$4*(B9^2)*($D$4^2*(2*PI())^4*A9^-5/4/PI()/$G$5^4*EXP((-1/PI())*(2*PI()/$G$5)^4*A9^-4)) -> 0 | H9: =$B$4*(B9^2)*($D$4^2*(2*PI())^4*A9^-5/4/PI()/$H$5^4*EXP((-1/PI())*(2*PI()/$H$5)^4*A9^-4)) -> 2.9446049e-217 | I9: =$B$4*(B9^2)*($D$4^2*(2*PI())^4*A9^-5/4/PI()/$I$5^4*EXP((-1/PI())*(2*PI()/$I$5)^4*A9^-4)) -> 1.8406926e-127 | J9: =$B$4*(B9^2)*($D$4^2*(2*PI())^4*A9^-5/4/PI()/$J$5^4*EXP((-1/PI())*(2*PI()/$J$5)^4*A9^-4)) -> 6.5770076e-78 | K9: =$B$4*(B9^2)*($D$4^2*(2*PI())^4*A9^-5/4/PI()/$K$5^4*EXP((-1/PI())*(2*PI()/$K$5)^4*A9^-4)) -> 8.5642662e-49 | L9: =$B$4*(B9^2)*($D$4^2*(2*PI())^4*A9^-5/4/PI()/$L$5^4*EXP((-1/PI())*(2*PI()/$L$5)^4*A9^-4)) -> 8.3379877e-31 | M9: =$B$4*(B9^2)*($D$4^2*(2*PI())^4*A9^-5/4/PI()/$M$5^4*EXP((-1/PI())*(2*PI()/$M$5)^4*A9^-4)) -> 3.1745776e-19 | N9: =$B$4*(B9^2)*($D$4^2*(2*PI())^4*A9^-5/4/PI()/$N$5^4*EXP((-1/PI())*(2*PI()/$N$5)^4*A9^-4)) -> 1.644518e-11 | O9: =$B$4*(B9^2)*($D$4^2*(2*PI())^4*A9^-5/4/PI()/$O$5^4*EXP((-1/PI())*(2*PI()/$O$5)^4*A9^-4)) -> 3.1942565e-06 | P9: =$B$4*(B9^2)*($D$4^2*(2*PI())^4*A9^-5/4/PI()/$P$5^4*EXP((-1/PI())*(2*PI()/$P$5)^4*A9^-4)) -> 0.016547018 | Q9: =$B$4*(B9^2)*($D$4^2*(2*PI())^4*A9^-5/4/PI()/$Q$5^4*EXP((-1/PI())*(2*PI()/$Q$5)^4*A9^-4)) -> 7.6219262 | R9: =$B$4*(B9^2)*($D$4^2*(2*PI())^4*A9^-5/4/PI()/$R$5^4*EXP((-1/PI())*(2*PI()/$R$5)^4*A9^-4)) -> 669.60289 | S9: =$B$4*(B9^2)*($D$4^2*(2*PI())^4*A9^-5/4/PI()/$S$5^4*EXP((-1/PI())*(2*PI()/$S$5)^4*A9^-4)) -> 18447.765
A10: =Short_VBM_0!A10 -> 0.1578615 | B10: =VBM_RAO!N10 -> 455851.5 | D10: =$B$4*(B10^2)*($D$4^2*(2*PI())^4*A10^-5/4/PI()/$D$5^4*EXP((-1/PI())*(2*PI()/$D$5)^4*A10^-4)) -> 0 | E10: =$B$4*(B10^2)*($D$4^2*(2*PI())^4*A10^-5/4/PI()/$E$5^4*EXP((-1/PI())*(2*PI()/$E$5)^4*A10^-4)) -> 0 | F10: =$B$4*(B10^2)*($D$4^2*(2*PI())^4*A10^-5/4/PI()/$F$5^4*EXP((-1/PI())*(2*PI()/$F$5)^4*A10^-4)) -> 0 | G10: =$B$4*(B10^2)*($D$4^2*(2*PI())^4*A10^-5/4/PI()/$G$5^4*EXP((-1/PI())*(2*PI()/$G$5)^4*A10^-4)) -> 4.5169214e-183 | H10: =$B$4*(B10^2)*($D$4^2*(2*PI())^4*A10^-5/4/PI()/$H$5^4*EXP((-1/PI())*(2*PI()/$H$5)^4*A10^-4)) -> 1.2953094e-98 | I10: =$B$4*(B10^2)*($D$4^2*(2*PI())^4*A10^-5/4/PI()/$I$5^4*EXP((-1/PI())*(2*PI()/$I$5)^4*A10^-4)) -> 1.2071942e-55 | J10: =$B$4*(B10^2)*($D$4^2*(2*PI())^4*A10^-5/4/PI()/$J$5^4*EXP((-1/PI())*(2*PI()/$J$5)^4*A10^-4)) -> 5.7008455e-32 | K10: =$B$4*(B10^2)*($D$4^2*(2*PI())^4*A10^-5/4/PI()/$K$5^4*EXP((-1/PI())*(2*PI()/$K$5)^4*A10^-4)) -> 4.3071894e-18 | L10: =$B$4*(B10^2)*($D$4^2*(2*PI())^4*A10^-5/4/PI()/$L$5^4*EXP((-1/PI())*(2*PI()/$L$5)^4*A10^-4)) -> 1.5222464e-09 | M10: =$B$4*(B10^2)*($D$4^2*(2*PI())^4*A10^-5/4/PI()/$M$5^4*EXP((-1/PI())*(2*PI()/$M$5)^4*A10^-4)) -> 0.00046058688 | N10: =$B$4*(B10^2)*($D$4^2*(2*PI())^4*A10^-5/4/PI()/$N$5^4*EXP((-1/PI())*(2*PI()/$N$5)^4*A10^-4)) -> 1.9722928 | O10: =$B$4*(B10^2)*($D$4^2*(2*PI())^4*A10^-5/4/PI()/$O$5^4*EXP((-1/PI())*(2*PI()/$O$5)^4*A10^-4)) -> 585.65409 | P10: =$B$4*(B10^2)*($D$4^2*(2*PI())^4*A10^-5/4/PI()/$P$5^4*EXP((-1/PI())*(2*PI()/$P$5)^4*A10^-4)) -> 30863.918 | Q10: =$B$4*(B10^2)*($D$4^2*(2*PI())^4*A10^-5/4/PI()/$Q$5^4*EXP((-1/PI())*(2*PI()/$Q$5)^4*A10^-4)) -> 513779.43 | R10: =$B$4*(B10^2)*($D$4^2*(2*PI())^4*A10^-5/4/PI()/$R$5^4*EXP((-1/PI())*(2*PI()/$R$5)^4*A10^-4)) -> 3892065.4 | S10: =$B$4*(B10^2)*($D$4^2*(2*PI())^4*A10^-5/4/PI()/$S$5^4*EXP((-1/PI())*(2*PI()/$S$5)^4*A10^-4)) -> 17017992
A11: =Short_VBM_0!A11 -> 0.18390711 | B11: =VBM_RAO!N11 -> 392879.84 | D11: =$B$4*(B11^2)*($D$4^2*(2*PI())^4*A11^-5/4/PI()/$D$5^4*EXP((-1/PI())*(2*PI()/$D$5)^4*A11^-4)) -> 0 | E11: =$B$4*(B11^2)*($D$4^2*(2*PI())^4*A11^-5/4/PI()/$E$5^4*EXP((-1/PI())*(2*PI()/$E$5)^4*A11^-4)) -> 0 | F11: =$B$4*(B11^2)*($D$4^2*(2*PI())^4*A11^-5/4/PI()/$F$5^4*EXP((-1/PI())*(2*PI()/$F$5)^4*A11^-4)) -> 1.0211036e-194 | G11: =$B$4*(B11^2)*($D$4^2*(2*PI())^4*A11^-5/4/PI()/$G$5^4*EXP((-1/PI())*(2*PI()/$G$5)^4*A11^-4)) -> 1.0862912e-94 | H11: =$B$4*(B11^2)*($D$4^2*(2*PI())^4*A11^-5/4/PI()/$H$5^4*EXP((-1/PI())*(2*PI()/$H$5)^4*A11^-4)) -> 5.9340409e-49 | I11: =$B$4*(B11^2)*($D$4^2*(2*PI())^4*A11^-5/4/PI()/$I$5^4*EXP((-1/PI())*(2*PI()/$I$5)^4*A11^-4)) -> 1.0036072e-25 | J11: =$B$4*(B11^2)*($D$4^2*(2*PI())^4*A11^-5/4/PI()/$J$5^4*EXP((-1/PI())*(2*PI()/$J$5)^4*A11^-4)) -> 5.8301022e-13 | K11: =$B$4*(B11^2)*($D$4^2*(2*PI())^4*A11^-5/4/PI()/$K$5^4*EXP((-1/PI())*(2*PI()/$K$5)^4*A11^-4)) -> 1.6616863e-05 | L11: =$B$4*(B11^2)*($D$4^2*(2*PI())^4*A11^-5/4/PI()/$L$5^4*EXP((-1/PI())*(2*PI()/$L$5)^4*A11^-4)) -> 0.61529066 | M11: =$B$4*(B11^2)*($D$4^2*(2*PI())^4*A11^-5/4/PI()/$M$5^4*EXP((-1/PI())*(2*PI()/$M$5)^4*A11^-4)) -> 499.2834 | N11: =$B$4*(B11^2)*($D$4^2*(2*PI())^4*A11^-5/4/PI()/$N$5^4*EXP((-1/PI())*(2*PI()/$N$5)^4*A11^-4)) -> 40627.553 | O11: =$B$4*(B11^2)*($D$4^2*(2*PI())^4*A11^-5/4/PI()/$O$5^4*EXP((-1/PI())*(2*PI()/$O$5)^4*A11^-4)) -> 784261.2 | P11: =$B$4*(B11^2)*($D$4^2*(2*PI())^4*A11^-5/4/PI()/$P$5^4*EXP((-1/PI())*(2*PI()/$P$5)^4*A11^-4)) -> 5973836.2 | Q11: =$B$4*(B11^2)*($D$4^2*(2*PI())^4*A11^-5/4/PI()/$Q$5^4*EXP((-1/PI())*(2*PI()/$Q$5)^4*A11^-4)) -> 24527359 | R11: =$B$4*(B11^2)*($D$4^2*(2*PI())^4*A11^-5/4/PI()/$R$5^4*EXP((-1/PI())*(2*PI()/$R$5)^4*A11^-4)) -> 66121802 | S11: =$B$4*(B11^2)*($D$4^2*(2*PI())^4*A11^-5/4/PI()/$S$5^4*EXP((-1/PI())*(2*PI()/$S$5)^4*A11^-4)) -> 1.3306433e+08
A12: =Short_VBM_0!A12 -> 0.20951927 | B12: =VBM_RAO!N12 -> 194459.68 | D12: =$B$4*(B12^2)*($D$4^2*(2*PI())^4*A12^-5/4/PI()/$D$5^4*EXP((-1/PI())*(2*PI()/$D$5)^4*A12^-4)) -> 0 | E12: =$B$4*(B12^2)*($D$4^2*(2*PI())^4*A12^-5/4/PI()/$E$5^4*EXP((-1/PI())*(2*PI()/$E$5)^4*A12^-4)) -> 4.3884534e-262 | F12: =$B$4*(B12^2)*($D$4^2*(2*PI())^4*A12^-5/4/PI()/$F$5^4*EXP((-1/PI())*(2*PI()/$F$5)^4*A12^-4)) -> 5.7976294e-112 | G12: =$B$4*(B12^2)*($D$4^2*(2*PI())^4*A12^-5/4/PI()/$G$5^4*EXP((-1/PI())*(2*PI()/$G$5)^4*A12^-4)) -> 1.0516202e-52 | H12: =$B$4*(B12^2)*($D$4^2*(2*PI())^4*A12^-5/4/PI()/$H$5^4*EXP((-1/PI())*(2*PI()/$H$5)^4*A12^-4)) -> 1.177135e-25 | I12: =$B$4*(B12^2)*($D$4^2*(2*PI())^4*A12^-5/4/PI()/$I$5^4*EXP((-1/PI())*(2*PI()/$I$5)^4*A12^-4)) -> 5.900223e-12 | J12: =$B$4*(B12^2)*($D$4^2*(2*PI())^4*A12^-5/4/PI()/$J$5^4*EXP((-1/PI())*(2*PI()/$J$5)^4*A12^-4)) -> 0.00018586518 | K12: =$B$4*(B12^2)*($D$4^2*(2*PI())^4*A12^-5/4/PI()/$K$5^4*EXP((-1/PI())*(2*PI()/$K$5)^4*A12^-4)) -> 4.2053083 | L12: =$B$4*(B12^2)*($D$4^2*(2*PI())^4*A12^-5/4/PI()/$L$5^4*EXP((-1/PI())*(2*PI()/$L$5)^4*A12^-4)) -> 1868.4474 | M12: =$B$4*(B12^2)*($D$4^2*(2*PI())^4*A12^-5/4/PI()/$M$5^4*EXP((-1/PI())*(2*PI()/$M$5)^4*A12^-4)) -> 87010.805 | N12: =$B$4*(B12^2)*($D$4^2*(2*PI())^4*A12^-5/4/PI()/$N$5^4*EXP((-1/PI())*(2*PI()/$N$5)^4*A12^-4)) -> 1045463.1 | O12: =$B$4*(B12^2)*($D$4^2*(2*PI())^4*A12^-5/4/PI()/$O$5^4*EXP((-1/PI())*(2*PI()/$O$5)^4*A12^-4)) -> 5395401 | P12: =$B$4*(B12^2)*($D$4^2*(2*PI())^4*A12^-5/4/PI()/$P$5^4*EXP((-1/PI())*(2*PI()/$P$5)^4*A12^-4)) -> 16157654 | Q12: =$B$4*(B12^2)*($D$4^2*(2*PI())^4*A12^-5/4/PI()/$Q$5^4*EXP((-1/PI())*(2*PI()/$Q$5)^4*A12^-4)) -> 33756440 | R12: =$B$4*(B12^2)*($D$4^2*(2*PI())^4*A12^-5/4/PI()/$R$5^4*EXP((-1/PI())*(2*PI()/$R$5)^4*A12^-4)) -> 55268659 | S12: =$B$4*(B12^2)*($D$4^2*(2*PI())^4*A12^-5/4/PI()/$S$5^4*EXP((-1/PI())*(2*PI()/$S$5)^4*A12^-4)) -> 76477905
A13: =Short_VBM_0!A13 -> 0.23469797 | B13: =VBM_RAO!N13 -> 107329.07 | D13: =$B$4*(B13^2)*($D$4^2*(2*PI())^4*A13^-5/4/PI()/$D$5^4*EXP((-1/PI())*(2*PI()/$D$5)^4*A13^-4)) -> 0 | E13: =$B$4*(B13^2)*($D$4^2*(2*PI())^4*A13^-5/4/PI()/$E$5^4*EXP((-1/PI())*(2*PI()/$E$5)^4*A13^-4)) -> 2.3102488e-163 | F13: =$B$4*(B13^2)*($D$4^2*(2*PI())^4*A13^-5/4/PI()/$F$5^4*EXP((-1/PI())*(2*PI()/$F$5)^4*A13^-4)) -> 3.8183769e-68 | G13: =$B$4*(B13^2)*($D$4^2*(2*PI())^4*A13^-5/4/PI()/$G$5^4*EXP((-1/PI())*(2*PI()/$G$5)^4*A13^-4)) -> 1.2958572e-30 | H13: =$B$4*(B13^2)*($D$4^2*(2*PI())^4*A13^-5/4/PI()/$H$5^4*EXP((-1/PI())*(2*PI()/$H$5)^4*A13^-4)) -> 1.5896491e-13 | I13: =$B$4*(B13^2)*($D$4^2*(2*PI())^4*A13^-5/4/PI()/$I$5^4*EXP((-1/PI())*(2*PI()/$I$5)^4*A13^-4)) -> 6.6556741e-05 | J13: =$B$4*(B13^2)*($D$4^2*(2*PI())^4*A13^-5/4/PI()/$J$5^4*EXP((-1/PI())*(2*PI()/$J$5)^4*A13^-4)) -> 3.2738632 | K13: =$B$4*(B13^2)*($D$4^2*(2*PI())^4*A13^-5/4/PI()/$K$5^4*EXP((-1/PI())*(2*PI()/$K$5)^4*A13^-4)) -> 1649.4272 | L13: =$B$4*(B13^2)*($D$4^2*(2*PI())^4*A13^-5/4/PI()/$L$5^4*EXP((-1/PI())*(2*PI()/$L$5)^4*A13^-4)) -> 69386.888 | M13: =$B$4*(B13^2)*($D$4^2*(2*PI())^4*A13^-5/4/PI()/$M$5^4*EXP((-1/PI())*(2*PI()/$M$5)^4*A13^-4)) -> 704483.98 | N13: =$B$4*(B13^2)*($D$4^2*(2*PI())^4*A13^-5/4/PI()/$N$5^4*EXP((-1/PI())*(2*PI()/$N$5)^4*A13^-4)) -> 3053901.3 | O13: =$B$4*(B13^2)*($D$4^2*(2*PI())^4*A13^-5/4/PI()/$O$5^4*EXP((-1/PI())*(2*PI()/$O$5)^4*A13^-4)) -> 7802303.7 | P13: =$B$4*(B13^2)*($D$4^2*(2*PI())^4*A13^-5/4/PI()/$P$5^4*EXP((-1/PI())*(2*PI()/$P$5)^4*A13^-4)) -> 14206741 | Q13: =$B$4*(B13^2)*($D$4^2*(2*PI())^4*A13^-5/4/PI()/$Q$5^4*EXP((-1/PI())*(2*PI()/$Q$5)^4*A13^-4)) -> 20705780 | R13: =$B$4*(B13^2)*($D$4^2*(2*PI())^4*A13^-5/4/PI()/$R$5^4*EXP((-1/PI())*(2*PI()/$R$5)^4*A13^-4)) -> 25988995 | S13: =$B$4*(B13^2)*($D$4^2*(2*PI())^4*A13^-5/4/PI()/$S$5^4*EXP((-1/PI())*(2*PI()/$S$5)^4*A13^-4)) -> 29454728
A14: =Short_VBM_0!A14 -> 0.25944322 | B14: =VBM_RAO!N14 -> 216242.33 | D14: =$B$4*(B14^2)*($D$4^2*(2*PI())^4*A14^-5/4/PI()/$D$5^4*EXP((-1/PI())*(2*PI()/$D$5)^4*A14^-4)) -> 0 | E14: =$B$4*(B14^2)*($D$4^2*(2*PI())^4*A14^-5/4/PI()/$E$5^4*EXP((-1/PI())*(2*PI()/$E$5)^4*A14^-4)) -> 9.0146972e-106 | F14: =$B$4*(B14^2)*($D$4^2*(2*PI())^4*A14^-5/4/PI()/$F$5^4*EXP((-1/PI())*(2*PI()/$F$5)^4*A14^-4)) -> 4.0331717e-42 | G14: =$B$4*(B14^2)*($D$4^2*(2*PI())^4*A14^-5/4/PI()/$G$5^4*EXP((-1/PI())*(2*PI()/$G$5)^4*A14^-4)) -> 4.3992059e-17 | H14: =$B$4*(B14^2)*($D$4^2*(2*PI())^4*A14^-5/4/PI()/$H$5^4*EXP((-1/PI())*(2*PI()/$H$5)^4*A14^-4)) -> 1.0122067e-05 | I14: =$B$4*(B14^2)*($D$4^2*(2*PI())^4*A14^-5/4/PI()/$I$5^4*EXP((-1/PI())*(2*PI()/$I$5)^4*A14^-4)) -> 5.0975948 | J14: =$B$4*(B14^2)*($D$4^2*(2*PI())^4*A14^-5/4/PI()/$J$5^4*EXP((-1/PI())*(2*PI()/$J$5)^4*A14^-4)) -> 6103.7578 | K14: =$B$4*(B14^2)*($D$4^2*(2*PI())^4*A14^-5/4/PI()/$K$5^4*EXP((-1/PI())*(2*PI()/$K$5)^4*A14^-4)) -> 345007.17 | L14: =$B$4*(B14^2)*($D$4^2*(2*PI())^4*A14^-5/4/PI()/$L$5^4*EXP((-1/PI())*(2*PI()/$L$5)^4*A14^-4)) -> 3742409.2 | M14: =$B$4*(B14^2)*($D$4^2*(2*PI())^4*A14^-5/4/PI()/$M$5^4*EXP((-1/PI())*(2*PI()/$M$5)^4*A14^-4)) -> 15827118 | N14: =$B$4*(B14^2)*($D$4^2*(2*PI())^4*A14^-5/4/PI()/$N$5^4*EXP((-1/PI())*(2*PI()/$N$5)^4*A14^-4)) -> 38178241 | O14: =$B$4*(B14^2)*($D$4^2*(2*PI())^4*A14^-5/4/PI()/$O$5^4*EXP((-1/PI())*(2*PI()/$O$5)^4*A14^-4)) -> 65105505 | P14: =$B$4*(B14^2)*($D$4^2*(2*PI())^4*A14^-5/4/PI()/$P$5^4*EXP((-1/PI())*(2*PI()/$P$5)^4*A14^-4)) -> 89052821 | Q14: =$B$4*(B14^2)*($D$4^2*(2*PI())^4*A14^-5/4/PI()/$Q$5^4*EXP((-1/PI())*(2*PI()/$Q$5)^4*A14^-4)) -> 1.0551883e+08 | R14: =$B$4*(B14^2)*($D$4^2*(2*PI())^4*A14^-5/4/PI()/$R$5^4*EXP((-1/PI())*(2*PI()/$R$5)^4*A14^-4)) -> 1.1367425e+08 | S14: =$B$4*(B14^2)*($D$4^2*(2*PI())^4*A14^-5/4/PI()/$S$5^4*EXP((-1/PI())*(2*PI()/$S$5)^4*A14^-4)) -> 1.148636e+08
A15: =Short_VBM_0!A15 -> 0.28375501 | B15: =VBM_RAO!N15 -> 161983.72 | D15: =$B$4*(B15^2)*($D$4^2*(2*PI())^4*A15^-5/4/PI()/$D$5^4*EXP((-1/PI())*(2*PI()/$D$5)^4*A15^-4)) -> 2.7980046e-211 | E15: =$B$4*(B15^2)*($D$4^2*(2*PI())^4*A15^-5/4/PI()/$E$5^4*EXP((-1/PI())*(2*PI()/$E$5)^4*A15^-4)) -> 2.6970849e-71 | F15: =$B$4*(B15^2)*($D$4^2*(2*PI())^4*A15^-5/4/PI()/$F$5^4*EXP((-1/PI())*(2*PI()/$F$5)^4*A15^-4)) -> 6.4469387e-27 | G15: =$B$4*(B15^2)*($D$4^2*(2*PI())^4*A15^-5/4/PI()/$G$5^4*EXP((-1/PI())*(2*PI()/$G$5)^4*A15^-4)) -> 1.6597039e-09 | H15: =$B$4*(B15^2)*($D$4^2*(2*PI())^4*A15^-5/4/PI()/$H$5^4*EXP((-1/PI())*(2*PI()/$H$5)^4*A15^-4)) -> 0.12179694 | I15: =$B$4*(B15^2)*($D$4^2*(2*PI())^4*A15^-5/4/PI()/$I$5^4*EXP((-1/PI())*(2*PI()/$I$5)^4*A15^-4)) -> 1011.9837 | J15: =$B$4*(B15^2)*($D$4^2*(2*PI())^4*A15^-5/4/PI()/$J$5^4*EXP((-1/PI())*(2*PI()/$J$5)^4*A15^-4)) -> 125391.17 | K15: =$B$4*(B15^2)*($D$4^2*(2*PI())^4*A15^-5/4/PI()/$K$5^4*EXP((-1/PI())*(2*PI()/$K$5)^4*A15^-4)) -> 1864186.5 | L15: =$B$4*(B15^2)*($D$4^2*(2*PI())^4*A15^-5/4/PI()/$L$5^4*EXP((-1/PI())*(2*PI()/$L$5)^4*A15^-4)) -> 8840044 | M15: =$B$4*(B15^2)*($D$4^2*(2*PI())^4*A15^-5/4/PI()/$M$5^4*EXP((-1/PI())*(2*PI()/$M$5)^4*A15^-4)) -> 21902935 | N15: =$B$4*(B15^2)*($D$4^2*(2*PI())^4*A15^-5/4/PI()/$N$5^4*EXP((-1/PI())*(2*PI()/$N$5)^4*A15^-4)) -> 36940217 | O15: =$B$4*(B15^2)*($D$4^2*(2*PI())^4*A15^-5/4/PI()/$O$5^4*EXP((-1/PI())*(2*PI()/$O$5)^4*A15^-4)) -> 49217175 | P15: =$B$4*(B15^2)*($D$4^2*(2*PI())^4*A15^-5/4/PI()/$P$5^4*EXP((-1/PI())*(2*PI()/$P$5)^4*A15^-4)) -> 56532227 | Q15: =$B$4*(B15^2)*($D$4^2*(2*PI())^4*A15^-5/4/PI()/$Q$5^4*EXP((-1/PI())*(2*PI()/$Q$5)^4*A15^-4)) -> 59031614 | R15: =$B$4*(B15^2)*($D$4^2*(2*PI())^4*A15^-5/4/PI()/$R$5^4*EXP((-1/PI())*(2*PI()/$R$5)^4*A15^-4)) -> 57929515 | S15: =$B$4*(B15^2)*($D$4^2*(2*PI())^4*A15^-5/4/PI()/$S$5^4*EXP((-1/PI())*(2*PI()/$S$5)^4*A15^-4)) -> 54574443
A16: =Short_VBM_0!A16 -> 0.30763334 | B16: =VBM_RAO!N16 -> 136636.64 | D16: =$B$4*(B16^2)*($D$4^2*(2*PI())^4*A16^-5/4/PI()/$D$5^4*EXP((-1/PI())*(2*PI()/$D$5)^4*A16^-4)) -> 1.9251993e-150 | E16: =$B$4*(B16^2)*($D$4^2*(2*PI())^4*A16^-5/4/PI()/$E$5^4*EXP((-1/PI())*(2*PI()/$E$5)^4*A16^-4)) -> 3.0866106e-49 | F16: =$B$4*(B16^2)*($D$4^2*(2*PI())^4*A16^-5/4/PI()/$F$5^4*EXP((-1/PI())*(2*PI()/$F$5)^4*A16^-4)) -> 3.2806728e-17 | G16: =$B$4*(B16^2)*($D$4^2*(2*PI())^4*A16^-5/4/PI()/$G$5^4*EXP((-1/PI())*(2*PI()/$G$5)^4*A16^-4)) -> 0.00010922058 | H16: =$B$4*(B16^2)*($D$4^2*(2*PI())^4*A16^-5/4/PI()/$H$5^4*EXP((-1/PI())*(2*PI()/$H$5)^4*A16^-4)) -> 46.032624 | I16: =$B$4*(B16^2)*($D$4^2*(2*PI())^4*A16^-5/4/PI()/$I$5^4*EXP((-1/PI())*(2*PI()/$I$5)^4*A16^-4)) -> 27550.132 | J16: =$B$4*(B16^2)*($D$4^2*(2*PI())^4*A16^-5/4/PI()/$J$5^4*EXP((-1/PI())*(2*PI()/$J$5)^4*A16^-4)) -> 797666.48 | K16: =$B$4*(B16^2)*($D$4^2*(2*PI())^4*A16^-5/4/PI()/$K$5^4*EXP((-1/PI())*(2*PI()/$K$5)^4*A16^-4)) -> 5038534.6 | L16: =$B$4*(B16^2)*($D$4^2*(2*PI())^4*A16^-5/4/PI()/$L$5^4*EXP((-1/PI())*(2*PI()/$L$5)^4*A16^-4)) -> 14058832 | M16: =$B$4*(B16^2)*($D$4^2*(2*PI())^4*A16^-5/4/PI()/$M$5^4*EXP((-1/PI())*(2*PI()/$M$5)^4*A16^-4)) -> 24727124 | N16: =$B$4*(B16^2)*($D$4^2*(2*PI())^4*A16^-5/4/PI()/$N$5^4*EXP((-1/PI())*(2*PI()/$N$5)^4*A16^-4)) -> 33155894 | O16: =$B$4*(B16^2)*($D$4^2*(2*PI())^4*A16^-5/4/PI()/$O$5^4*EXP((-1/PI())*(2*PI()/$O$5)^4*A16^-4)) -> 37712141 | P16: =$B$4*(B16^2)*($D$4^2*(2*PI())^4*A16^-5/4/PI()/$P$5^4*EXP((-1/PI())*(2*PI()/$P$5)^4*A16^-4)) -> 38729901 | Q16: =$B$4*(B16^2)*($D$4^2*(2*PI())^4*A16^-5/4/PI()/$Q$5^4*EXP((-1/PI())*(2*PI()/$Q$5)^4*A16^-4)) -> 37295154 | R16: =$B$4*(B16^2)*($D$4^2*(2*PI())^4*A16^-5/4/PI()/$R$5^4*EXP((-1/PI())*(2*PI()/$R$5)^4*A16^-4)) -> 34474624 | S16: =$B$4*(B16^2)*($D$4^2*(2*PI())^4*A16^-5/4/PI()/$S$5^4*EXP((-1/PI())*(2*PI()/$S$5)^4*A16^-4)) -> 31051684
A17: =Short_VBM_0!A17 -> 0.33107822 | B17: =VBM_RAO!N17 -> 146537.84 | D17: =$B$4*(B17^2)*($D$4^2*(2*PI())^4*A17^-5/4/PI()/$D$5^4*EXP((-1/PI())*(2*PI()/$D$5)^4*A17^-4)) -> 9.8518062e-110 | E17: =$B$4*(B17^2)*($D$4^2*(2*PI())^4*A17^-5/4/PI()/$E$5^4*EXP((-1/PI())*(2*PI()/$E$5)^4*A17^-4)) -> 2.1104444e-34 | F17: =$B$4*(B17^2)*($D$4^2*(2*PI())^4*A17^-5/4/PI()/$F$5^4*EXP((-1/PI())*(2*PI()/$F$5)^4*A17^-4)) -> 1.2863801e-10 | G17: =$B$4*(B17^2)*($D$4^2*(2*PI())^4*A17^-5/4/PI()/$G$5^4*EXP((-1/PI())*(2*PI()/$G$5)^4*A17^-4)) -> 0.23448552 | H17: =$B$4*(B17^2)*($D$4^2*(2*PI())^4*A17^-5/4/PI()/$H$5^4*EXP((-1/PI())*(2*PI()/$H$5)^4*A17^-4)) -> 3160.3936 | I17: =$B$4*(B17^2)*($D$4^2*(2*PI())^4*A17^-5/4/PI()/$I$5^4*EXP((-1/PI())*(2*PI()/$I$5)^4*A17^-4)) -> 326974.78 | J17: =$B$4*(B17^2)*($D$4^2*(2*PI())^4*A17^-5/4/PI()/$J$5^4*EXP((-1/PI())*(2*PI()/$J$5)^4*A17^-4)) -> 3588658 | K17: =$B$4*(B17^2)*($D$4^2*(2*PI())^4*A17^-5/4/PI()/$K$5^4*EXP((-1/PI())*(2*PI()/$K$5)^4*A17^-4)) -> 12805100 | L17: =$B$4*(B17^2)*($D$4^2*(2*PI())^4*A17^-5/4/PI()/$L$5^4*EXP((-1/PI())*(2*PI()/$L$5)^4*A17^-4)) -> 25081518 | M17: =$B$4*(B17^2)*($D$4^2*(2*PI())^4*A17^-5/4/PI()/$M$5^4*EXP((-1/PI())*(2*PI()/$M$5)^4*A17^-4)) -> 35097822 | N17: =$B$4*(B17^2)*($D$4^2*(2*PI())^4*A17^-5/4/PI()/$N$5^4*EXP((-1/PI())*(2*PI()/$N$5)^4*A17^-4)) -> 40383648 | O17: =$B$4*(B17^2)*($D$4^2*(2*PI())^4*A17^-5/4/PI()/$O$5^4*EXP((-1/PI())*(2*PI()/$O$5)^4*A17^-4)) -> 41332351 | P17: =$B$4*(B17^2)*($D$4^2*(2*PI())^4*A17^-5/4/PI()/$P$5^4*EXP((-1/PI())*(2*PI()/$P$5)^4*A17^-4)) -> 39392990 | Q17: =$B$4*(B17^2)*($D$4^2*(2*PI())^4*A17^-5/4/PI()/$Q$5^4*EXP((-1/PI())*(2*PI()/$Q$5)^4*A17^-4)) -> 35937716 | R17: =$B$4*(B17^2)*($D$4^2*(2*PI())^4*A17^-5/4/PI()/$R$5^4*EXP((-1/PI())*(2*PI()/$R$5)^4*A17^-4)) -> 31920610 | S17: =$B$4*(B17^2)*($D$4^2*(2*PI())^4*A17^-5/4/PI()/$S$5^4*EXP((-1/PI())*(2*PI()/$S$5)^4*A17^-4)) -> 27902522
... A46: =Short_VBM_0!A46 -> 0.82242642 | B46: =VBM_RAO!N46 -> 11089.35 | D46: =$B$4*(B46^2)*($D$4^2*(2*PI())^4*A46^-5/4/PI()/$D$5^4*EXP((-1/PI())*(2*PI()/$D$5)^4*A46^-4)) -> 1364.3776 | E46: =$B$4*(B46^2)*($D$4^2*(2*PI())^4*A46^-5/4/PI()/$E$5^4*EXP((-1/PI())*(2*PI()/$E$5)^4*A46^-4)) -> 48774.243 | F46: =$B$4*(B46^2)*($D$4^2*(2*PI())^4*A46^-5/4/PI()/$F$5^4*EXP((-1/PI())*(2*PI()/$F$5)^4*A46^-4)) -> 94057.992 | G46: =$B$4*(B46^2)*($D$4^2*(2*PI())^4*A46^-5/4/PI()/$G$5^4*EXP((-1/PI())*(2*PI()/$G$5)^4*A46^-4)) -> 85906.055 | H46: =$B$4*(B46^2)*($D$4^2*(2*PI())^4*A46^-5/4/PI()/$H$5^4*EXP((-1/PI())*(2*PI()/$H$5)^4*A46^-4)) -> 63155.995 | I46: =$B$4*(B46^2)*($D$4^2*(2*PI())^4*A46^-5/4/PI()/$I$5^4*EXP((-1/PI())*(2*PI()/$I$5)^4*A46^-4)) -> 43813.398 | J46: =$B$4*(B46^2)*($D$4^2*(2*PI())^4*A46^-5/4/PI()/$J$5^4*EXP((-1/PI())*(2*PI()/$J$5)^4*A46^-4)) -> 30254.254 | K46: =$B$4*(B46^2)*($D$4^2*(2*PI())^4*A46^-5/4/PI()/$K$5^4*EXP((-1/PI())*(2*PI()/$K$5)^4*A46^-4)) -> 21183.534 | L46: =$B$4*(B46^2)*($D$4^2*(2*PI())^4*A46^-5/4/PI()/$L$5^4*EXP((-1/PI())*(2*PI()/$L$5)^4*A46^-4)) -> 15128.033 | M46: =$B$4*(B46^2)*($D$4^2*(2*PI())^4*A46^-5/4/PI()/$M$5^4*EXP((-1/PI())*(2*PI()/$M$5)^4*A46^-4)) -> 11029.865 | N46: =$B$4*(B46^2)*($D$4^2*(2*PI())^4*A46^-5/4/PI()/$N$5^4*EXP((-1/PI())*(2*PI()/$N$5)^4*A46^-4)) -> 8203.2583 | O46: =$B$4*(B46^2)*($D$4^2*(2*PI())^4*A46^-5/4/PI()/$O$5^4*EXP((-1/PI())*(2*PI()/$O$5)^4*A46^-4)) -> 6214.0455 | P46: =$B$4*(B46^2)*($D$4^2*(2*PI())^4*A46^-5/4/PI()/$P$5^4*EXP((-1/PI())*(2*PI()/$P$5)^4*A46^-4)) -> 4786.4568 | Q46: =$B$4*(B46^2)*($D$4^2*(2*PI())^4*A46^-5/4/PI()/$Q$5^4*EXP((-1/PI())*(2*PI()/$Q$5)^4*A46^-4)) -> 3742.9191 | R46: =$B$4*(B46^2)*($D$4^2*(2*PI())^4*A46^-5/4/PI()/$R$5^4*EXP((-1/PI())*(2*PI()/$R$5)^4*A46^-4)) -> 2967.0612 | S46: =$B$4*(B46^2)*($D$4^2*(2*PI())^4*A46^-5/4/PI()/$S$5^4*EXP((-1/PI())*(2*PI()/$S$5)^4*A46^-4)) -> 2381.1819
C47: sum | D47: =SUM(D6:D46) -> 4744.8663 | E47: =SUM(E6:E46) -> 434822.63 | F47: =SUM(F6:F46) -> 1641934.7 | G47: =SUM(G6:G46) -> 4614310.3 | H47: =SUM(H6:H46) -> 12793966 | I47: =SUM(I6:I46) -> 27827291 | J47: =SUM(J6:J46) -> 50360364 | K47: =SUM(K6:K46) -> 81104047 | ... S47: =SUM(S6:S46) -> 5.1321612e+08
A48: w0 | B48: =A51-A50 -> 0.027779436 | C48: Hs | D48: 1.5
A49: w | B49: RAO(0) | C49: Tz | D49: 3.5 | E49: 4.5 | F49: 5.5 | G49: 6.5 | H49: 7.5 | I49: 8.5 | J49: 9.5 | K49: 10.5 | L49: 11.5 | M49: 12.5 | N49: 13.5 | O49: 14.5 | P49: 15.5 | Q49: 16.5 | R49: 17.5 | S49: 18.5
A50: =A6 -> 0.04934449 | B50: =B6 -> 52278.365 | D50: =$B$4*(B50^2)*($D$48^2*(2*PI())^4*A50^-5/4/PI()/$D$5^4*EXP((-1/PI())*(2*PI()/$D$5)^4*A50^-4)) -> 0 | E50: =$B$4*(B50^2)*($D$48^2*(2*PI())^4*A50^-5/4/PI()/$E$5^4*EXP((-1/PI())*(2*PI()/$E$5)^4*A50^-4)) -> 0 | F50: =$B$4*(B50^2)*($D$48^2*(2*PI())^4*A50^-5/4/PI()/$F$5^4*EXP((-1/PI())*(2*PI()/$F$5)^4*A50^-4)) -> 0 | G50: =$B$4*(B50^2)*($D$48^2*(2*PI())^4*A50^-5/4/PI()/$G$5^4*EXP((-1/PI())*(2*PI()/$G$5)^4*A50^-4)) -> 0 | H50: =$B$4*(B50^2)*($D$48^2*(2*PI())^4*A50^-5/4/PI()/$H$5^4*EXP((-1/PI())*(2*PI()/$H$5)^4*A50^-4)) -> 0 | I50: =$B$4*(B50^2)*($D$48^2*(2*PI())^4*A50^-5/4/PI()/$I$5^4*EXP((-1/PI())*(2*PI()/$I$5)^4*A50^-4)) -> 0 | J50: =$B$4*(B50^2)*($D$48^2*(2*PI())^4*A50^-5/4/PI()/$J$5^4*EXP((-1/PI())*(2*PI()/$J$5)^4*A50^-4)) -> 0 | K50: =$B$4*(B50^2)*($D$48^2*(2*PI())^4*A50^-5/4/PI()/$K$5^4*EXP((-1/PI())*(2*PI()/$K$5)^4*A50^-4)) -> 0 | L50: =$B$4*(B50^2)*($D$48^2*(2*PI())^4*A50^-5/4/PI()/$L$5^4*EXP((-1/PI())*(2*PI()/$L$5)^4*A50^-4)) -> 0 | M50: =$B$4*(B50^2)*($D$48^2*(2*PI())^4*A50^-5/4/PI()/$M$5^4*EXP((-1/PI())*(2*PI()/$M$5)^4*A50^-4)) -> 0 | N50: =$B$4*(B50^2)*($D$48^2*(2*PI())^4*A50^-5/4/PI()/$N$5^4*EXP((-1/PI())*(2*PI()/$N$5)^4*A50^-4)) -> 0 | O50: =$B$4*(B50^2)*($D$48^2*(2*PI())^4*A50^-5/4/PI()/$O$5^4*EXP((-1/PI())*(2*PI()/$O$5)^4*A50^-4)) -> 0 | P50: =$B$4*(B50^2)*($D$48^2*(2*PI())^4*A50^-5/4/PI()/$P$5^4*EXP((-1/PI())*(2*PI()/$P$5)^4*A50^-4)) -> 0 | Q50: =$B$4*(B50^2)*($D$48^2*(2*PI())^4*A50^-5/4/PI()/$Q$5^4*EXP((-1/PI())*(2*PI()/$Q$5)^4*A50^-4)) -> 0 | R50: =$B$4*(B50^2)*($D$48^2*(2*PI())^4*A50^-5/4/PI()/$R$5^4*EXP((-1/PI())*(2*PI()/$R$5)^4*A50^-4)) -> 0 | S50: =$B$4*(B50^2)*($D$48^2*(2*PI())^4*A50^-5/4/PI()/$S$5^4*EXP((-1/PI())*(2*PI()/$S$5)^4*A50^-4)) -> 3.4737189e-299
A51: =A7 -> 0.077123926 | B51: =B7 -> 125943.33 | D51: =$B$4*(B51^2)*($D$48^2*(2*PI())^4*A51^-5/4/PI()/$D$5^4*EXP((-1/PI())*(2*PI()/$D$5)^4*A51^-4)) -> 0 | E51: =$B$4*(B51^2)*($D$48^2*(2*PI())^4*A51^-5/4/PI()/$E$5^4*EXP((-1/PI())*(2*PI()/$E$5)^4*A51^-4)) -> 0 | F51: =$B$4*(B51^2)*($D$48^2*(2*PI())^4*A51^-5/4/PI()/$F$5^4*EXP((-1/PI())*(2*PI()/$F$5)^4*A51^-4)) -> 0 | G51: =$B$4*(B51^2)*($D$48^2*(2*PI())^4*A51^-5/4/PI()/$G$5^4*EXP((-1/PI())*(2*PI()/$G$5)^4*A51^-4)) -> 0 | H51: =$B$4*(B51^2)*($D$48^2*(2*PI())^4*A51^-5/4/PI()/$H$5^4*EXP((-1/PI())*(2*PI()/$H$5)^4*A51^-4)) -> 0 | I51: =$B$4*(B51^2)*($D$48^2*(2*PI())^4*A51^-5/4/PI()/$I$5^4*EXP((-1/PI())*(2*PI()/$I$5)^4*A51^-4)) -> 0 | J51: =$B$4*(B51^2)*($D$48^2*(2*PI())^4*A51^-5/4/PI()/$J$5^4*EXP((-1/PI())*(2*PI()/$J$5)^4*A51^-4)) -> 0 | K51: =$B$4*(B51^2)*($D$48^2*(2*PI())^4*A51^-5/4/PI()/$K$5^4*EXP((-1/PI())*(2*PI()/$K$5)^4*A51^-4)) -> 0 | L51: =$B$4*(B51^2)*($D$48^2*(2*PI())^4*A51^-5/4/PI()/$L$5^4*EXP((-1/PI())*(2*PI()/$L$5)^4*A51^-4)) -> 0 | M51: =$B$4*(B51^2)*($D$48^2*(2*PI())^4*A51^-5/4/PI()/$M$5^4*EXP((-1/PI())*(2*PI()/$M$5)^4*A51^-4)) -> 6.779729e-238 | N51: =$B$4*(B51^2)*($D$48^2*(2*PI())^4*A51^-5/4/PI()/$N$5^4*EXP((-1/PI())*(2*PI()/$N$5)^4*A51^-4)) -> 6.1707432e-172 | O51: =$B$4*(B51^2)*($D$48^2*(2*PI())^4*A51^-5/4/PI()/$O$5^4*EXP((-1/PI())*(2*PI()/$O$5)^4*A51^-4)) -> 1.768626e-126 | P51: =$B$4*(B51^2)*($D$48^2*(2*PI())^4*A51^-5/4/PI()/$P$5^4*EXP((-1/PI())*(2*PI()/$P$5)^4*A51^-4)) -> 2.443924e-94 | Q51: =$B$4*(B51^2)*($D$48^2*(2*PI())^4*A51^-5/4/PI()/$Q$5^4*EXP((-1/PI())*(2*PI()/$Q$5)^4*A51^-4)) -> 4.2039841e-71 | R51: =$B$4*(B51^2)*($D$48^2*(2*PI())^4*A51^-5/4/PI()/$R$5^4*EXP((-1/PI())*(2*PI()/$R$5)^4*A51^-4)) -> 5.6454601e-54 | S51: =$B$4*(B51^2)*($D$48^2*(2*PI())^4*A51^-5/4/PI()/$S$5^4*EXP((-1/PI())*(2*PI()/$S$5)^4*A51^-4)) -> 3.9468603e-41
